id,align,source_domain,gold_sentence,simhuman_sentence
1801-s0004,ellipsis_truncation,人工智能招聘,（4）负责参与公司无人机飞控系统技术项目开发策划、总体方案论证、技术设计,（4）负责参与公司无人机飞控系统技术项目开发策划、总体方案论证、技术设...
1836-s0000,gold_substring_of_sim,人工智能招聘,岗位职责： 1、8年以上的软件行业研发经验，4年以上项目管理经验、技术管理或研发管理工作经验；,百度搜索马 克 数 据 网 岗位职责： 1、8年以上的软件行业研发经验，4年以上项目管理经验、技术管理或研发管理工作经验；
1987-s0030,id_text_mismatch,事业单位招聘,陈述申辩时间为开始报名时间至8月21日下午16:00。, （2）应聘人员须同时具有相应学历和学位证书，且学历证书上的毕业专业与应聘专业相一致。
1987-s0031,id_text_mismatch,事业单位招聘, 报名采用邮箱报名方式，应聘人员填写《南通开放大学公开招聘工作人员报名登记表》（附件3），连同以下材料电子版打包发送至邮箱：ntkdrsc@126.com，邮件主题为：岗位代码+姓名+专业，应聘人员每次限报一个岗位。, （2）应聘人员须同时具有相应学历和学位证书，且学历证书上的毕业专业与应聘专业相一致。
1988-s0012,id_text_mismatch,事业单位招聘,普通高等学历教育（非在职）应届毕业生须于2023年7月31日前毕业取得学历（学位）；,3.具有国家承认的大学专科及以上学历的毕业生。
1988-s0013,id_text_mismatch,事业单位招聘,留学回国人员须于2023年7月31日前取得国（境）外学位并完成教育部留学服务中心学历认证。,3.具有国家承认的大学专科及以上学历的毕业生。
1988-s0051,id_text_mismatch,事业单位招聘,报名考务费减免对象和办法。,（2）“退役大学生士兵”是指以下两类人员：一是具有涿鹿县户籍且从涿鹿县应征入伍，入伍前即取得普通高等教育全日制大学专科及以上学历的退役士兵；
1988-s0052,id_text_mismatch,事业单位招聘,享受建档立卡脱贫家庭的考生和城乡低保家庭的考生，先在网上交费，待考试结束后7个工作日内考生到涿鹿县人力资源和社会保障局事业单位管理科审核并办理减免考试报名考务费用的退费手续。,二是具有涿鹿县户籍且大学期间从涿鹿县应征入伍、服役期满退出现役后复学，取得普通高等教育全日制大学专科以上学历的退役士兵；
1988-s0053,id_text_mismatch,事业单位招聘,审核确定符合减免条件的考生，所退费用退回原交费账户。,二是具有涿鹿县户籍且大学期间从涿鹿县应征入伍、服役期满退出现役后复学，取得普通高等教育全日制大学专科以上学历的退役士兵；
1990-s0002,id_text_mismatch,事业单位招聘,1高校毕业生、留学回国人员、博士后出站人员、社会在职人员等水产及生物类相关专业研究生博士35周岁以下5鱼类遗传育种从事鲤科鱼类实验鱼繁殖、养殖工作，在宽甸基地一线负责基地管理、科研工作1高校毕业生、留学回国人员、博士后出站人员、社会在职人员等水产及生物类相关专业研究生硕士及以上35周岁以下6冷水性鱼类养殖在渤海水产实验站开展工作，主要从事冷水性鱼增养殖及实验鱼苗种培育等工作1高校毕业生、留学回国人员、博士后出站人员、社会在职人员等水产及生物类相关专业本科及以上学士及以上35周岁以下7鲑鳟营养与饲料研究科研人员开展饲料添加剂研发、肠道健康与免疫学及抗应激机理研究1高校毕业生、留学回国人员、博士后出站人员、社会在职人员等水产及生物类相关专业研究生博士35周岁以下8林蛙种质资源与遗传育种主要从事东北林蛙种质资源、遗传育种及养殖技术研究1高校毕业生、留学回国人员、博士后出站人员、社会在职人员等水产及生物类相关专业研究生硕士及以上35周岁以下9基地技术员负责基地鱼类养殖、繁殖和驯化等工作，并负责鱼类饲喂；,为加强人才队伍建设，优化岗位结构，现将2023年度第二批招聘岗位公告如下：一、招聘岗位及要求：共11个岗位（11人），具体要求详见下表：序号岗位名称岗位简介招聘人数招聘范围专业学历要求学位要求年龄要求4鱼类遗传育种利用遗传学分析方法，从事鲤科鱼类分析、品种选育工作。
1990-s0004,id_text_mismatch,事业单位招聘,（二）热爱渔业，爱岗敬业，事业心和责任感强，具有良好的团队协作和开拓创新精神；,1高校毕业生、留学回国人员、博士后出站人员、社会在职人员等水产及生物类相关专业研究生博士35周岁以下5鱼类遗传育种从事鲤科鱼类实验鱼繁殖、养殖工作，在宽甸基地一线负责基地管理、科研工作1高校毕业生、留学回国人员、博士后出站人员、社会在职人员等水产及生物类相关专业研究生硕士及以上35周岁以下6冷水性鱼类养殖在渤海水产实验站开展工作，主要从事冷水性鱼增养殖及实验鱼苗种培育等工作1高校毕业生、留学回国人员、博士后出站人员、社会在职人员等水产及生物类相关专业本科及以上学士及以上35周岁以下7鲑鳟营养与饲料研究科研人员开展饲料添加剂研发、肠道健康与免疫学及抗应激机理研究1高校毕业生、留学回国人员、博士后出站人员、社会在职人员等水产及生物类相关专业研究生博士35周岁以下8林蛙种质资源与遗传育种主要从事东北林蛙种质资源、遗传育种及养殖技术研究1高校毕业生、留学回国人员、博士后出站人员、社会在职人员等水产及生物类相关专业研究生硕士及以上35周岁以下9基地技术员负责基地鱼类养殖、繁殖和驯化等工作，并负责鱼类饲喂；
1990-s0005,id_text_mismatch,事业单位招聘,（三）学习成绩优良或具有较为丰富的相关工作经验；,1高校毕业生、留学回国人员、博士后出站人员、社会在职人员等水产及生物类相关专业研究生博士35周岁以下5鱼类遗传育种从事鲤科鱼类实验鱼繁殖、养殖工作，在宽甸基地一线负责基地管理、科研工作1高校毕业生、留学回国人员、博士后出站人员、社会在职人员等水产及生物类相关专业研究生硕士及以上35周岁以下6冷水性鱼类养殖在渤海水产实验站开展工作，主要从事冷水性鱼增养殖及实验鱼苗种培育等工作1高校毕业生、留学回国人员、博士后出站人员、社会在职人员等水产及生物类相关专业本科及以上学士及以上35周岁以下7鲑鳟营养与饲料研究科研人员开展饲料添加剂研发、肠道健康与免疫学及抗应激机理研究1高校毕业生、留学回国人员、博士后出站人员、社会在职人员等水产及生物类相关专业研究生博士35周岁以下8林蛙种质资源与遗传育种主要从事东北林蛙种质资源、遗传育种及养殖技术研究1高校毕业生、留学回国人员、博士后出站人员、社会在职人员等水产及生物类相关专业研究生硕士及以上35周岁以下9基地技术员负责基地鱼类养殖、繁殖和驯化等工作，并负责鱼类饲喂；
1990-s0006,id_text_mismatch,事业单位招聘,（四）身体健康，具有履行岗位职责的身体条件和心理素质；,负责车间鲟鳇鱼的驯化、苗种培育等工作1高校毕业生、留学回国人员、博士后出站人员、社会在职人员等水产、生物学、管理学及相关专业本科及以上无35周岁以下10水生动物病害防控病毒病防控技术研究，从事IHN及IPN等病毒病疫苗产业化技术研究1高校毕业生、留学回国人员、博士后出站人员、社会在职人员等水产及生物类相关专业研究生博士35周岁以下12水产遗传育种与生物技术研究室鲑鳟遗传育种及经济性状遗传解析从事鲑鳟鱼类遗传育种、基因编辑育种、经济性状遗传解析、基因信息挖掘及功能验证等相关研究工作1高校毕业生、留学回国人员、博士后出站人员、社会在职人员等水产及生物类相关专业研究生硕士及以上35周岁以下13水产品质量安全与标准研究从事水产品质量安全与标准、风险评估与防控、品质评价与加工技术研究1高校毕业生、留学回国人员、博士后出站人员、社会在职人员等食品质量与安全、分析化学及相关专业研究生博士35周岁以下15鲟鳇鱼新品种及健康养殖技术的研发与推广从事鲟鳇鱼新品种、新兴养殖模式的开发、利用与推广等相关工作1高校毕业生、留学回国人员、博士后出站人员、社会在职人员等水产及生物类相关专业研究生硕士及以上35周岁以下16工业化养殖和生态工程负责工厂化循环水及池塘养殖设施装备研发等1高校毕业生、留学回国人员、博士后出站人员、社会在职人员等机械自动化及渔业工程等相关专业研究生硕士及以上35周岁以下二、应聘条件（一）具有中华人民共和国国籍，遵守宪法和法律，政治素质高，思想品德好；
1990-s0007,id_text_mismatch,事业单位招聘,（五）具备应聘岗位所需的专业、技能等相关条件。,负责车间鲟鳇鱼的驯化、苗种培育等工作1高校毕业生、留学回国人员、博士后出站人员、社会在职人员等水产、生物学、管理学及相关专业本科及以上无35周岁以下10水生动物病害防控病毒病防控技术研究，从事IHN及IPN等病毒病疫苗产业化技术研究1高校毕业生、留学回国人员、博士后出站人员、社会在职人员等水产及生物类相关专业研究生博士35周岁以下12水产遗传育种与生物技术研究室鲑鳟遗传育种及经济性状遗传解析从事鲑鳟鱼类遗传育种、基因编辑育种、经济性状遗传解析、基因信息挖掘及功能验证等相关研究工作1高校毕业生、留学回国人员、博士后出站人员、社会在职人员等水产及生物类相关专业研究生硕士及以上35周岁以下13水产品质量安全与标准研究从事水产品质量安全与标准、风险评估与防控、品质评价与加工技术研究1高校毕业生、留学回国人员、博士后出站人员、社会在职人员等食品质量与安全、分析化学及相关专业研究生博士35周岁以下15鲟鳇鱼新品种及健康养殖技术的研发与推广从事鲟鳇鱼新品种、新兴养殖模式的开发、利用与推广等相关工作1高校毕业生、留学回国人员、博士后出站人员、社会在职人员等水产及生物类相关专业研究生硕士及以上35周岁以下16工业化养殖和生态工程负责工厂化循环水及池塘养殖设施装备研发等1高校毕业生、留学回国人员、博士后出站人员、社会在职人员等机械自动化及渔业工程等相关专业研究生硕士及以上35周岁以下二、应聘条件（一）具有中华人民共和国国籍，遵守宪法和法律，政治素质高，思想品德好；
1990-s0008,id_text_mismatch,事业单位招聘,三、招聘程序（一）报名：请报名者在9月1日前上网填写信息登记表（https://f.wps.cn/w/x1D1tjkT/或在文末扫码），并下载填写《黑龙江水产研究所2023年度公开招聘工作人员简历》（附件1），将电子版发至招聘邮箱hljzhaopin@hrfri.ac.cn。,（二）热爱渔业，爱岗敬业，事业心和责任感强，具有良好的团队协作和开拓创新精神；
1990-s0009,id_text_mismatch,事业单位招聘,（二）资格审查：对报名人员的应聘资格条件进行审查。,（二）热爱渔业，爱岗敬业，事业心和责任感强，具有良好的团队协作和开拓创新精神；
1990-s0022,id_text_mismatch,事业单位招聘,（三）在条件允许下为在哈无住房的单身职工提供临时性的宿舍。,（三）考试：当审查合格人选满足招考条件时，开始考试，考试内容包括笔试和面试，主要测试招聘岗位所需的专业知识、业务能力、工作技能、英语水平、写作能力等。
1990-s0023,id_text_mismatch,事业单位招聘,（四）符合《新时代龙江人才振兴60条》政策的人才，协助申请A、B、C、D、E类人才300万元、150万元、70万元、35万元、15万元安家补贴。,（三）考试：当审查合格人选满足招考条件时，开始考试，考试内容包括笔试和面试，主要测试招聘岗位所需的专业知识、业务能力、工作技能、英语水平、写作能力等。
1991-s0006,id_text_mismatch,事业单位招聘,3.具有良好的品行和职业道德;,具有海南省户籍或生源地为海南省的全日制大专以上学历的临床医学、中医学类、中西医结合类等医学专业2023年应届毕业生(含尚在择业期内未落实工作单位的2021年、2022年毕业生，不含村医定单定向生)。
1991-s0007,id_text_mismatch,事业单位招聘,4.身体健康，具有正常履行岗位职责的身体条件;,具有海南省户籍或生源地为海南省的全日制大专以上学历的临床医学、中医学类、中西医结合类等医学专业2023年应届毕业生(含尚在择业期内未落实工作单位的2021年、2022年毕业生，不含村医定单定向生)。
1992-s0004,id_text_mismatch,事业单位招聘,二、待遇待遇面议。,3、水暖工：要求相关专业中专及以上学历，有中央空调维修工作经验。
1992-s0005,id_text_mismatch,事业单位招聘,用工方式为劳务派遣。,3、水暖工：要求相关专业中专及以上学历，有中央空调维修工作经验。
1996-s0014,id_text_mismatch,事业单位招聘,四、考核及待遇1.考核及待遇参照西北工业大学非事业编制人员有关规定执行。,二、应聘条件安保员：1.政治立场坚定，遵纪守法、品行端正、沉着冷静、责任心强，学习能力强，具有良好的职业道德操守、团队合作精神及沟通协调能力。
1996-s0015,id_text_mismatch,事业单位招聘,2.岗位工作地点：西北工业大学友谊校区（西安市友谊西路127号）西北工业大学长安校区（西安市长安区东祥路1号）高科工程园区（西安市高新区沣惠南路34号院内）3.安全保卫岗试用期6个月，首次聘期3年。,二、应聘条件安保员：1.政治立场坚定，遵纪守法、品行端正、沉着冷静、责任心强，学习能力强，具有良好的职业道德操守、团队合作精神及沟通协调能力。
1999-s0012,id_text_mismatch,事业单位招聘,（七）具有以下情形的人员不得报考：1.儋州市卫生健康系统在编在岗人员;,（三）具备职位所需的专业知识和技能条件，适应职位要求的身体条件，以及具备职位需要的其他条件；
1999-s0013,id_text_mismatch,事业单位招聘,2.尚未解除党纪、政纪处分或正在接受纪律审查的;,（三）具备职位所需的专业知识和技能条件，适应职位要求的身体条件，以及具备职位需要的其他条件；
