n,cross_split,locations,text_preview
2,0,train:4-s0008|train:456-s0006,4、优秀应届毕业生亦可。
104,1,train:4-s0009|train:27-s0009|train:37-s0006|train:38-s0014|train:42-s0013|train:79-s0002|train:199-s0014|train:203-s0017|train:214-s0004|train:217-s0024|train:259-s0014|train:273-s0007,。
19,1,train:4-s0010|train:430-s0014|train:474-s0015|train:533-s0005|train:565-s0004|train:712-s0012|train:807-s0013|train:1164-s0005|train:1317-s0011|train:1396-s0014|train:1477-s0006|train:1489-s0017,马 克 数 据 网
14,1,train:5-s0010|train:244-s0014|train:815-s0005|train:1189-s0011|train:1458-s0010|train:1485-s0011|train:1514-s0012|dev:1627-s0010|dev:1646-s0016|dev:1665-s0011|dev:1682-s0016|test:1818-s0008,微信公众号马克数据网
5,1,train:6-s0008|train:468-s0002|train:1113-s0007|dev:1794-s0009|test:1858-s0016,]。
10,1,train:6-s0009|train:640-s0013|train:704-s0008|train:879-s0015|train:1405-s0006|train:1406-s0002|train:1502-s0008|dev:1715-s0017|dev:1760-s0008|test:1884-s0016,来自马-克-数-据
2,0,train:8-s0013|train:261-s0029,月薪过万不是梦！
112,0,train:10-s0006|train:10-s0009|train:154-s0004|train:189-s0010|train:249-s0000|train:249-s0003|train:249-s0005|train:249-s0007|train:249-s0009|train:280-s0002|train:530-s0005|train:530-s0008,&nbsp;
8,0,train:18-s0007|train:215-s0016|train:217-s0025|train:324-s0009|train:563-s0016|train:590-s0011|train:1170-s0009|train:1340-s0015,数据由马 克 团 队整理
2,0,train:21-s0014|train:21-s0016,关注!
8,0,train:21-s0015|train:21-s0017|train:21-s0018|train:21-s0022|train:21-s0025|train:21-s0026|train:580-s0012|train:580-s0013,!
10,1,train:22-s0004|train:276-s0001|train:1002-s0011|train:1239-s0006|train:1320-s0021|train:1438-s0008|train:1599-s0010|dev:1798-s0008|test:1919-s0009|test:1940-s0013,数据由马 克 数 据整理
8,0,train:24-s0004|train:160-s0004|train:221-s0004|train:282-s0003|train:388-s0005|train:501-s0005|train:871-s0005|train:875-s0005,学会后即可转正；
5,0,train:24-s0005|train:160-s0005|train:221-s0005|train:501-s0006|train:875-s0006,", 叉车工招聘要求：, 1、年龄：16-40岁，男女不限；"
3,0,train:24-s0006|train:501-s0007|train:875-s0007,", 2、要求无传染性疾病，身体健康，能吃苦有责任心, 3、须提供本人身份证原件（身份证复印件一寸照片各4张）；"
5,0,train:24-s0007|train:160-s0007|train:221-s0007|train:501-s0008|train:875-s0008,", 4、有长期叉车工作经验优先录用、无经验可做学徒；"
5,0,train:24-s0008|train:160-s0008|train:221-s0008|train:501-s0009|train:875-s0009,", 岗位职责:, 1、负责做好各类生产辅料、零部件、半成品、废料、生产垃圾等物资的叉运工作。"
5,0,train:24-s0009|train:160-s0009|train:221-s0009|train:501-s0010|train:875-s0010,", 2、认真做好车辆日常维护和保养工作确保叉车安全、整洁。"
5,0,train:24-s0010|train:160-s0010|train:221-s0010|train:501-s0011|train:875-s0011,", 3、在转运过程中认真负责货物应按要求规范放置，不得私自外借叉车。"
5,0,train:24-s0011|train:160-s0011|train:221-s0011|train:501-s0012|train:875-s0012,", 4、遵守公司规章制度完成车间安排的其它临时任务。"
3,0,train:24-s0012|train:501-s0013|train:875-s0013,", 食宿：, 包吃住，宿舍4-6人间，住宿条件优美，（空调，热水，宽带、独立卫生间）。"
8,0,train:24-s0013|train:160-s0013|train:221-s0013|train:282-s0012|train:388-s0014|train:501-s0014|train:871-s0014|train:875-s0014,提供工作餐（两荤两素）免费发放工作服等，一经录用待遇优厚，工资在每月10号以打卡形式发放。
5,0,train:24-s0014|train:160-s0014|train:221-s0014|train:501-s0015|train:875-s0015,", 注：可接收应届生，实习生。"
8,0,train:24-s0015|train:160-s0015|train:221-s0015|train:282-s0014|train:388-s0016|train:501-s0016|train:871-s0016|train:875-s0016,包吃住。
123,1,train:25-s0001|train:25-s0002|train:34-s0001|train:34-s0002|train:34-s0003|train:35-s0007|train:35-s0011|train:60-s0026|train:60-s0028|train:60-s0030|train:60-s0031|train:95-s0001,！
14,1,train:26-s0006|train:291-s0002|train:320-s0009|train:525-s0034|train:553-s0039|train:558-s0014|train:672-s0014|train:737-s0009|train:778-s0037|train:906-s0006|train:1017-s0014|train:1253-s0012,马-克-数据
8,0,train:27-s0003|train:54-s0003|train:149-s0003|train:368-s0004|train:393-s0003|train:412-s0003|train:453-s0003|train:584-s0003,4、定期与合作客户进行沟通，建立良好的长期合作关系。
2,0,train:27-s0008|train:368-s0009,5、有敏锐的市场洞察力，有强烈的事业心、责任心和积极的工作态度，有相关电话销售工作经验者优先。
13,1,train:27-s0010|train:109-s0004|train:304-s0018|train:432-s0015|train:549-s0006|train:1077-s0004|train:1110-s0016|train:1118-s0010|train:1155-s0015|train:1454-s0013|train:1558-s0012|test:1807-s0007,来源：马 克 团 队
5,1,train:29-s0006|train:1228-s0008|train:1331-s0008|dev:1800-s0010|test:1930-s0005,分享 微信邮件
2,0,train:32-s0002|train:581-s0005,【工作职责】1、负责 物品送达，保证能够安全到达地点2、负责物品的监督、指挥装卸（不需要搬运）3、协助完成物品签收、确认产品等日常事务【任职资格】1、16-45周岁，学历不限2、能适应外出，做事仔细认真，有责任心3、身体健康，需能吃苦耐劳【
2,0,train:32-s0003|train:581-s0006,我们可以接受你没有工作经验，可以接受你没有学历！
2,0,train:32-s0004|train:938-s0014,但是你必须得能吃苦耐劳！
11,1,train:32-s0005|train:42-s0014|train:613-s0013|train:634-s0021|train:784-s0008|train:1329-s0013|train:1349-s0010|train:1562-s0004|test:1843-s0010|test:1873-s0012|test:1886-s0005,关注公众号马 克 数 据 网
2,0,train:35-s0013|train:424-s0009,2、详细了解客户的需求，做信息的合理匹配；
2,0,train:35-s0015|train:424-s0011,4、负责业务进展及房屋缴税过户手续办理等服务工作；
2,0,train:35-s0016|train:424-s0012,5、客户开发与积累，经营与维护。
17,1,train:37-s0007|train:101-s0007|train:163-s0007|train:374-s0026|train:383-s0016|train:469-s0007|train:659-s0006|train:688-s0003|train:783-s0014|train:795-s0014|train:908-s0007|train:1068-s0011,（来自 马克数据网）
9,1,train:38-s0015|train:144-s0007|train:702-s0017|train:1169-s0017|train:1419-s0008|dev:1692-s0009|dev:1717-s0011|dev:1788-s0012|dev:1797-s0013,来源：马 克 数 据 网
2,0,train:40-s0005|train:514-s0009,00；
2,0,train:40-s0006|train:514-s0010,法定节假日休息。
2,0,train:41-s0002|train:299-s0002,3.学习能力强，工作热情高，富有责任感，工作认真、细致、敬业，责任心强；
2,0,train:41-s0003|train:299-s0003,4.本岗位欢迎优秀应届毕业生前来应聘。
3,0,train:41-s0007|train:384-s0005|train:903-s0014,男女不限；
8,1,train:53-s0009|train:389-s0007|train:957-s0013|train:1122-s0012|train:1216-s0013|train:1240-s0018|dev:1652-s0012|test:1858-s0017,搜索马 克 数 据 网
2,0,train:64-s0007|train:822-s0009,2、熟悉办公室行政管理知识及工作流程，熟练运用OFFICE等办公软件；
2,0,train:64-s0010|train:218-s0013,4、丰富多彩的员工活动：员工聚餐、年度体检、节日晚会、旅游活动、运动会、优秀员工表彰活动等；
2,0,train:64-s0011|train:218-s0014,5、多元化培训课程：带薪岗前培训，在职个人提升计划。
13,1,train:66-s0012|train:259-s0015|train:273-s0008|train:354-s0005|train:539-s0019|train:566-s0008|train:730-s0010|train:886-s0007|train:1372-s0011|dev:1613-s0009|dev:1628-s0009|test:1867-s0012,（更多数据，详见马克数据网）
10,1,train:67-s0020|train:171-s0028|train:269-s0022|train:1227-s0012|train:1260-s0013|train:1441-s0024|dev:1676-s0007|dev:1712-s0010|test:1803-s0012|test:1913-s0010,来自：马 克 团 队
6,1,train:75-s0001|train:570-s0002|train:872-s0001|train:911-s0013|train:950-s0001|dev:1675-s0001,2、根据市场营销计划，完成部门销售指标；
4,1,train:75-s0002|train:872-s0002|train:911-s0014|dev:1675-s0002,"3、开拓新市场,发展新客户,增加产品销售范围；"
6,0,train:76-s0003|train:446-s0008|train:903-s0017|train:1188-s0007|train:1491-s0006|train:1566-s0014,3、反应敏捷、表达能力强，具有较强的沟通能力及交际技巧，具有亲和力；
4,0,train:76-s0004|train:446-s0009|train:1188-s0008|train:1491-s0007,4、具备一定的市场分析及判断能力，良好的客户服务意识；
10,1,train:76-s0006|train:481-s0013|train:790-s0011|train:989-s0012|train:1151-s0008|train:1375-s0012|train:1561-s0012|dev:1630-s0013|dev:1667-s0013|test:1935-s0010,来自马克数据网
5,1,train:77-s0006|train:156-s0017|train:1038-s0009|dev:1611-s0009|test:1851-s0007,更多详情，请浏览厦门人才网（www.xmrc.com.cn）
12,1,train:79-s0003|train:635-s0010|train:965-s0032|train:1036-s0012|train:1111-s0011|train:1182-s0011|train:1246-s0010|train:1301-s0011|train:1330-s0003|dev:1732-s0006|test:1822-s0012|test:1903-s0010,（macrodatas.cn）
6,1,train:85-s0009|train:334-s0014|train:749-s0020|train:897-s0006|train:1024-s0018|dev:1714-s0007,（macrodatas.cn） （来 自 马 克 数 据 网）
13,0,train:96-s0009|train:154-s0017|train:206-s0010|train:214-s0005|train:335-s0003|train:696-s0004|train:705-s0014|train:846-s0002|train:927-s0008|train:1154-s0009|train:1456-s0008|train:1509-s0011,（来源 马克数据网）
2,0,train:99-s0016|train:605-s0002,3、熟练使用OFFICE办公软件；
38,0,train:101-s0004|train:336-s0039|train:336-s0041|train:336-s0043|train:336-s0045|train:336-s0047|train:767-s0001|train:789-s0012|train:789-s0014|train:1513-s0011|train:1513-s0023|train:1513-s0036,gt;
2,0,train:113-s0011|train:942-s0009,- 不限工作经验，欢迎应届毕业生加入我们的团队。
2,0,train:119-s0002|train:817-s0014,3、定期与合作客户进行沟通，建立良好的长期合作关系；
3,0,train:120-s0007|train:397-s0007|train:705-s0007,2、诚实守信，吃苦耐劳，具有良好的团队精神；
3,0,train:120-s0008|train:397-s0008|train:705-s0008,3、能承受较强的工作压力，愿意挑战高薪；
30,1,train:130-s0010|train:205-s0017|train:226-s0018|train:239-s0002|train:408-s0004|train:568-s0007|train:589-s0008|train:612-s0008|train:748-s0019|train:1028-s0005|train:1084-s0007|train:1132-s0010,]
10,1,train:133-s0006|train:141-s0004|train:822-s0013|train:895-s0014|train:991-s0012|train:1144-s0008|train:1437-s0012|dev:1666-s0010|dev:1680-s0016|test:1926-s0009,来自马-克-数-据-官网
2,0,train:138-s0009|train:562-s0025,上不封顶！
21,1,train:140-s0006|train:209-s0008|train:307-s0017|train:517-s0008|train:602-s0021|train:666-s0011|train:845-s0008|train:995-s0012|train:1015-s0010|train:1027-s0008|train:1058-s0017|train:1230-s0010,", 高薪诚聘"
2,0,train:142-s0008|train:1251-s0009,", 更多详情，请浏览厦门人才网（www.xmrc.com.cn）"
2,0,train:146-s0000|train:802-s0000,详见官网：www.macrodatas.cn 。
14,1,train:147-s0013|train:188-s0006|train:255-s0003|train:319-s0009|train:439-s0014|train:729-s0015|train:808-s0001|train:1026-s0013|train:1082-s0006|train:1090-s0001|train:1113-s0008|train:1117-s0007,来源：百度搜索马克数据网
2,0,train:153-s0002|train:509-s0001,选择大于努力，相信自己，来家德！
2,0,train:153-s0003|train:509-s0002,您会见识到板桥行业领袖的风采！
2,0,train:153-s0004|train:509-s0004,欢迎投递简历或来电咨询，我们会在第一时间与您联系，期待您的加入！
3,0,train:154-s0007|train:472-s0002|train:472-s0016,3、对销售工作有较高的热情；
4,0,train:160-s0000|train:221-s0000|train:388-s0000|train:871-s0000,温馨提示：我们工作地点在江苏苏州，无意来发展请勿打扰，当天来公司面试可安排住宿，入职满一个月工作日无旷工、迟到、早退记录可领取“新员工入职奖励2OOO元！
2,0,train:160-s0001|train:221-s0001,"入职满一个月可报销路费”, 【报名方式】：, 咨询电话：132十9119十8653徐主管（微信同手机号）, 座机0512十8896十3231, 在线QQ：2830十497十658, 微信：132十9119十8653, 薪资待遇：, 1、第一"
4,0,train:160-s0002|train:221-s0002|train:501-s0003|train:875-s0003,", 2、第二转正月综合5000-6000元/月；"
2,0,train:160-s0003|train:221-s0003,", 3、学徒3500-4000元/月；"
2,0,train:160-s0006|train:221-s0006,", 2、要求无传染性疾病，身体健康，能吃苦有责任心, 3、须提供本人身份证原件（身份证复印件一寸照片各6张）；"
2,0,train:160-s0012|train:221-s0012,", 食宿：, 包吃住，宿舍4-8人间，住宿条件优美，（空调，热水，宽带、独立卫生间）。"
2,0,train:160-s0016|train:221-s0016,"（一经录用可当天安排住宿）, 【报名方式】：, 咨询电话：132十9119十8653徐主管（微信同手机号）, 座机0512十8896十3231, 在线QQ：2830十497十658, 微信：132十9119十8653"
12,1,train:181-s0010|train:495-s0007|train:684-s0015|train:1092-s0008|train:1230-s0001|train:1360-s0009|train:1388-s0007|train:1503-s0002|train:1513-s0182|train:1516-s0008|dev:1603-s0006|test:1938-s0009,；
8,1,train:181-s0021|train:333-s0006|train:488-s0004|train:757-s0008|train:1200-s0034|train:1594-s0007|dev:1755-s0039|test:1856-s0001,（来 自 马 克 数 据 网）
2,0,train:187-s0001|train:334-s0001,2、编制预算和执行预算，参与拟订资金筹措和使用方案，确保资金的有效使用；
4,0,train:187-s0002|train:225-s0002|train:334-s0002|train:689-s0002,3、审查公司对外提供的会计资料；
2,0,train:187-s0003|train:334-s0003,4、负责审核公司本部和各下属单位上报的会计报表和集团公司会计报表，编制财务综合分析报告和专题分析报告，为公司领导决策提供可靠的依据；
3,0,train:187-s0004|train:334-s0004|train:689-s0004,5、制订公司内部财务、会计制度和工作程序，经批准后组织实施并监督执行；
3,0,train:187-s0005|train:334-s0005|train:689-s0005,6、组织编制与实现公司的财务收支计划、信贷计划与成本费用计划。
2,0,train:187-s0007|train:689-s0007,2、认真细致，爱岗敬业，吃苦耐劳，有良好的职业操守；
2,0,train:187-s0008|train:689-s0008,3、思维敏捷，接受能力强，能独立思考，善于总结工作经验；
2,0,train:187-s0009|train:689-s0009,4、熟练应用财务及Office办公软件，对金蝶、用友等财务系统有实际操作者优先；
2,0,train:187-s0010|train:689-s0010,5、具有良好的沟通能力；
2,0,train:189-s0000|train:948-s0000,岗位职责1、负责公司前台接待及电话接转；
2,0,train:189-s0008|train:785-s0008,3、工作热情积极、细致耐心，具有良好的沟通能力、协调能力，性格开朗，相貌端正，待人热诚；
7,1,train:191-s0005|train:371-s0008|train:468-s0003|train:579-s0008|train:623-s0002|train:1423-s0003|test:1869-s0008,微信公众号马克 数据网
2,0,train:192-s0000|train:209-s0004,岗位要求： 1、本科及以上学历；
3,0,train:195-s0013|train:861-s0009|train:957-s0010,3、能吃苦耐劳、人品端正、做事认真、勇于担当、敢于负责、适应长期出差；
15,1,train:196-s0016|train:284-s0006|train:309-s0005|train:318-s0013|train:402-s0012|train:708-s0017|train:849-s0009|train:1023-s0016|train:1282-s0011|train:1313-s0004|train:1371-s0032|train:1391-s0010,该数据由<马克数据网>整理
2,0,train:197-s0001|train:923-s0001,2、负责公司网上贸易平台的操作管理和产品信息的发布；
2,0,train:197-s0002|train:923-s0002,3、了解和搜集网络上各同行及竞争产品的动态信息；
2,0,train:197-s0003|train:923-s0003,4、通过网络进行渠道开发和业务拓展；
10,0,train:199-s0015|train:412-s0007|train:718-s0002|train:812-s0002|train:1013-s0020|train:1075-s0006|train:1101-s0017|train:1116-s0005|train:1321-s0015|train:1565-s0007,百度搜索马 克 数 据 网
2,0,train:212-s0001|train:949-s0001,2、负责做好货品销售记录、盘点、账目核对等工作，按规定完成各项销售统计工作；
2,0,train:212-s0002|train:949-s0002,3、完成商品的来货验收、上架陈列摆放、补货、退货、防损等日常营业工作；
2,0,train:212-s0003|train:949-s0003,4、做好所负责区域的卫生清洁工作；
2,0,train:212-s0004|train:949-s0004,5、完成上级领导交办的其他任务。
2,0,train:215-s0007|train:215-s0015,欢迎各地有志之士加入我们，公司提供食宿，工作地址：山东省威海市荣成市张家小区147号楼门市6号。
2,0,train:225-s0007|train:334-s0008,3、认真细致，爱岗敬业，吃苦耐劳，有良好的职业操守；
4,0,train:228-s0003|train:872-s0003|train:911-s0015|train:1188-s0002,4、负责辖区市场信息的收集及竞争对手的分析；
12,0,train:230-s0001|train:369-s0005|train:472-s0028|train:745-s0006|train:904-s0012|train:948-s0012|train:969-s0010|train:972-s0004|train:1067-s0002|train:1369-s0027|train:1516-s0013|train:1525-s0007,详见官网：www.macrodatas.cn
2,0,train:243-s0002|train:927-s0002,3、领导安排的其他任务。
3,0,train:249-s0001|train:813-s0000|train:848-s0000,岗位职责：&nbsp;
2,0,train:250-s0016|train:261-s0017,4、熟悉互联网络，熟练使用网络交流工具和各种办公软件；
3,0,train:269-s0021|train:420-s0063|train:525-s0030,期待你的加入！
3,0,train:282-s0001|train:388-s0003|train:871-s0003,2、第二转正月综合5000-6000元/月；
3,0,train:282-s0006|train:388-s0008|train:871-s0008,4、有长期叉车工作经验优先录用、无经验可做学徒；
3,0,train:282-s0008|train:388-s0010|train:871-s0010,2、认真做好车辆日常维护和保养工作确保叉车安全、整洁。
3,0,train:282-s0009|train:388-s0011|train:871-s0011,3、在转运过程中认真负责货物应按要求规范放置，不得私自外借叉车。
3,0,train:282-s0010|train:388-s0012|train:871-s0012,4、遵守公司规章制度完成车间安排的其它临时任务。
3,0,train:282-s0013|train:388-s0015|train:871-s0015,注：可接收应届生，实习生。
2,0,train:288-s0002|train:1086-s0002,3、完成领导交办的其他工作。
3,0,train:288-s0008|train:780-s0008|train:949-s0009,工作时间：
2,0,train:292-s0003|train:413-s0003,任职资格：1、专科及以上学历；
2,0,train:306-s0003|train:836-s0006,2、五险一金，双休，法定节假日正常休息；
2,0,train:306-s0004|train:836-s0007,3、公司提供员工宿舍，有餐补，有定期员工福利；
2,0,train:334-s0006|train:689-s0006,任职资格： 1、会计相关专业，大专以上学历；
8,1,train:336-s0022|train:854-s0030|train:854-s0032|train:854-s0034|train:854-s0036|train:854-s0038|train:866-s0004|test:1929-s0004,;
2,0,train:337-s0028|train:455-s0017,每周工作5天，休息2天。
2,0,train:337-s0039|train:920-s0014,​ 微信公众号马克 数据网
10,1,train:339-s0017|train:497-s0001|train:605-s0005|train:660-s0014|train:1138-s0005|train:1569-s0011|dev:1619-s0012|dev:1660-s0023|dev:1709-s0016|dev:1743-s0009,关注公众号马克数据网
3,0,train:362-s0004|train:734-s0003|train:1447-s0011,）
2,0,train:366-s0004|train:1491-s0003,4、管理维护客户关系以及客户间的长期战略合作计划。
3,0,train:368-s0003|train:393-s0002|train:412-s0002,3、维护老客户的业务，挖掘客户的最大潜力；
3,0,train:368-s0006|train:393-s0005|train:496-s0004,2、对销售工作有较高的热情；
3,0,train:368-s0007|train:393-s0006|train:496-s0005,3、具备较强的学习能力和优秀的沟通能力；
3,0,train:368-s0008|train:393-s0007|train:496-s0006,4、性格坚韧，思维敏捷，具备良好的应变能力和承压能力；
2,0,train:371-s0007|train:1227-s0011,分享 微信邮件。
2,0,train:374-s0004|train:727-s0001,"2、开发新客户，通过电话与客户进行有效沟通，了解客户需求,寻找销售机会并完成销售业绩。"
2,0,train:374-s0005|train:727-s0002,3、定期与合作客户进行沟通，建立良好的长期合作关系。
2,0,train:374-s0008|train:727-s0004,"2、对销售工作有较高的热情，具备良好的职业操守,以及良好的客户服务意识。"
2,0,train:374-s0009|train:727-s0005,3、具备一定的学习能力，适应能力强；
2,0,train:374-s0011|train:727-s0007,4、能吃苦耐劳，有强烈的赚钱欲望。
2,0,train:374-s0012|train:727-s0008,5、公司提供专业培训，经验不限，学历不限，性别不限，会操作电脑。
2,0,train:374-s0013|train:727-s0009,应届毕业生均可；
2,0,train:374-s0014|train:727-s0010,有相关电话销售工作经验者优先。
2,0,train:374-s0020|train:727-s0020,3、加入我们，您将和一群业界精英共同创造行业第一的历史！
2,0,train:374-s0021|train:727-s0021,4、加入我们，您将得到一个充分展示自己销售才能和快速晋升的舞台！
2,0,train:376-s0001|train:948-s0001,2、收发传真，复印文档，收发信件、报刊、文件等；
2,0,train:376-s0002|train:948-s0002,3、及时更新和管理员工通讯地址和电话号码等联系信息；
2,0,train:376-s0003|train:948-s0003,4、受理会议室预约，协调会议时间，下发会议通知，布置会议室；
2,0,train:376-s0006|train:948-s0006,7、完成上级交给的其它事务性工作。
2,0,train:376-s0009|train:948-s0009,3、熟悉前台工作流程，熟练使用各种办公自动化设备；
2,0,train:376-s0010|train:948-s0010,4、工作热情积极、细致耐心，具有良好的沟通能力、协调能力，性格开朗，相貌端正，待人热诚；
2,0,train:386-s0001|train:386-s0002,招聘啦！
2,0,train:388-s0001|train:871-s0001,入职满一个月可报销路费” 电话报名：132 /9119 /8653?
2,0,train:388-s0002|train:871-s0002,徐主管（微信同手机号） 0512 /8896 /3231 在线QQ：2830 /497 /658 微信：132 /9119 /8653 薪资待遇： 1、第一月试用期薪资综合3500-4000元/月；
2,0,train:388-s0004|train:871-s0004,3、学徒3000-4000元/月；
2,0,train:388-s0006|train:871-s0006,叉车工招聘要求： 1、年龄：16-45岁，男女不限；
2,0,train:388-s0007|train:871-s0007,2、要求无传染性疾病，身体健康，能吃苦有责任心 3、须提供本人身份证原件（身份证复印件4张）；
2,0,train:388-s0009|train:871-s0009,岗位职责: 1、负责做好各类生产辅料、零部件、半成品、废料、生产垃圾等物资的叉运工作。
2,0,train:388-s0013|train:871-s0013,食宿： 包吃住，宿舍6-8人间，住宿条件优美，（空调，热水，宽带、独立卫生间）。
2,0,train:388-s0017|train:871-s0017,（一经录用可当天安排住宿） 电话报名：132 /9119 /8653?
2,0,train:388-s0018|train:871-s0018,徐主管（微信同手机号） 0512 /8896 /3231 在线QQ：2830 /497 /658 微信：132 /9119 /8653
2,0,train:391-s0003|train:391-s0005,法定节假日正常休息；
2,0,train:394-s0002|train:956-s0012,4、具备良好的协调能力、沟通能力，负有责任心，性格活泼开朗，具有亲和力；
2,0,train:397-s0000|train:705-s0000,信友房产欢迎你的到来.无需经验.无论性别.不论年龄.弹性工作.快乐挣钱.让我们一起共创辉煌!
2,0,train:397-s0001|train:705-s0001,工作内容：1、负责客户接待与提供房屋租售咨询与服务；
2,0,train:397-s0002|train:705-s0002,2、了解客户需求，为客户寻找合适租售房源；
2,0,train:397-s0003|train:705-s0003,3、陪同客户看房，促成二手房买卖或租赁业务；
2,0,train:397-s0004|train:705-s0004,4、负责房源与客户跟进、回访、开发工作。
2,0,train:397-s0005|train:705-s0005,5、本公司（信友房产）主打二手房销售。
2,0,train:397-s0009|train:705-s0009,4、欢迎喜欢销售的或应届毕业生加入（信友房产）。
2,0,train:397-s0010|train:705-s0010,薪资待遇：1、底薪1600元—2000元，提成20%—30%，平均月薪3000元—10000元；
2,0,train:397-s0011|train:705-s0011,2、福利年假、病假、奖金、补助、常规节假日、团队旅游、免费培训；
2,0,train:397-s0012|train:705-s0012,3、上班时间早9:00到晚5:00；
2,0,train:397-s0013|train:705-s0013,4、休息为每月4天；
2,0,train:399-s0003|train:762-s0002,3、协助财会文件的准备、归档和保管；
2,0,train:407-s0002|train:407-s0004,#8226;
2,0,train:411-s0012|train:411-s0013,思想进步、热爱本职工作、能够吃苦、愿意在公司长期发展。
8,1,train:411-s0031|train:695-s0011|train:1025-s0008|train:1061-s0014|train:1171-s0010|train:1444-s0008|dev:1661-s0012|dev:1703-s0009,来自：www.macrodatas.cn
2,0,train:430-s0005|train:1582-s0007,4、促成买卖双方交易达成，协助双方合同签署、办理权属转移等工作。
2,0,train:430-s0006|train:1582-s0008,5、打造个人的专业品牌。
2,0,train:430-s0011|train:1582-s0013,4、接受应届毕业生，营销专业者可优先考虑。
10,1,train:431-s0007|train:449-s0029|train:540-s0012|train:821-s0008|train:1005-s0012|train:1009-s0014|train:1133-s0011|train:1499-s0006|dev:1794-s0010|test:1898-s0016,更多数据：www.macrodatas.cn
2,0,train:437-s0001|train:437-s0003,2、一年以上新产品电气控制设计经验，熟练计算机制图；
2,1,train:439-s0004|test:1876-s0009,结业颁发工业和信息化部软件与集成电路促进中心职业技能等级证书，行业内畅通无阻。
2,0,train:440-s0001|train:935-s0001,你想成为美丽的动姐、微笑的天使吗？
2,0,train:440-s0002|train:935-s0002,请到这里来，这里是全国培养动姐、高姐的摇篮！
2,0,train:440-s0003|train:935-s0003,选择这里，你就选择了美丽的人生。
2,0,train:440-s0004|train:935-s0004,阳光、体面、高薪！
2,0,train:440-s0005|train:935-s0005,金鸡报晓2018CRH和谐号最美高铁乘务员官方招聘信息 职位要求： 一、招聘条件： 1.年龄18至30周岁，女身高1.60以上，男1.70以上，形象佳者 可放宽兩厘米 2.身体健康，五官端正，身材匀称，口齿清晰，无色盲，。
2,0,train:440-s0006|train:935-s0006,无慢性、传染性恶疾，。
2,0,train:440-s0007|train:935-s0007,"身体健康,能适应列车员连续工作的特点,无传染病、心脏病、晕车等。"
2,0,train:440-s0008|train:935-s0008,3.服从组织统一安排，热爱铁路事业，思想政治素质好、能吃苦耐劳、有团队精神。
2,0,train:440-s0009|train:935-s0009,二，福利待遇 (动车组乘务人员目前工作时间是“跟二休三”(即跟车两天休息三天) 一个月上12天班 靠工作证坐高铁动车只要不跨国旅游都免费.《无论上下班坐车都免费》。
2,0,train:440-s0010|train:935-s0010,"工资待遇:第一个月在4800左右，第二个月在5500到6500左右，有吃住,交五险。"
2,0,train:440-s0011|train:935-s0011,"上班一天8小时,晚上住铁路公寓。"
2,0,train:440-s0012|train:935-s0012,"休息3天,回家时可以凭工作证坐高铁动车免费。"
2,0,train:440-s0013|train:935-s0013,三、招聘对象 ： 1、社会人员、应届毕业生。
2,0,train:440-s0014|train:935-s0014,"遵纪守法,品德良好, 2、高中、中专、大专学历的均可报名。"
2,0,train:440-s0015|train:935-s0015,条件好初中均可。
2,0,train:440-s0016|train:935-s0016,"3、五官端正,体态匀称,形象好,气质佳,脸上无疤痕和纹身、讲话发音准确、吐词清晰、等。"
2,0,train:440-s0017|train:935-s0017,"4:报名填表时,需要提供本人身份证原件及正反复印件1张、一寸近期正面免冠彩照4张及本人五寸生活照一张、毕业证原件及复印件两张。"
2,0,train:440-s0018|train:935-s0018,"5:头发应梳理整齐并露出前额和耳朵(长发盘起),头发要求是黑色或者自然色,不可以佩戴手链、项链,戒指,耳环等首饰;"
2,0,train:440-s0019|train:935-s0019,"不穿高领服装,不穿紧身裤等。"
2,0,train:440-s0020|train:935-s0020,"思想品德良好,思维反应敏捷,口齿清晰,对工作尽职尽责,能吃苦耐劳者优先。"
2,0,train:440-s0022|train:935-s0022,"6.按照国家规定缴金,提供同行间竞争力的薪金待遇以及广阔的发展空间。"
2,0,train:440-s0023|train:935-s0023,福利政策在职员工可免费乘车。
2,0,train:440-s0024|train:935-s0024,（包括上下班，外出旅游--凭上岗证）上班地点:{各大始发站}上海高铁站.上海开往北京，或者 杭州客运段.合肥.南京.郑州.青岛. 天津、武汉.长沙.北京铁路局其中跨省市的线路 四，面试携带资料：身份证复印件2份一寸蓝底照片4张.6寸生活照一
2,0,train:440-s0025|train:935-s0025,注 本工作为全职工作 不是兼职 请学生和家长沟通好 vx号 （一五二五零一一四八六七） 注意；
2,0,train:440-s0026|train:935-s0026,面试统一在江苏省苏州市火车站附近人民路万达广场3188 号（万达广场|万达广场南）下 应聘本职位报名面试统一苏州，不产生报名费/服装费/培训费!
2,0,train:440-s0027|train:935-s0027,面试成功后；
2,0,train:440-s0028|train:935-s0028,"体检费用/以及自己来回路费,需要个人承担的，其它无任何费用产生。"
26,0,train:440-s0029|train:610-s0002|train:610-s0004|train:610-s0005|train:610-s0006|train:610-s0007|train:610-s0008|train:610-s0012|train:610-s0013|train:610-s0014|train:610-s0015|train:610-s0016,?
2,0,train:440-s0030|train:935-s0030,点击下图微信二维码扫一扫直接咨询 ?
3,0,train:446-s0010|train:1188-s0009|train:1491-s0008,5、有责任心，能承受较大的工作压力；
3,0,train:446-s0011|train:1188-s0010|train:1491-s0009,6、有团队协作精神，善于挑战。
4,0,train:449-s0001|train:449-s0002|train:449-s0004|train:449-s0005,急！
5,1,train:455-s0034|test:1991-s0114|test:1991-s0115|test:1991-s0116|test:1991-s0117,&gt;
2,0,train:455-s0043|train:770-s0013,​
2,0,train:456-s0010|train:941-s0010,期待您的加入！
2,0,train:462-s0014|train:1101-s0015,4、发展途径：管理者及职能部门的多途径发展空间。
2,0,train:470-s0015|train:712-s0007,周末双休！
2,0,train:472-s0000|train:472-s0014,任职资格：1、反应敏捷、表达能力强，具有较好的沟通能力及交际能力、亲和力；
2,0,train:472-s0001|train:472-s0015,2、有团队协作精神，敢于并善于挑战；
2,0,train:472-s0003|train:472-s0017,4、各校应届毕业生及实习生可考虑。
2,0,train:472-s0004|train:472-s0018,培训：1、公司员工享受公司定期和不定期的各项培训（在岗培训带薪）；
2,0,train:472-s0005|train:472-s0019,2、主管级以上人员每年不定期参加公司总部举办的管理培训（带薪）；
2,0,train:472-s0006|train:472-s0020,3、丢失优秀人员带薪享受公司不定期组织的总部培训。
2,0,train:472-s0007|train:472-s0021,福利待遇：1、公司按照国家法定节假日休息；
2,0,train:472-s0008|train:472-s0022,2、公司会不定期举行旅游、聚餐、户外运动等活动；
2,0,train:472-s0009|train:472-s0023,3、每月休息4天；
2,0,train:472-s0010|train:472-s0024,4、公司提供稳定的发展平台和广阔的晋升空间。
2,0,train:472-s0011|train:472-s0025,活动福利：（1）各种旅游，除省内、国内游，还有机会去国外旅游；
2,0,train:472-s0012|train:472-s0026,（2）各种健身娱乐活动、比赛竞技、演讲比赛、郊游等。
2,0,train:472-s0013|train:472-s0027,团队：是一支年轻、激情、有活力的团队。
2,0,train:476-s0005|train:1133-s0008,4。
9,1,train:483-s0013|train:655-s0012|train:735-s0004|train:941-s0014|train:1105-s0023|train:1112-s0011|train:1389-s0008|train:1480-s0010|dev:1730-s0008,www.macrodatas.cn
2,0,train:490-s0002|train:490-s0008,晋升空间明朗，表现优异均有升职加薪机会。
9,0,train:498-s0005|train:542-s0013|train:794-s0009|train:1031-s0009|train:1086-s0014|train:1188-s0011|train:1272-s0009|train:1275-s0006|train:1298-s0009,关注微信公众号马克数据网
2,0,train:501-s0001|train:875-s0001,"入职满一个月可报销路费"", , 报名咨询电话：185十5010十7915(微信同号) 联系：吴主管 ！"
2,0,train:501-s0002|train:875-s0002,", 薪资待遇：, 1、第一月试用期薪资综合4000-4500元/月；"
2,0,train:501-s0004|train:875-s0004,", 3、学徒3800-4500元/月；"
2,0,train:531-s0001|train:901-s0001,五官端正，身材匀称，气质较好，普通话标准。
2,0,train:551-s0002|train:805-s0002,【温馨提示】：为了避免您的简历石沉大海，请应聘者尽可能电话联系！
2,0,train:551-s0004|train:805-s0004,（本次招聘为本公司内部直接招聘）〈中介勿扰〉可接受短期工一长期工一实习应届生一退伍军人优先入职（包食宿）；
2,0,train:551-s0005|train:805-s0005,详情请直接联系合招聘要求工作地点：北京地铁2一16全线分配（2号线，4号线、6号线、8号线、10号线、13号线、16号线等条线）一、工作内容：（1）在地一铁站内检测旅行及旅客行李，防止旅客携带易燃易爆等危险物品进站。
2,0,train:551-s0006|train:805-s0006,（2）辅助公交司机对公一交车辆及乘客的安全监督与维护.（因北京市户口名额有限，现处于满编状态，现阶段只接收非京籍求职者）二、任职资格：1、男：17~33周岁，身高165cm以上/女：17~35周岁，身高155cm以上2、无明显纹身及烟疤，无
2,0,train:551-s0007|train:805-s0007,三、工作时间：上二休一，轮休倒班制，20天满勤，10天休大白班（早7:00——晚5：00，每上2小时之间均休息0.5小时）小白班（早9:30——晚5：00，每上2小时之间均休息0.5小时）小夜班（晚5:00——夜9：30，每上2小时之间均休
2,0,train:551-s0008|train:805-s0008,转正：底薪2700+加班费（大白120元、小白90元、小夜50元）+奖金（检测出危险物品公安机关奖励500~1500）+早晚高峰补助——月综合收入：4500~5500不等。
5,1,train:564-s0018|train:827-s0010|train:848-s0032|train:953-s0011|test:1805-s0010,来源：百度马 克 数据网
2,0,train:580-s0014|train:902-s0009,我们期待你的加入！
47,0,train:582-s0000|train:582-s0003|train:582-s0005|train:582-s0008|train:582-s0010|train:582-s0013|train:852-s0000|train:852-s0004|train:852-s0008|train:852-s0010|train:852-s0014|train:852-s0016,lt;
10,0,train:582-s0001|train:582-s0006|train:582-s0011|train:852-s0001|train:852-s0005|train:852-s0011|train:852-s0017|train:852-s0021|train:852-s0025|train:852-s0030,pgt;
10,0,train:582-s0004|train:582-s0009|train:582-s0014|train:852-s0003|train:852-s0009|train:852-s0015|train:852-s0019|train:852-s0023|train:852-s0028|train:852-s0034,/pgt;
2,0,train:628-s0001|train:628-s0005,2.根据安全带产品图纸，安装试验治具及试验样品，完成试验；
2,0,train:628-s0002|train:628-s0006,3.试验后原始数据记录，试验报告做成；
2,0,train:628-s0003|train:628-s0007,4.试验不合格发生时，对结果进行分析；
2,0,train:636-s0003|train:1577-s0016,优秀应届生亦可。
2,1,train:658-s0000|dev:1605-s0000,来自马克数据网 。
3,0,train:672-s0006|train:672-s0008|train:672-s0010,&#8226;
2,1,train:692-s0004|test:1897-s0005,5、学习能力强，工作热情高，富有责任感，工作认真、细致、敬业，责任心强；
2,0,train:739-s0000|train:739-s0008,岗位职责： 1、负责客户整理单据，处理客户的税务以及其他财务方面的问题。
2,0,train:739-s0001|train:739-s0009,2、了解客户需求，为其提供专业财务咨询；
2,0,train:739-s0002|train:739-s0010,3、适当提供客户合理的财税建议；
2,0,train:739-s0003|train:739-s0011,4、客户相关信息的管理，建立客户档案；
2,0,train:739-s0005|train:739-s0013,2、有财务会计工作经验者优先；
2,0,train:739-s0006|train:739-s0014,3、熟悉会计报表的处理，会计法规和税法，熟练使用财务软件；
2,0,train:739-s0007|train:739-s0015,4、良好的学习能力、独立工作能力和财务分析能力；
2,0,train:742-s0006|train:1358-s0006,任职要求：1.&nbsp;
2,0,train:810-s0001|train:810-s0003,1、此次招聘的岗位有：文秘（4人）、市场营销（6人）、餐饮管理（4人)、审计（2人）、电子商务（6人）、会计（6人） 2、专业要求：财务、经济类、人力资源、IT（软、硬件）专业、中文类、酒店管理、机械设备类、食品类、电子商务、物流专业类、市
2,0,train:813-s0011|train:848-s0008,任职要求：&nbsp;
2,0,train:836-s0009|train:1536-s0002,] 来源：马 克 数 据 网
2,0,train:840-s0020|train:840-s0021,为了你第一时间报名成功录入你的资料，请尽量电话联系、短信报名！
2,0,train:852-s0007|train:852-s0013,nbsp;
2,0,train:861-s0008|train:957-s0009,18到25岁优先培养，农村户口和退伍军人优先安排2、身体健康、不晕车、认识26个英文字母，无犯罪记录；
2,0,train:861-s0011|train:957-s0012,"每年组织优秀员工到国内知名景点旅游晋升空间：公司三个月一次评比，年底总结，公司管理岗位90%由普通员工晋升担任天上不会掉馅饼,只有靠自己的努力拼搏才是成功的最佳捷径！"
2,0,train:872-s0000|train:911-s0012,岗位职责：1、负责公司产品的销售及推广；
3,0,train:872-s0004|train:911-s0016|train:1188-s0003,5、负责销售区域内销售活动的策划和执行，完成销售任务；
3,0,train:872-s0005|train:911-s0017|train:1188-s0004,6、管理维护客户关系以及客户间的长期战略合作计划。
2,0,train:979-s0009|train:1431-s0011,"福利待遇社交媒体平台,全球化,人工智能"
2,1,train:1018-s0014|dev:1683-s0011,-责任心强，正直诚实，值得信赖。
2,0,train:1032-s0001|train:1353-s0001,2、关注国内外行业竞品及发展趋势，结合客户需求与市场需求，迭代更新产品路线；
2,0,train:1040-s0001|train:1040-s0010,2. 精通PHP 5，具备OOP编程思想，熟悉设计模式和算法，具备命令行下开发经验，深入了解PHP的性能最优化和安全最大化；
2,0,train:1040-s0002|train:1040-s0011,3. 熟悉LinuxUnix基本操作，熟悉Apache、MySQL、PHP等软件的编译安装和最优化配置，了解这些软件的版本差异和不同安装运行方式及原理；
2,0,train:1040-s0003|train:1040-s0012,对高并发、高流量Web架构有一定了解；
2,0,train:1040-s0004|train:1040-s0013,4. 熟练使用MySQLOracle数据库，精通SQL和数据结构，具有大型项目数据库设计的经验，有大数据量处理和负载均衡意识；
2,0,train:1040-s0005|train:1040-s0014,5. 掌握LinuxUnix环境编程，掌握Socket编程，熟悉TCP和UDP协议；
2,0,train:1040-s0006|train:1040-s0015,6. 熟练掌握XML、HTMLXHTML、CSS、Javascript、AJAX、JSON、webservice等Web技术。
2,0,train:1040-s0007|train:1040-s0016,7.精通微信公众平台开发，对MVC的开发有较好的理解，能独立开发项目. 8.能运用PHP缓存技术、静态化设计方面的经验；
2,0,train:1040-s0008|train:1040-s0017,熟悉Memcahcet和mongo等；
6,1,train:1040-s0019|train:1056-s0013|train:1262-s0003|train:1401-s0008|dev:1728-s0010|dev:1733-s0011,更多数据：搜索马克数据网来源：www.macrodatas.cn
2,1,train:1043-s0001|dev:1645-s0001,２．通过电话等方式，跟进顾客购买意向，提供相应指导，促成订单；
2,1,train:1043-s0002|dev:1645-s0002,３．为客户制定合理的课程；
2,1,train:1043-s0003|dev:1645-s0003,４．准确收集、统计、整理咨询数据，挖掘有效顾客信息。
2,0,train:1056-s0001|train:1538-s0001,2.核心代码编写；
2,0,train:1056-s0002|train:1538-s0002,3.系统性能调优；
2,0,train:1056-s0003|train:1538-s0003,4.业务需求管理；
2,0,train:1056-s0004|train:1538-s0004,5.数据挖掘分析。
2,0,train:1076-s0016|train:1512-s0016,极强的问题解决能力，习惯于寻找创新方法来达成目标；
2,1,train:1076-s0018|test:1879-s0006,"福利待遇 免费班车,成长空间,年度旅游,岗位晋升,内部转岗机会,管理规范,美女多,帅哥多,影响亿万用户,五险一金,领先技术,新鲜空气,大平台,弹性工作"
2,0,train:1092-s0006|train:1092-s0007,创意！
2,0,train:1164-s0002|train:1582-s0020,我们开放平台、赋能行业、装修、家居、社区服务……与“住”相关的一切，在这里都可以找到。
2,0,train:1164-s0003|train:1582-s0021,新的服务和技术在贝壳生态体系里迭代，建立居住新标准，为万千家庭带来更美妙的家的体验。
2,0,train:1164-s0004|train:1582-s0022,智能、丰富、真实，这就是贝壳。
2,1,train:1193-s0015|dev:1632-s0009,"福利待遇扁平管理,弹性工作,就近租房补贴,六险一金,股票期权,成长空间大,带薪年假,定期体检,免费三餐"
2,0,train:1206-s0000|train:1206-s0004,全日制大专及以上学历，营销、电子、计算机或相关专业；
2,0,train:1206-s0001|train:1206-s0005,勤奋敬业，有强列的责任心、良好的服务意识、三年以上销售经验，具备工业类、电子类、建材类或家具产品销售工作经验；
2,0,train:1206-s0002|train:1206-s0006,具备良好的表达能力、沟通能力、团队精神，能够接受较大的工作压力；
2,0,train:1206-s0003|train:1206-s0007,从事过智能安防产品销售工作、有楼宇对讲、锁具、智能家居类产品销售经验者优先。
2,0,train:1219-s0002|train:1309-s0003,2.有IT大数据分析经验，有大型互联网公司数据分析经验、互联网数据建模分析经验者优先；
2,0,train:1219-s0003|train:1309-s0004,3.有一线产品或运营业务优化经验者优先；
2,0,train:1219-s0004|train:1309-s0005,4.精通SQL，熟练使用R/Python进行数据清洗、分析；
2,0,train:1219-s0005|train:1309-s0006,5.能快速理解业务，发掘业务细节和数据之间的联系；
2,0,train:1219-s0006|train:1309-s0007,6.掌握Tableau等BI工具尤佳。
2,0,train:1240-s0003|train:1240-s0009,2；
2,0,train:1240-s0005|train:1240-s0011,3；
2,1,train:1255-s0005|dev:1645-s0005,3、 签订正式劳动合同，完整合规的社会保险和住房公积金以及餐补；
2,1,train:1255-s0007|dev:1645-s0007,5、 每年享受国家规定的带薪年假、法定节假日等福利；
2,0,train:1287-s0005|train:1408-s0006,良好的团队合作精神，较强的沟通能力。
6,1,train:1308-s0003|train:1449-s0003|dev:1605-s0002|test:1846-s0002|test:1846-s0003|test:1928-s0004,amp;
3,1,train:1309-s0008|dev:1642-s0007|test:1811-s0008,"福利待遇 扁平管理,弹性工作,大厨定制三餐,就近租房补贴,六险一金,股票期权,成长空间大,双线地铁沿线,mac办公"
2,1,train:1310-s0012|dev:1706-s0008,"福利待遇扁平管理,弹性工作,大厨定制三餐,就近租房补贴,六险一金,股票期权,成长空间大,双线地铁沿线,mac办公"
2,0,train:1328-s0014|train:1561-s0003,公司成长迅速，晋升空间大。
2,0,train:1328-s0015|train:1561-s0004,2.Zoom是纳斯达克上市公司。
2,0,train:1328-s0016|train:1561-s0005,加入Zoom有机会获得公司股票期权，与公司分享成长收益。
2,0,train:1328-s0017|train:1561-s0006,3.Zoom是全球增长最快的云视频会议提供商，产品简单易用，深受客户喜爱。
2,0,train:1328-s0018|train:1561-s0007,在Zoom做工程师，技术挑战高，更有成就感！
2,0,train:1328-s0019|train:1561-s0008,4.Zoom汇聚业界技术大牛，管理层也来自技术精英，与爱技术，懂技术的同事切磋技艺是人生一大乐趣。
2,0,train:1328-s0020|train:1561-s0009,5.Zoom员工敬业，管理层体贴，工作氛围轻松开放，人际关系简单融洽，团队温暖有活力！
2,0,train:1328-s0021|train:1561-s0010,6.极具竞争力的薪水，福利待遇好，出国工作、学习和交流机会多。
7,1,train:1332-s0000|train:1332-s0010|train:1449-s0014|train:1513-s0108|train:1513-s0224|dev:1783-s0008|dev:1783-s0009,&quot;
3,0,train:1358-s0003|train:1358-s0009|train:1358-s0020,3.&nbsp;
2,0,train:1358-s0011|train:1358-s0022,4.&nbsp;
2,0,train:1369-s0019|train:1369-s0023,主营室内外设计及效果表现，业务覆盖国内31个省和直辖市，涉及室内样板房、园林景观、城市建筑、商业空间、住宅空间等相关领域，是中国网接效果表现公司的领跑者，是一家拥有自己的效果图网站，拥有自己的业务管理系统，最早制定客户评分机制的专业效果图公
2,0,train:1369-s0020|train:1369-s0024,公司始终坚持以用户需求为导向，遵守诚信、创新、合作、共赢的经营理念，专注于虚拟现实、效果图领域的技术创新，致力于研发有价值的技术解决方案服务于市场，保持行业行端，打造品牌优势，推动产业发展。
2,0,train:1369-s0021|train:1369-s0025,"未来，一品将朝着多元化发展的方向前行，致力于成为国内一流的设计师最贴心的管家,成为客户信赖、社会尊重、有着广泛影响力的企业，为员工提供更加广阔的发展平台。"
2,0,train:1415-s0001|train:1415-s0010,符合条件者，请务必通过公告上的报名方式进行报名。
2,1,train:1453-s0006|test:1823-s0004,2、熟练操作常用办公软件，且具备其它软件应用能力；
2,1,train:1453-s0008|test:1823-s0006,4、对通用类软件或互联网应用产品的人机交互方面有自己的理解和认识；
2,1,train:1453-s0009|test:1823-s0007,5、具备良好的审美能力、深厚的美术功底，有较强的平面设计和网页设计能力；
2,0,train:1473-s0008|train:1473-s0012,具有3年以上运营商数据中心网络运维经验和云计算技术优先;
2,0,train:1473-s0009|train:1473-s0013,具有HCIE/CCIE：RS、DC、ISP、security等方向的认证优先;
2,0,train:1473-s0010|train:1473-s0014,具有PMP、Prince2、Agile等项目管理经验和认证优先;
31,0,train:1513-s0000|train:1513-s0010|train:1513-s0022|train:1513-s0035|train:1513-s0047|train:1513-s0059|train:1513-s0072|train:1513-s0075|train:1513-s0085|train:1513-s0097|train:1513-s0109|train:1513-s0121,&amp;
23,0,train:1513-s0002|train:1513-s0014|train:1513-s0027|train:1513-s0039|train:1513-s0054|train:1513-s0064|train:1513-s0077|train:1513-s0089|train:1513-s0113|train:1513-s0126|train:1513-s0147|train:1513-s0160,span style=&quot;
5,0,train:1513-s0003|train:1513-s0078|train:1513-s0105|train:1513-s0114|train:1513-s0230,mso-bidi-font-size: 10.5pt;
22,0,train:1513-s0004|train:1513-s0016|train:1513-s0029|train:1513-s0041|train:1513-s0066|train:1513-s0079|train:1513-s0091|train:1513-s0115|train:1513-s0128|train:1513-s0149|train:1513-s0162|train:1513-s0174,font-family:宋体;
22,0,train:1513-s0005|train:1513-s0017|train:1513-s0030|train:1513-s0042|train:1513-s0056|train:1513-s0067|train:1513-s0080|train:1513-s0092|train:1513-s0116|train:1513-s0129|train:1513-s0150|train:1513-s0163,mso-ascii-font-family:simsun;
23,0,train:1513-s0006|train:1513-s0018|train:1513-s0031|train:1513-s0043|train:1513-s0057|train:1513-s0068|train:1513-s0081|train:1513-s0093|train:1513-s0117|train:1513-s0130|train:1513-s0151|train:1513-s0164,mso-hansi-font-family:simsun;
19,0,train:1513-s0007|train:1513-s0019|train:1513-s0032|train:1513-s0069|train:1513-s0082|train:1513-s0094|train:1513-s0118|train:1513-s0131|train:1513-s0152|train:1513-s0177|train:1513-s0199|train:1513-s0211,mso-bidi-font-family:宋体;
22,0,train:1513-s0008|train:1513-s0020|train:1513-s0033|train:1513-s0045|train:1513-s0070|train:1513-s0083|train:1513-s0095|train:1513-s0119|train:1513-s0132|train:1513-s0153|train:1513-s0166|train:1513-s0178,color:#333333;
15,0,train:1513-s0009|train:1513-s0021|train:1513-s0034|train:1513-s0046|train:1513-s0071|train:1513-s0084|train:1513-s0120|train:1513-s0154|train:1513-s0167|train:1513-s0201|train:1513-s0213|train:1513-s0236,mso-font-kerning:0pt&quot;
23,0,train:1513-s0015|train:1513-s0028|train:1513-s0040|train:1513-s0065|train:1513-s0090|train:1513-s0127|train:1513-s0141|train:1513-s0148|train:1513-s0161|train:1513-s0173|train:1513-s0188|train:1513-s0195,mso-bidi-font-size:10.5pt;
3,0,train:1513-s0044|train:1513-s0165|train:1513-s0280,mso-bidi-font-family: 宋体;
2,0,train:1513-s0052|train:1513-s0320,5. &amp;
7,0,train:1513-s0096|train:1513-s0133|train:1513-s0179|train:1513-s0249|train:1513-s0295|train:1513-s0329|train:1513-s0342,mso-font-kerning: 0pt&quot;
6,0,train:1513-s0102|train:1513-s0138|train:1513-s0185|train:1513-s0218|train:1513-s0254|train:1513-s0300,span lang=&quot;
6,0,train:1513-s0103|train:1513-s0139|train:1513-s0186|train:1513-s0219|train:1513-s0255|train:1513-s0301,EN-US&quot;
6,0,train:1513-s0104|train:1513-s0140|train:1513-s0187|train:1513-s0220|train:1513-s0256|train:1513-s0302,style=&quot;
2,0,train:1513-s0106|train:1513-s0222,font-family:&quot;
2,0,train:1513-s0107|train:1513-s0223,mso-bidi-font-family:=&quot;
4,0,train:1513-s0142|train:1513-s0189|train:1513-s0258|train:1513-s0304,font-family: &quot;
3,0,train:1513-s0183|train:1513-s0216|train:1513-s0298,熟悉&amp;
2,0,train:1513-s0261|train:1513-s0307,ROS&amp;
49,1,train:1541-s0000|train:1541-s0002|train:1541-s0007|train:1541-s0010|train:1541-s0013|train:1541-s0016|train:1541-s0021|train:1541-s0024|train:1541-s0027|train:1541-s0031|train:1541-s0034|train:1541-s0037,&lt;
69,1,train:1541-s0001|train:1541-s0003|train:1541-s0005|train:1541-s0008|train:1541-s0011|train:1541-s0014|train:1541-s0017|train:1541-s0019|train:1541-s0022|train:1541-s0025|train:1541-s0028|train:1541-s0032,br&gt;
3,1,train:1541-s0050|train:1587-s0020|dev:1781-s0078,工作地址：&lt;
2,1,train:1573-s0000|dev:1620-s0000,该职位来源于猎聘任职要求1.负责公有云解决方案销售及销售运作，负责云产品及相关解决方案的技术包装和营销推广；
2,1,train:1573-s0001|dev:1620-s0001,2.3年以上公有云产品销售经验，熟悉互联网和云计算相关业务（包含华为云、阿里云、腾讯云等）有华为云、阿里云、腾讯云等产品销售经验及渠道分销经验优先；
2,1,train:1573-s0002|dev:1620-s0002,3.具备云架构咨询与设计服务能力、HCIA证书者优先录取；
2,0,dev:1761-s0012|dev:1761-s0033,"2、【重点本科]月薪8000元以上，平均月薪10000元,最高月薪15000元以上。"
2,0,dev:1761-s0013|dev:1761-s0034,"3、【一般本科学历】月薪6000元以上，平均月薪7000元,最高月薪12000元以上。"
2,0,dev:1761-s0014|dev:1761-s0035,"4、【大专、高职学历】月薪5000元以上，平均月薪6000元,最高月薪90000元以上。"
2,0,dev:1761-s0015|dev:1761-s0036,工作时间：周一到周五、朝九晚六 工作地点：中关村软件园 面试时间：周一到周五。
2,0,test:1835-s0000|test:1887-s0000,职位描述： 1、优化财经 内容的排序，提升用户发布内容的转化率；
2,0,test:1835-s0001|test:1887-s0001,2、优化模型和召回，提升财经内容的分发效率，改善用户体验；
2,0,test:1835-s0002|test:1887-s0002,3、搭建和优化推荐、排序系统，提供稳定的线上服务；
2,0,test:1835-s0003|test:1887-s0003,4、挖掘数据，改善产品。
2,0,test:1835-s0004|test:1887-s0004,职位要求： 1、优秀的代码能力，掌握常用编程语言和算法；
2,0,test:1835-s0005|test:1887-s0005,2、对推荐系统、机器学习和大数据处理感兴趣，熟悉其中一项或者多项；
2,0,test:1835-s0006|test:1887-s0006,3、2 年以上工作经验；
2,0,test:1835-s0007|test:1887-s0007,4、有推荐、搜索 rank 等相关工作经验优先。
2,0,test:1868-s0007|test:1896-s0009,"福利待遇 B2B销售,精准营销,大数据,人工智能,股票期权,五险一金,带薪年假,定期体检,扁平管理"
29,0,test:1941-s0005|test:1945-s0010|test:1946-s0004|test:1947-s0014|test:1948-s0013|test:1950-s0004|test:1951-s0016|test:1952-s0013|test:1953-s0010|test:1954-s0007|test:1955-s0010|test:1956-s0012,']
3,0,test:1984-s0014|test:1999-s0038|test:1999-s0039,8.法律、法规规定的其他不得报考的情形。
2,0,test:1987-s0000|test:1987-s0001,南通开放大学始建于1979年，是一所面向全体社会成员，举办中高等职业教育、远程开放教育，社区教育和社会培训，服务全民终身学习的新型高等学校，隶属于南通市人民政府。
2,0,test:1987-s0002|test:1987-s0003,学校座落在江海交汇、人文荟萃的江苏省南通市。
2,0,test:1987-s0004|test:1987-s0005,为更好地选拔优秀适岗人才，充实人才队伍，优化师资结构，南通开放大学现面向社会公开招聘高层次人才8人，根据《江苏省事业单位公开招聘人员办法》（苏办发【2020】9号）精神，现将有关事项公告如下： 一、招聘岗位 招聘岗位及各岗位招聘条件等详见《
2,0,test:1987-s0006|test:1987-s0007,《岗位表》可在南通市人力资源和社会保障局网（http://rsj.nantong.gov.cn）、南通开放大学官网(https://www.ntou.edu.cn)查询。
2,0,test:1987-s0008|test:1987-s0009,二、资格条件 （一）具有中华人民共和国国籍，遵守中华人民共和国宪法和法律，拥护中国共产党领导和社会主义制度；
2,0,test:1987-s0010|test:1987-s0011,（二）具有良好的政治素质和道德品行；
2,0,test:1987-s0012|test:1987-s0013,（三）具有正常履行职责的身体条件和心理素质；
2,0,test:1987-s0014|test:1987-s0015,（四）博士研究生于1982年8月以后出生；
2,0,test:1987-s0016|test:1987-s0017,具有副高级专业技术资格人员放宽至1977年8月以后出生；
2,0,test:1987-s0018|test:1987-s0019,具有正高级专业技术资格人员可放宽至1972年8月以后出生。
2,0,test:1987-s0020|test:1987-s0021,（五）具备《岗位表》（附件1）中岗位要求的资格条件。
2,0,test:1987-s0022|test:1987-s0023,（1）资格条件中“专业”的设置目录为《江苏省2023年度考试录用公务员专业参考目录》（附件2）。
2,0,test:1987-s0024|test:1987-s0025,专业条件中还包括部分未列入专业参考目录但确有高等学校开设且南通开放大学需要的专业。
2,0,test:1987-s0026|test:1987-s0027,专业参考目录和招聘条件中都未列出的专业、留学人员的毕业专业，由南通开放大学根据招聘公告中明确的专业条件、应聘人员所学专业课程、研究方向等认定是否符合招聘岗位的专业要求。
2,0,test:1987-s0028|test:1987-s0029,专业名称已经调整的专业，如调整前或调整后的专业符合招聘岗位的专业要求，毕业院校以书面形式证明调整前后的专业为同一专业或专业课程基本一致，视为符合专业要求。
2,0,test:1987-s0030|test:1987-s0031,（2）应聘人员须同时具有相应学历和学位证书，且学历证书上的毕业专业与应聘专业相一致。
2,0,test:1987-s0032|test:1987-s0033,2023年毕业生，取得学历、学位证书的日期可放宽至2023年12月31日。
2,0,test:1987-s0034|test:1987-s0035,（3）“工作经历”是指正式参加工作的经历，不含个人学生时期实习、兼职工作经历。
2,0,test:1987-s0036|test:1987-s0037,应聘时须提供相关社保缴纳证明。
2,0,test:1987-s0038|test:1987-s0039,资格条件中有工作经历要求的，是指截至2023年8月的累计工作经历（按月计算）。
2,0,test:1987-s0040|test:1987-s0041,（六）取得祖国大陆普通高校学历的台湾学生和取得祖国大陆承认学历的其他台湾居民应聘时按国家和我省有关规定执行。
2,0,test:1987-s0042|test:1987-s0043,（七）有下列情形之一的，请不要报名应聘： （1）现役军人或国民教育序列普通高校在读非2023届毕业生；
2,0,test:1987-s0044|test:1987-s0045,（2）尚未解除纪律处分或者正在接受纪律审查的人员，刑事处罚期限未满或者涉嫌违法犯罪正在接受调查的人员；
2,0,test:1987-s0046|test:1987-s0047,（3）与事业单位负责人员有夫妻关系、直系血亲关系、三代以内旁系血亲关系或者近姻亲关系等亲属关系的，不得应聘《事业单位人事管理回避规定》明确应当回避的岗位；
2,0,test:1987-s0048|test:1987-s0049,（4）国（境）外留学毕业但截至报名前未取得教育部留学服务中心出具的《国（境）外学历学位认证书》的；
2,0,test:1987-s0050|test:1987-s0051,（5）新《江苏省事业单位公开招聘人员办法》于2020年3月13日起施行，根据其后发布的事业单位公开招聘人员公告，被聘用到江苏省地方各类事业单位，且在2024年2月20日前3年服务期未满的在编（在册）人员；
2,0,test:1987-s0052|test:1987-s0053,（6）2024年2月20日前，5年服务期未满的新录用公务员，或有规定（含协议明确）不得解聘离开现工作单位（岗位）的人员，或国家和省另有规定不得应聘到事业单位有关岗位的人员。
2,0,test:1987-s0054|test:1987-s0055,（7）依照《事业单位人员管理回避规定》明确应当回避的岗位。
2,0,test:1987-s0056|test:1987-s0057,三、报名安排 （一）报名时间、方式 所有岗位自公告发布之日起接受报名，有效期至2023年8月20日。
2,0,test:1987-s0058|test:1987-s0059,报考人员报名后由南通开放大学对应聘人员进行资格初审，初审时间为公告发布之日到报名截止日，初审结果在一周内以电子邮件或电话的方式告知应聘人员，如应聘人员对初审结果有异议，请向南通开放大学陈述申辩，联系方式：0513-83559926。
2,0,test:1987-s0060|test:1987-s0061,陈述申辩时间为开始报名时间至8月21日下午16:00。
2,0,test:1987-s0062|test:1987-s0063,报名采用邮箱报名方式，应聘人员填写《南通开放大学公开招聘工作人员报名登记表》（附件3），连同以下材料电子版打包发送至邮箱：ntkdrsc@126.com，邮件主题为：岗位代码+姓名+专业，应聘人员每次限报一个岗位。
2,0,test:1987-s0064|test:1987-s0065,1.各岗位要求的学历、学位证书。
2,0,test:1987-s0066|test:1987-s0067,2.有效期内的二代居民身份证（正反面复印在一张A4纸上）。
2,0,test:1987-s0068|test:1987-s0069,3.提供其他相关材料（如发表论文、课题、获奖证书、科研成果等）。
2,0,test:1987-s0070|test:1987-s0071,（二）报名注意事项 1.本次公开招聘不设开考比例。
2,0,test:1987-s0072|test:1987-s0073,资格初审通过的应聘人员，即进入资格复审。
2,0,test:1987-s0074|test:1987-s0075,2.无人报考的岗位，将取消该招聘岗位。
2,0,test:1987-s0076|test:1987-s0077,取消岗位情况在南通市人力资源和社会保障局网、南通开放大学官网公告。
2,0,test:1987-s0078|test:1987-s0079,应聘岗位被取消的报名成功人员可在2023年8月22日09:00～12:00，改报其他符合条件的岗位。
2,0,test:1987-s0080|test:1987-s0081,3.凡属于弄虚作假或者不符合报名资格条件报考的，经查实，取消应聘资格或聘用资格，并承担相应责任。
2,0,test:1987-s0082|test:1987-s0083,四、资格复审 资格复审时间、地点和其他要求等具体事宜将在南通开放大学官网公告，逾期未参加的，视为自动放弃。
2,0,test:1987-s0084|test:1987-s0085,应聘人员应携带报名相关材料原件、复印件，在规定时间、地点进行资格复审。
2,0,test:1987-s0086|test:1987-s0087,经复审，不具备报考资格、材料不全或材料信息不实影响资格复审结果的，不得进入考试程序。
2,0,test:1987-s0088|test:1987-s0089,应聘人员如对资格复审有异议，可当场向负责资格复审的南通开放大学陈述申辩。
2,0,test:1987-s0090|test:1987-s0091,五、考试方式 各岗位考试方式均为面试，面试由试讲与答辩两个环节组成，成绩以百分制计算。
2,0,test:1987-s0092|test:1987-s0093,试讲与答辩成绩当场告知考生，都以60分为合格分数线。
2,0,test:1987-s0094|test:1987-s0095,报考岗位最终成绩计算方法：总成绩＝试讲成绩×50%+答辩成绩×50%。
2,0,test:1987-s0096|test:1987-s0097,在上述范围内的应聘人员，请在成绩公布后保持联系方式畅通，联系不到者视为自动放弃。
2,0,test:1987-s0098|test:1987-s0099,六、体检和考察 在面试成绩合格者中，按招聘岗位拟招聘人数1:1的比例从高分到低分确定参加体检人员（如面试成绩相同进行加试，以加试成绩高者在前）。
2,0,test:1987-s0100|test:1987-s0101,体检标准参照《国家公务员录用体检通用标准（试行）》执行。
2,0,test:1987-s0102|test:1987-s0103,体检合格后，南通开放大学组织考察，考察工作参照《江苏省公务员录用考察办法（试行）》执行。
2,0,test:1987-s0104|test:1987-s0105,根据任职要求和岗位条件，重点考察其思想素质、道德品行、能力素质、心理素质、遵纪守法、廉洁自律、职位匹配及核实应聘人员报考资格条件及提交的报考信息和材料的真实准确等。
2,0,test:1987-s0106|test:1987-s0107,七、公示 南通开放大学根据体检和考察结果，集体研究确定拟聘用人员名单，报南通市人力资源和社会保障局。
2,0,test:1987-s0108|test:1987-s0109,拟聘用人员名单将在南通市人力资源和社会保障网站及南通开放大学官网公示7个工作日。
2,0,test:1987-s0110|test:1987-s0111,拟聘人员名单公示后，应聘人员如无正当理由放弃聘用资格的，南通开放大学将在名单公示结束后的1年内取消其再次应聘本单位的资格。
2,0,test:1987-s0112|test:1987-s0113,八、聘用和递补 经公示无异议的拟聘用人员，由南通开放大学报送南通市人力资源和社会保障局审批，办理聘用审批手续并发放《聘用通知书》。
2,0,test:1987-s0114|test:1987-s0115,拟聘用人员应在《聘用通知书》规定时间内报到并办理聘用手续，签订聘用合同，期限不低于3年（含试用期）。
2,0,test:1987-s0116|test:1987-s0117,初次就业的人员试用期为12个月，其他人员试用期为6个月，试用期满考核合格予以定岗定级。
2,0,test:1987-s0118|test:1987-s0119,属于下列情况之一者，取消聘用资格：①在规定期限内，无工作单位的人员不与南通开放大学签订聘用合同者，有工作单位的人员不能提供与原单位解除关系证明者。
2,0,test:1987-s0120|test:1987-s0121,②2023年毕业生不能按期取得相应学历、学位证书者，岗位条件明确要求的材料不能提供者。
2,0,test:1987-s0122|test:1987-s0123,③应聘信息及材料不符合实际招聘要求或作假人员。
2,0,test:1987-s0124|test:1987-s0125,④试用期考核不合格者，取消聘用资格，解除聘用合同。
2,0,test:1987-s0126|test:1987-s0127,因下列情形导致拟聘岗位出现空缺的，在该岗位面试合格者中按照面试成绩从高分到低分依次递补： （一）应聘人员考察或体检不符合要求的；
2,0,test:1987-s0128|test:1987-s0129,（二）拟聘用人选公示的结果影响聘用的；
2,0,test:1987-s0130|test:1987-s0131,（三）拟聘人员明确放弃聘用的；
2,0,test:1987-s0132|test:1987-s0133,（四）其他导致拟聘岗位空缺的情形。
2,0,test:1987-s0134|test:1987-s0135,聘用审批后不再递补。
2,0,test:1987-s0136|test:1987-s0137,九、招聘政策咨询 南通开放大学负责此次招聘政策咨询。
2,0,test:1987-s0138|test:1987-s0139,招聘政策咨询：邮箱ntkdrsc@126.com，或电话咨询0513-83559926（工作日上午8:30—11:30，下午14:00—17:00）。
2,0,test:1987-s0140|test:1987-s0141,联系人：朱老师。
2,0,test:1987-s0142|test:1987-s0143,十、纪律监督 招聘工作以本《公告》为依据，一经发现并查实不符合本公告规定以及徇私舞弊、弄虚作假的，即取消应聘人员的考试和聘用资格，并追究相关工作人员责任。
2,0,test:1987-s0144|test:1987-s0145,南通开放大学纪委办公室对此次招聘工作进行纪律监督。
2,0,test:1987-s0146|test:1987-s0147,监督电话：0513-83559270 南通开放大学 2023年8月1日 附件1：2023年南通开放大学公开招聘高层次人才岗位表.xlsx 附件2：江苏省2023年度考试录用公务员专业参考目录.doc 附件3：南通开放大学公开招聘高层次人才报
2,0,test:1988-s0000|test:1988-s0001,根据《事业单位人事管理条例》及《河北省事业单位公开招聘工作人员暂行办法》，为满足我县事业单位工作需要，2023年面向社会公开招聘工作人员143名。
2,0,test:1988-s0002|test:1988-s0003,现公告如下：一、招聘原则和方式坚持德才兼备和民主、公开、竞争、择优的原则，在考试、考核的基础上择优聘用。
2,0,test:1988-s0004|test:1988-s0005,二、招聘名额公开招聘事业单位工作人员143名。
2,0,test:1988-s0006|test:1988-s0007,岗位、人数、条件等详见《涿鹿县2023年事业单位公开招聘工作人员岗位信息表》(附件1)。
2,0,test:1988-s0008|test:1988-s0009,三、招聘对象和条件（一）应聘人员应具备以下基本条件：1.具有中华人民共和国国籍，遵守宪法和法律。
2,0,test:1988-s0010|test:1988-s0011,2.具有良好的品行和职业道德，无政治历史问题，无违法违纪行为。
2,0,test:1988-s0012|test:1988-s0013,3.具有国家承认的大学专科及以上学历的毕业生。
2,0,test:1988-s0014|test:1988-s0015,4.具有正常履行职责的身体条件，参照公务员录用体检通用标准（国人部发〔2005〕1号文件印发、人社部发〔2016〕140号文件修订）。
2,0,test:1988-s0016|test:1988-s0017,5.年龄一般在18周岁以上、35周岁以下（1987年8月7日至2005年8月6日期间出生）。
2,0,test:1988-s0018|test:1988-s0019,硕士研究生年龄可放宽到40周岁以下（1982年8月7日以后出生）。
2,0,test:1988-s0020|test:1988-s0021,计算年龄、户籍、档案关系等时间的截止日期为2023年8月7日。
2,0,test:1988-s0022|test:1988-s0023,6.通过自学考试、成人教育等非普通高等学历教育形式取得的学历（学位）须于2023年7月31日前取得；
2,0,test:1988-s0024|test:1988-s0025,普通高等学历教育（非在职）应届毕业生须于2023年7月31日前毕业取得学历（学位）；
2,0,test:1988-s0026|test:1988-s0027,留学回国人员须于2023年7月31日前取得国（境）外学位并完成教育部留学服务中心学历认证。
2,0,test:1988-s0028|test:1988-s0029,7.岗位条件中要求涿鹿县户籍的需具备以下条件之一：①应聘者本人具有涿鹿县户籍；
2,0,test:1988-s0030|test:1988-s0031,②应聘者的父母具有涿鹿县户籍；
2,0,test:1988-s0032|test:1988-s0033,③应聘者的配偶具有涿鹿县户籍；
2,0,test:1988-s0034|test:1988-s0035,④应聘者配偶的父母具有涿鹿县户籍。
2,0,test:1988-s0036|test:1988-s0037,8.职业院校毕业生报考时，在符合专业等其他条件的前提下，技工院校预备技师（技师）班毕业生可报名应聘学历要求为大学本科的岗位，高级工班毕业生可报名应聘学历要求为大学专科的岗位。
2,0,test:1988-s0038|test:1988-s0039,9.留学回国人员和其他海外、外国学历学位获得者的专业名称与招聘岗位要求专业名称不完全一致，但所学专业课程与招聘岗位专业课程大部分相同，且符合该岗位所需要的其他条件的，也可报考该招聘岗位。
2,0,test:1988-s0040|test:1988-s0041,（二）其他条件1.岗位条件中“高校毕业生”是指：（1）纳入国家统招计划、被普通高等院校录取，毕业后持有《全国普通高校毕业生就业协议书》的2023年高校毕业生；
2,0,test:1988-s0042|test:1988-s0043,（2）国家统一招生的2021年、2022年普通高校毕业生择业期内未落实工作单位，其档案关系仍保留在原毕业学校，或保留在各级毕业生就业主管部门（毕业生就业指导服务中心）、各级人才交流服务机构和各级公共就业服务机构的高校毕业生；
2,0,test:1988-s0044|test:1988-s0045,（3）2023年取得国（境）外学位并完成教育部门学历认证的留学回国人员，以及2021年、2022年取得国（境）外学位并完成教育部门学历认证且未落实工作单位的留学回国人员；
2,0,test:1988-s0046|test:1988-s0047,（4）普通高等院校在校生或毕业当年入伍，退役后（含复学毕业）2年内未落实工作单位的退役士兵。
2,0,test:1988-s0048|test:1988-s0049,2.岗位条件中“服务基层项目人员”是指：（1）在涿鹿县服务且2023年当年服务期满的“三支一扶”计划志愿者、“大学生志愿服务西部计划”人员；
2,0,test:1988-s0050|test:1988-s0051,（2）“退役大学生士兵”是指以下两类人员：一是具有涿鹿县户籍且从涿鹿县应征入伍，入伍前即取得普通高等教育全日制大学专科及以上学历的退役士兵；
2,0,test:1988-s0052|test:1988-s0053,二是具有涿鹿县户籍且大学期间从涿鹿县应征入伍、服役期满退出现役后复学，取得普通高等教育全日制大学专科以上学历的退役士兵；
2,0,test:1988-s0054|test:1988-s0055,（3）2023年应届毕业生中服务北京2022年冬奥会、冬残奥会的大学生志愿者。
2,0,test:1988-s0056|test:1988-s0057,（三）下列情况的不在招聘范围1.在读非应届普通高校学生。
2,0,test:1988-s0058|test:1988-s0059,2.试用期内的公务员和试用期内的事业单位工作人员、未满最低服务年限或未满约定最低服务期限的人员。
2,0,test:1988-s0060|test:1988-s0061,3.现役军人。
2,0,test:1988-s0062|test:1988-s0063,4.被依法列为失信联合惩戒对象的。
2,0,test:1988-s0064|test:1988-s0065,5.被开除中国共产党党籍的。
2,0,test:1988-s0066|test:1988-s0067,6.曾因犯罪受过刑事处罚和被开除公职的人员。
2,0,test:1988-s0068|test:1988-s0069,7.未经原单位同意或行业有规定不得应聘的机关事业单位正式在编人员。
2,0,test:1988-s0070|test:1988-s0071,8.应聘人员不得报考聘用后即构成回避关系的招聘岗位。
2,0,test:1988-s0072|test:1988-s0073,回避关系是指《事业单位人事管理回避规定》的有关规定执行。
2,0,test:1988-s0074|test:1988-s0075,即事业单位工作人员凡有下列亲属关系的，不得在同一事业单位聘用至具有直接上下级领导关系的管理岗位，不得在其中一方担任领导人员的事业单位聘用至从事组织（人事）、纪检监察、审计、财务工作的岗位，也不得聘用至双方直接隶属于同一领导人员的从事组织（人
2,0,test:1988-s0076|test:1988-s0077,②直系血亲关系，包括祖父母、外祖父母、父母、子女、孙子女、外孙子女；
2,0,test:1988-s0078|test:1988-s0079,③三代以内旁系血亲关系，包括叔伯姑舅姨、兄弟姐妹、堂兄弟姐妹、表兄弟姐妹、侄子女、甥子女；
2,0,test:1988-s0080|test:1988-s0081,④近姻亲关系，包括配偶的父母、配偶的兄弟姐妹及其配偶、子女的配偶及子女配偶的父母、三代以内旁系血亲的配偶；
2,0,test:1988-s0082|test:1988-s0083,⑤其他亲属关系，包括养父母子女、形成抚养关系的继父母子女及由此形成的直系血亲、三代以内旁系血亲和近姻亲关系。
2,0,test:1988-s0084|test:1988-s0085,9、法律法规规定不得招聘为事业单位工作人员的其他情形人员。
2,0,test:1988-s0086|test:1988-s0087,四、招聘程序（一）发布公告通过张家口市人力资源和社会保障局网站、涿鹿县人民政府网站向社会公开发布招聘信息。
2,0,test:1988-s0088|test:1988-s0089,（二）网上报名和资格初审招聘公告发布后，应聘人员可登录报名系统网上报名，报名与资格初审、缴费均在网上实现，每名应聘人员只能报考一个岗位。
2,0,test:1988-s0090|test:1988-s0091,1.报名系统网址：张家口市人力资源和社会保障局网站“事业单位招聘3”专栏（http://rsj.zjk.gov.cn）2.报名时间：2023年8月14日上午9：00—8月18日下午17：00。
2,0,test:1988-s0092|test:1988-s0093,3.缴费时间：2023年8月14日上午9：00—8月19日下午17：00。
2,0,test:1988-s0094|test:1988-s0095,4.“服务基层项目人员”岗位报名时间为8月14日至8月16日，截止到16日下午17:00“服务基层项目人员”岗位报名人数和岗位招聘人数的比例未达到2：1时，8月17日9：00至18日17：00将对其他符合该职位报考条件的考生开放报名。
2,0,test:1988-s0096|test:1988-s0097,5.报考“服务基层项目人员”岗位的考生，在报名网站报名时，同时将相关证明材料（参照资格复审所需材料）原件扫描成PDF格式发送至zlxgkzp@163.com进行专项审核，邮件名称格式为：报考岗位+姓名+报名号。
2,0,test:1988-s0098|test:1988-s0099,报名当日17:00前未按时提交证明材料的视为“审核不通过”。
2,0,test:1988-s0100|test:1988-s0101,6.报名考务费：每人100元（网上缴费）。
2,0,test:1988-s0102|test:1988-s0103,报名考务费减免对象和办法。
2,0,test:1988-s0104|test:1988-s0105,享受建档立卡脱贫家庭的考生和城乡低保家庭的考生，先在网上交费，待考试结束后7个工作日内考生到涿鹿县人力资源和社会保障局事业单位管理科审核并办理减免考试报名考务费用的退费手续。
2,0,test:1988-s0106|test:1988-s0107,审核确定符合减免条件的考生，所退费用退回原交费账户。
2,0,test:1988-s0108|test:1988-s0109,建档立卡脱贫家庭的考生需提供本人身份证和原扶贫手册（复印件）；
2,0,test:1988-s0110|test:1988-s0111,城乡低保家庭的考生需提供本人身份证和其家庭所在地的县（区）民政部门出具的享受最低生活保障的证明或低保证（复印件）。
2,0,test:1988-s0112|test:1988-s0113,退费事宜逾期不再办理。
2,0,test:1988-s0114|test:1988-s0115,网上报名基本程序：1.考生开始报名前，须完全了解本次招聘政策和拟应聘岗位条件，认真阅读《报名须知》并同意《诚信承诺书》，然后参照“考生操作指南”按步骤进行具体操作。
2,0,test:1988-s0116|test:1988-s0117,2.网上报名实行严格的自律机制，必须承诺履行《诚信承诺书》，考生对提交审核的报名信息的真实性负责，在资格复审时，凡发现网上填报的信息与实际情况不一致的，取消应聘资格。
2,0,test:1988-s0118|test:1988-s0119,3.网上报名须用有效的二代《居民身份证》申请“报名号”，并预选应聘岗位，获取“报名号”和“初始密码”后才能登录报名系统，进行填表和提交审核，报名号是登录报名系统的唯一标识，密码可修改，均务必牢记并保管好。
2,0,test:1988-s0120|test:1988-s0121,4.按照《填表说明》规范填写或选择表项，上传的电子照片要符合要求，否则将被报名系统自动拒绝。
2,0,test:1988-s0122|test:1988-s0123,报考信息通过审核后才能进行交费操作，交费成功即完成报名。
2,0,test:1988-s0124|test:1988-s0125,5.考生“提交审核”后信息将被锁定，在未反馈审核结果前不能修改。
2,0,test:1988-s0126|test:1988-s0127,一般情况下，审核员24小时内会在报名系统上回复审核结果。
2,0,test:1988-s0128|test:1988-s0129,“审核未过”的，可根据提示的未过原因，修改信息或改报岗位并重新提交审核；
2,0,test:1988-s0130|test:1988-s0131,“审核通过”的，将不能再修改，进入交费程序。
2,0,test:1988-s0132|test:1988-s0133,请考生尽量不要选择最后时刻报名，以免因报考条件不符或填报信息不完整等原因“审核未过”而错失改报机会。
2,0,test:1988-s0134|test:1988-s0135,6.应聘考生务必牢记报名和交费截止时间、打印《笔试准考证》时间、笔试时间等重要时间信息，凡是在规定时间未完成相关操作的，将被视为自动放弃。
2,0,test:1988-s0136|test:1988-s0137,同时，报名和考试期间务必保管好个人的证件和信息，因个人原因造成丢失、被他人盗用和信息被恶意篡改而影响报名和考试的，责任自负。
2,0,test:1988-s0138|test:1988-s0139,资格初审期间，请考生及时关注网上资格初审结果，并进行后续相应操作处理，因不及时查看网上审核结果错失报名机会的，后果由考生本人负责。
2,0,test:1988-s0140|test:1988-s0141,报名截止前2天报名人数比较集中，请尽量避开报名高峰期，以提高报名效率。
2,0,test:1988-s0142|test:1988-s0143,（三）笔试考试1.笔试开考比例。
2,0,test:1988-s0144|test:1988-s0145,岗位报名人数和岗位招聘人数的比例不低于2：1，报名人数达不到笔试开考比例的，按比例核减直至取消该岗位招聘计划。
2,0,test:1988-s0146|test:1988-s0147,报考被核减或被取消岗位的考生，不能再报其他岗位。
2,0,test:1988-s0148|test:1988-s0149,减少或取消岗位人数的公告将于8月20日在报名系统网站公布，请广大考生适时查询。
2,0,test:1988-s0150|test:1988-s0151,对报考核减或取消招聘岗位的考生，报名考务费退还到考生缴费账户。
2,0,test:1988-s0152|test:1988-s0153,2.笔试考试时间和地点。
2,0,test:1988-s0154|test:1988-s0155,笔试考试时间在报名系统网站另行通知，请广大考生随时关注报名系统网站发布的最新信息。
2,0,test:1988-s0156|test:1988-s0157,考试地点和具体时间详见《笔试准考证》，应聘人员按照《笔试准考证》上确定的考试地点、考场及要求参加考试。
2,0,test:1988-s0158|test:1988-s0159,3.笔试准考证打印。
2,0,test:1988-s0160|test:1988-s0161,完成网上报名的考生，根据网上通知时间，登录原报名网站，打印《笔试准考证》，逾期没有打印准考证视为自动放弃笔试。
2,0,test:1988-s0162|test:1988-s0163,笔试时，考生须持《二代居民身份证》、《笔试准考证》进入考场。
2,0,test:1988-s0164|test:1988-s0165,4.考试方式及内容。
2,0,test:1988-s0166|test:1988-s0167,笔试考试采取闭卷的方式。
2,0,test:1988-s0168|test:1988-s0169,报考公共类岗位的考生，参加公共类专业科目笔试；
2,0,test:1988-s0170|test:1988-s0171,报考医学类岗位的考生，参加医学类专业科目笔试。
2,0,test:1988-s0172|test:1988-s0173,公共类专业科目笔试包括《职业能力测验》、《公共基础知识》，两部分比例约为5:5，考试时间为120分钟，满分为100分。
2,0,test:1988-s0174|test:1988-s0175,医学类专业科目笔试包括《医学相关知识》、《公共基础知识》，两部分比例约为8:2，考试时间为120分钟，满分为100分。
2,0,test:1988-s0176|test:1988-s0177,职业能力测验主要包括：语言理解与表达、数量关系、判断推理、资料分析及综合常识等。
2,0,test:1988-s0178|test:1988-s0179,公共基础知识主要包括：政治（含时政）、法律、经济、公共管理、公文写作、职业道德、人文、国情等。
2,0,test:1988-s0180|test:1988-s0181,医学相关知识主要包括：医疗基础与临床知识、公共卫生知识、医学理论、卫生法学、职业道德素养等。
2,0,test:1988-s0182|test:1988-s0183,5.成绩查询。
2,0,test:1988-s0184|test:1988-s0185,笔试结束1周左右，在报名网站公布笔试成绩、笔试最低控制分数线、进入资格复审人选和证件审核时间、地点，请考生及时上网查询。
2,0,test:1988-s0186|test:1988-s0187,6.设置笔试合格分数线（即：笔试最低控制分数线）。
2,0,test:1988-s0188|test:1988-s0189,笔试最低控制分数线由涿鹿县事业单位公开招聘领导小组根据考生考试总体情况划定。
2,0,test:1988-s0190|test:1988-s0191,对在笔试最低控制分数线以上的考生，根据招聘计划和笔试成绩，分岗位按不高于2：1的比例确定进入面试人选，比例内末位笔试成绩并列的都进入面试人选。
2,0,test:1988-s0192|test:1988-s0193,（四）资格复审考生本人需携带相关证件和材料参加资格复审。
2,0,test:1988-s0194|test:1988-s0195,进入资格复审的人选须提供的证件和材料是：按照招聘岗位条件要求能够证明自己资格条件的二代身份证、户口本、毕业证、学位证、资格证、笔试准考证、学信网下载打印的《教育部学籍在线验证报告》等相关证件材料原件和复印件。
2,0,test:1988-s0196|test:1988-s0197,1.2021年、2022年毕业生报考“高校毕业生”岗位的考生还需要提供由档案存放部门出具的存档证明和《未就业承诺书》；
2,0,test:1988-s0198|test:1988-s0199,2.2023年应届毕业生还需要提供《全国普通高校毕业生就业协议书》，2023年应届毕业生未取得毕业证的还需要提供毕业院校出具的证明；
2,0,test:1988-s0200|test:1988-s0201,3.报考“服务基层项目人员”岗位中“三支一扶”计划志愿者、“大学生志愿服务西部计划”人员，还需要提供服务期满合格证书及复印件和涿鹿县相关部门提供的在岗服务证明原件，证明中需注明服务起止时间、是否续聘及历年考核情况；
2,0,test:1988-s0202|test:1988-s0203,4.报考“服务基层项目人员”岗位中“退役大学生士兵”，还需要提供《退役证》原件及复印件、《入伍通知书》复印件（加盖涿鹿县人武部公章）；
2,0,test:1988-s0204|test:1988-s0205,5.报考“服务基层项目人员”岗位中“服务冬奥志愿者”，还需要提供国家冬奥办颁发的志愿服务证书原件及复印件；
2,0,test:1988-s0206|test:1988-s0207,6.已与现工作单位签订过劳动（聘用）合同的机关事业单位正式在编人员还需要提供单位同意报考证明（加盖单位公章、主要领导签字）；
2,0,test:1988-s0208|test:1988-s0209,7.资格复审合格即进入面试程序。
2,0,test:1988-s0210|test:1988-s0211,因报名时填报信息不实、不符合应聘条件、不按时限和要求提供资格复审资料或无故不参加资格复审的考生，取消进入面试及后续资格，并依据本岗位笔试成绩由高分到低分的顺序递补一次进入面试（递补时，笔试成绩并列的，一并进入面试），对严重弄虚作假行为要追究
2,0,test:1988-s0212|test:1988-s0213,（五）面试1.面试时间在报名网站另行通知，面试地点及具体要求等详见《面试通知单》，请广大考生随时关注报名网站发布的最新信息。
2,0,test:1988-s0214|test:1988-s0215,2.采取结构化面试的方式，时间6分钟，每名考生需回答2道题，主要测试内容包括理论素养、综合分析、临场应变、仪容举止、语言表达能力以及心理素质等。
2,0,test:1988-s0216|test:1988-s0217,3.面试时，考生只准报抽签顺序号，不得报姓名及个人信息，否则视为违纪。
2,0,test:1988-s0218|test:1988-s0219,4.面试由涿鹿县事业单位公开招聘工作领导小组统一组织，采取体操式打分法，评委现场打分，即去掉一个最高分和一个最低分，其他5位评委的平均分为面试成绩。
2,0,test:1988-s0220|test:1988-s0221,面试成绩满分100分，合格分数线为60分，低于面试合格分数线者，取消进入后续资格。
2,0,test:1988-s0222|test:1988-s0223,5.如招聘岗位实际面试人员未形成竞争（即参加面试人数少于或等于该岗位拟招聘人数），该岗位面试人员面试成绩低于其所在面试考官组使用同一面试题本面试所有人员平均成绩的，取消进入后续资格。
2,0,test:1988-s0224|test:1988-s0225,6.综合成绩计算公共类综合成绩=笔试成绩×50%+面试成绩×50%医学类综合成绩=笔试成绩×50%+面试成绩×50%根据各职位招聘名额，按照笔试、面试的综合成绩排名，其中，笔试、面试有一项缺考或低于合格分数线者，不计总成绩。
2,0,test:1988-s0226|test:1988-s0227,同一职位综合成绩出现并列时，笔试成绩高者优先，笔试成绩并列时，学历高者优先。
2,0,test:1988-s0228|test:1988-s0229,（六）体检根据应聘人员考试综合成绩，按1:1的比例确定参加体检人选，到指定医院参照《公务员录用体检通用标准》进行体检，费用自理。
2,0,test:1988-s0230|test:1988-s0231,初次体检不合格者允许复检一次，复检仍不合格者，取消聘用资格。
2,0,test:1988-s0232|test:1988-s0233,无故未按时参加体检的、放弃体检资格及体检不合格者，取消聘用资格，并按综合成绩由高到低的顺序递补一次。
2,0,test:1988-s0234|test:1988-s0235,（七）考察审档考察由涿鹿县人力资源和社会保障局会同事业单位主管部门负责。
2,0,test:1988-s0236|test:1988-s0237,对体检合格者政治思想、道德品质、工作能力和现实表现进行考察，并对个人档案材料及相关证件的真实性进行审查。
2,0,test:1988-s0238|test:1988-s0239,被考察人员应配合提交考察工作所需的人事档案及其他相关资料。
2,0,test:1988-s0240|test:1988-s0241,不能按规定提供或无正当理由逾期不予提供的，视为自动放弃，取消聘用资格。
2,0,test:1988-s0242|test:1988-s0243,考察工作主要参照《关于做好公务员录用考察工作的通知》（国公局发〔2013〕2号）文件执行。
2,0,test:1988-s0244|test:1988-s0245,在考察中，发现考察对象有下列情形之一的，不得将其确定为聘用人选：1.不具备报考资格条件的，未达到事业单位工作人员基本素质标准的，有事业单位工作人员职业应当禁止的行为的，具体包括：散布有损国家声誉的言论，组织或者参加旨在反对国家的集会、游行、
2,0,test:1988-s0246|test:1988-s0247,组织或者参加非法组织；
2,0,test:1988-s0248|test:1988-s0249,玩忽职守，贻误工作的；
2,0,test:1988-s0250|test:1988-s0251,压制批评，打击报复的；
2,0,test:1988-s0252|test:1988-s0253,弄虚作假，误导、欺骗领导或公众的；
2,0,test:1988-s0254|test:1988-s0255,贪污、行贿、受贿，利用职务之便为自己或者他人谋取私利的；
2,0,test:1988-s0256|test:1988-s0257,违反财经纪律，浪费国家或集体资财的；
2,0,test:1988-s0258|test:1988-s0259,滥用职权，侵害公民、法人或者其他组织的合法权益的；
2,0,test:1988-s0260|test:1988-s0261,泄露国家秘密或者工作秘密的；
2,0,test:1988-s0262|test:1988-s0263,在对外交往中损害国家荣誉和利益的；
2,0,test:1988-s0264|test:1988-s0265,参与或者支持色情、吸毒、赌博、迷信等活动的；
2,0,test:1988-s0266|test:1988-s0267,严重违反职业道德、社会公德、家庭美德的。
2,0,test:1988-s0268|test:1988-s0269,2.曾有违法违纪违规行为的，具体包括：触犯刑律被免予刑事处罚的；
2,0,test:1988-s0270|test:1988-s0271,曾受过劳动教养的；
2,0,test:1988-s0272|test:1988-s0273,曾被开除公职的；
2,0,test:1988-s0274|test:1988-s0275,曾被开除党、团籍的；
2,0,test:1988-s0276|test:1988-s0277,在高等教育期间受到开除学籍处分的；
2,0,test:1988-s0278|test:1988-s0279,在国家法定考试中有严重舞弊行为的；
2,0,test:1988-s0280|test:1988-s0281,近三年内曾受记大过、降级、撤职、留用（留党、留校）察看等处分的；
2,0,test:1988-s0282|test:1988-s0283,事业单位工作人员被降低岗位等级或者撤职后不满三年的；
2,0,test:1988-s0284|test:1988-s0285,担任领导职务的公务员引咎辞职或责令辞职不满三年的；
2,0,test:1988-s0286|test:1988-s0287,隐瞒个人重要信息，欺骗或误导组织的。
2,0,test:1988-s0288|test:1988-s0289,3.政治品德不良，社会责任感和为人民服务意识较差，以及其他不宜担任事业单位工作人员的情形。
2,0,test:1988-s0290|test:1988-s0291,（八）公示、聘用1.根据考试成绩及体检、考察结果，确定拟聘用人员并将拟聘用人员名单在张家口市人力资源和社会保障局网站、涿鹿县人民政府网站公示7个工作日。
2,0,test:1988-s0292|test:1988-s0293,2.公示期间有人举报经查实影响聘用以及体检、考察不合格取消聘用资格或在此期间自动放弃者，所空出的岗位依据综合成绩由高到低顺序依次递补。
2,0,test:1988-s0294|test:1988-s0295,3.对公示期满无异议的，或有反映问题但经核实不影响聘用的，由事业单位主管部门提出聘用意见，审批后按有关规定签订聘用合同，办理就业、流动、工资、社保等相关手续。
2,0,test:1988-s0296|test:1988-s0297,4.被聘用人员列入事业编制，待遇按有关规定执行。
2,0,test:1988-s0298|test:1988-s0299,被聘用人员按相关政策规定实行试用期，试用期一并计算在聘用合同期限内。
2,0,test:1988-s0300|test:1988-s0301,试用期满考核合格的，予以正式聘用，不合格的，取消聘用。
2,0,test:1988-s0302|test:1988-s0303,本次招聘的事业单位人员设定服务年限为5年（含试用期），签订最低服务年限协议，协议期限内不予办理调出县外手续。
2,0,test:1988-s0304|test:1988-s0305,五、其他相关事宜1.考生必须履行《诚信承诺书》要求，对个人提交信息和提供材料的真实性负责。
2,0,test:1988-s0306|test:1988-s0307,资格审核贯穿招聘工作全过程，在任何环节，发现考生不符合招聘条件，弄虚作假的，取消应聘资格，问题严重的要追究责任。
2,0,test:1988-s0308|test:1988-s0309,2.考生在网上报名时，务必填写本人常用的联系方式，并保持手机等通讯设备畅通，因通讯不畅影响报名、考试、资格审查、体检、考察、递补的，后果自负。
2,0,test:1988-s0310|test:1988-s0311,3.相关人员要认真执行回避等有关规定，构成回避情形时，要自觉、主动回避。
3,0,test:1988-s0312|test:1988-s0313|test:1988-s0314,4.在公开招聘过程中发现违纪违规行为，严格按照《事业单位公开招聘违纪违规行为处理规定》等处理。
3,0,test:1988-s0315|test:1988-s0316|test:1988-s0317,5.招聘工作全程在纪检监察部门监督、指导下进行，并欢迎社会各界监督。
3,0,test:1988-s0318|test:1988-s0319|test:1988-s0320,本方案未尽事宜，由涿鹿县事业单位公开招聘工作领导小组研究决定。
3,0,test:1988-s0321|test:1988-s0322|test:1988-s0323,本公告发布后，如有突发重大变化，将按照上级指示精神，酌情调整变更相关工作安排。
3,0,test:1988-s0324|test:1988-s0325|test:1988-s0326,特别提醒：本次考试不指定考试辅导用书，不举办也不委托任何机构或个人举办考试辅导培训班。
3,0,test:1988-s0327|test:1988-s0328|test:1988-s0329,目前社会上出现的假借事业单位招聘考试命题组、专门培训机构等名义举办的辅导班、辅导网站或发行的出版物、上网卡等，均与本次考试无关。
3,0,test:1988-s0330|test:1988-s0331|test:1988-s0332,敬请广大应聘者提高警惕，切勿上当受骗。
3,0,test:1988-s0333|test:1988-s0334|test:1988-s0335,咨询电话：0313-6586386监督电话：0313-6583150附件1.《涿鹿县2023年事业单位公开招聘工作人员岗位信息表》.xlsx附件2.《事业单位公开招聘违纪违规行为处理规定》.docx涿鹿县事业单位公开招聘工作领导小组2023
3,0,test:1989-s0000|test:1989-s0001|test:1989-s0002,华富街道办2023年7月公开选用机关事业单位辅助人员和社区专职工作者考核工作已于2023年8月16日完成。
3,0,test:1989-s0003|test:1989-s0004|test:1989-s0005,"根据《深圳市福田区2023年7月公开选用机关事业单位辅助人员和社区专职工作者公告》要求,现将总成绩及入围体检人员名单等相关事项公告如下：一、入围体检人员入围体检人员名单详见附件。"
3,0,test:1989-s0006|test:1989-s0007|test:1989-s0008,二、公示公示时间为2023年8月18日至8月24日（5个工作日）。
3,0,test:1989-s0009|test:1989-s0010|test:1989-s0011,"在公示期限内，可通过来信、来电、来访等形式，向华富街道办事处反映公示对象的情况和问题（地址:深圳市福田区皇岗路莲花一村华富街道办事处综合楼202室,联系电话:0755-8325 9233，受理时间:工作日上午9:00-12:00,下午2:0"
3,0,test:1989-s0012|test:1989-s0013|test:1989-s0014,反映情况和问题应实事求是，客观公正。
3,0,test:1989-s0015|test:1989-s0016|test:1989-s0017,为便于核实、反馈有关情况，提倡反映人提供真实姓名、联系方式或工作单位。
3,0,test:1989-s0018|test:1989-s0019|test:1989-s0020,我们将严格遵守工作纪律，履行保密义务。
3,0,test:1989-s0021|test:1989-s0022|test:1989-s0023,经调查属实并影响选用，取消选用资格。
3,0,test:1989-s0024|test:1989-s0025|test:1989-s0026,三、体检（一）体检时间考生于2023年8月21日前完成。
3,0,test:1989-s0027|test:1989-s0028|test:1989-s0029,无正当理由不按时参加体检的，取消选用资格。
3,0,test:1989-s0030|test:1989-s0031|test:1989-s0032,（二）体检医院广州中医药大学深圳医院。
3,0,test:1989-s0033|test:1989-s0034|test:1989-s0035,地址:深圳市福田区北环大道6001号综合楼一楼体检中心。
2,0,test:1989-s0036|test:1989-s0037,咨询电话:0755-8354 8611、0755-8354 9999。
2,0,test:1989-s0038|test:1989-s0039,（三）体检项目“招工体检”套餐+血常规。
2,0,test:1989-s0040|test:1989-s0041,（四）注意事项1.体检费用由考生自理。
2,0,test:1989-s0042|test:1989-s0043,2.其他医疗单位的检查结果，一律不作为判断体检合格的依据。
2,0,test:1989-s0044|test:1989-s0045,3.考生需准备有效居民身份证及近期大一寸免冠彩色照片参加体检。
2,0,test:1989-s0046|test:1989-s0047,"4.考生在医院服务台开单缴费时出示本公告,并说明体检项目,以防漏项。"
2,0,test:1989-s0048|test:1989-s0049,"5.体检前一天注意休息,切勿熬夜,不要饮酒,避免剧烈运动。"
2,0,test:1989-s0050|test:1989-s0051,"体检当天需要进行采血等检查,请在受检前禁食8-12小时。"
2,0,test:1989-s0052|test:1989-s0053,"6.体检严禁弄虚作假,因隐瞒病史等影响体检结果或存在其他违纪违规行为的取消选用资格。"
2,0,test:1989-s0054|test:1989-s0055,四、政审考生在进入体检人员名单公布后2日内自行办理无犯罪记录证明。
2,0,test:1989-s0056|test:1989-s0057,凡是存在违反党纪和职务违法、违反法律法规及相关规定、道德品行不佳等情形的，一律不得选用。
2,0,test:1989-s0058|test:1989-s0059,五、其他事项（一）经体检合格、政审合格及公示没有投诉、经查投诉不实或投诉属实但不影响选用，且不违反关于选用有关规定的，确定为拟用人选。
2,0,test:1989-s0060|test:1989-s0061,递交入职材料时间另行通知。
2,0,test:1989-s0062|test:1989-s0063,（二）本次招聘由深圳市福田鸿博人力资源有限公司负责联系考生事宜。
2,0,test:1989-s0064|test:1989-s0065,考生提供的联系电话应准确无误，确保能及时联系。
2,0,test:1989-s0066|test:1989-s0067,因提供错误联系信息或无法及时联系造成的后果由考生本人承担。
2,0,test:1989-s0068|test:1989-s0069,（三）其他未尽事宜以《深圳市福田区2023年7月公开选用机关事业单位辅助人员和社区专职工作者公告》为准。
2,0,test:1989-s0070|test:1989-s0071,（四）咨询电话:0755-8325 9233，咨询时间:工作日上午9:00-12:00，下午2:00-6:00。
2,0,test:1989-s0072|test:1989-s0073,附件：华富街道办2023年7月公开选用机关事业单位辅助人员和社区专职工作者总成绩及入围体检名单深圳市福田区华富街道办事处2023年8月17日
2,0,test:1990-s0000|test:1990-s0001,中国水产科学研究院黑龙江水产研究所是我国成立最早、北方地区唯一的国家级淡水水产科研机构，创建于1950年，隶属于农业农村部中国水产科学研究院，所本部驻地黑龙江省哈尔滨市，主要从事淡水鱼类特别是冷水性鱼类及寒冷地区鱼类的研究。
2,0,test:1990-s0002|test:1990-s0003,为加强人才队伍建设，优化岗位结构，现将2023年度第二批招聘岗位公告如下：一、招聘岗位及要求：共11个岗位（11人），具体要求详见下表：序号岗位名称岗位简介招聘人数招聘范围专业学历要求学位要求年龄要求4鱼类遗传育种利用遗传学分析方法，从事鲤
2,0,test:1990-s0004|test:1990-s0005,1高校毕业生、留学回国人员、博士后出站人员、社会在职人员等水产及生物类相关专业研究生博士35周岁以下5鱼类遗传育种从事鲤科鱼类实验鱼繁殖、养殖工作，在宽甸基地一线负责基地管理、科研工作1高校毕业生、留学回国人员、博士后出站人员、社会在职人员
2,0,test:1990-s0006|test:1990-s0007,负责车间鲟鳇鱼的驯化、苗种培育等工作1高校毕业生、留学回国人员、博士后出站人员、社会在职人员等水产、生物学、管理学及相关专业本科及以上无35周岁以下10水生动物病害防控病毒病防控技术研究，从事IHN及IPN等病毒病疫苗产业化技术研究1高校毕
2,0,test:1990-s0008|test:1990-s0009,（二）热爱渔业，爱岗敬业，事业心和责任感强，具有良好的团队协作和开拓创新精神；
2,0,test:1990-s0010|test:1990-s0011,（三）学习成绩优良或具有较为丰富的相关工作经验；
2,0,test:1990-s0012|test:1990-s0013,（四）身体健康，具有履行岗位职责的身体条件和心理素质；
2,0,test:1990-s0014|test:1990-s0015,（五）具备应聘岗位所需的专业、技能等相关条件。
2,0,test:1990-s0016|test:1990-s0017,三、招聘程序（一）报名：请报名者在9月1日前上网填写信息登记表（https://f.wps.cn/w/x1D1tjkT/或在文末扫码），并下载填写《黑龙江水产研究所2023年度公开招聘工作人员简历》（附件1），将电子版发至招聘邮箱hljzh
2,0,test:1990-s0018|test:1990-s0019,（二）资格审查：对报名人员的应聘资格条件进行审查。
2,0,test:1990-s0020|test:1990-s0021,遴选进入考试的人选，将电话通知本人。
2,0,test:1990-s0022|test:1990-s0023,（三）考试：当审查合格人选满足招考条件时，开始考试，考试内容包括笔试和面试，主要测试招聘岗位所需的专业知识、业务能力、工作技能、英语水平、写作能力等。
2,0,test:1990-s0024|test:1990-s0025,博士仅面试。
2,0,test:1990-s0026|test:1990-s0027,（四）考察、体检：根据考试表现，确定进入考察和体检人选。
2,0,test:1990-s0028|test:1990-s0029,（五）结果公示：综合考试考察情况确定拟录用人员，在我所网站上公示。
2,0,test:1990-s0030|test:1990-s0031,（六）签订聘用合同：公示无异议的人员，按规定办理入职手续。
2,0,test:1990-s0032|test:1990-s0033,四、注意事项（一）应聘者须严格按照格式如实提供个人简历和信息情况。
2,0,test:1990-s0034|test:1990-s0035,本人对填报信息的真实性负完全责任，弄虚作假的，取消应聘资格。
2,0,test:1990-s0036|test:1990-s0037,（二）请准确填写联系手机，确保联络畅通。
2,0,test:1990-s0038|test:1990-s0039,（三）请关注我所网站“人才队伍-人才招聘”栏目，及时了解考试安排、录用公示等相关信息。
2,0,test:1990-s0040|test:1990-s0041,五、相关待遇（一）一经录用，进入事业编制，按照国家有关规定实行聘用制，聘期内享受国家财政拨款事业单位的工资福利待遇。
2,0,test:1990-s0042|test:1990-s0043,（二）享受国家及黑龙江省规定的年休假、产假、婚假、探亲假等法定假期。
2,0,test:1990-s0044|test:1990-s0045,（三）在条件允许下为在哈无住房的单身职工提供临时性的宿舍。
2,0,test:1990-s0046|test:1990-s0047,（四）符合《新时代龙江人才振兴60条》政策的人才，协助申请A、B、C、D、E类人才300万元、150万元、70万元、35万元、15万元安家补贴。
2,0,test:1990-s0048|test:1990-s0049,（五）优秀博士请参阅黑龙江水产研究所引进博士人才的公告 https://www.hrfri.ac.cn/info/1276/6580.htm六、联系方式联系部门：中国水产科学研究院黑龙江水产研究所人事处联系地址：黑龙江省哈尔滨市道里区松发街
2,0,test:1991-s0000|test:1991-s0001,事业单位招聘考试网2023年08月23日讯：为贯彻落实省卫生健康委、省委编办、省教育厅、省财政厅、省人力资源社会保障厅联合印发的《海南省实施大学生乡村医生专项计划工作方案》及《海南省卫生健康委员会关于落实允许大学毕业生免试申请乡村医生执业注
2,0,test:1991-s0002|test:1991-s0003,现就有关事项公告如下：一、招聘人数2023年全市拟招聘大学生乡村医生18名(详见附件1)。
2,0,test:1991-s0004|test:1991-s0005,二、招聘条件(一)招聘对象。
2,0,test:1991-s0006|test:1991-s0007,具有海南省户籍或生源地为海南省的全日制大专以上学历的临床医学、中医学类、中西医结合类等医学专业2023年应届毕业生(含尚在择业期内未落实工作单位的2021年、2022年毕业生，不含村医定单定向生)。
2,0,test:1991-s0008|test:1991-s0009,(二)除规定的职位资格条件外，还应具备以下条件：1.具有中华人民共和国国籍;
2,0,test:1991-s0010|test:1991-s0011,2.遵守国家法律、法规，无违法、违纪行为;
2,0,test:1991-s0012|test:1991-s0013,3.具有良好的品行和职业道德;
2,0,test:1991-s0014|test:1991-s0015,4.身体健康，具有正常履行岗位职责的身体条件;
2,0,test:1991-s0016|test:1991-s0017,5.符合招聘职位所需的其他具体条件及资格要求。
2,0,test:1991-s0018|test:1991-s0019,(三)具有下列情形之一者，不得报考：1.尚未解除党纪、政纪处分或正在接受纪律审查的;
2,0,test:1991-s0020|test:1991-s0021,2.刑事处罚期限未满或涉嫌违法犯罪正在接受调查的;
2,0,test:1991-s0022|test:1991-s0023,3.在公务员招录、事业单位公开招聘中违纪违规且处理期限未满的;
2,0,test:1991-s0024|test:1991-s0025,4.公务员或事业单位工作人员处于试用期内或未满最低服务年限的;
2,0,test:1991-s0026|test:1991-s0027,5.失信被执行人;
2,0,test:1991-s0028|test:1991-s0029,6.按照《海南省事业单位公开招聘人员实施办法》(琼人社发〔2018〕516号)的相关规定应当回避的;
2,0,test:1991-s0030|test:1991-s0031,7.法律、法规规定的其他不得报考的情形。
2,0,test:1991-s0032|test:1991-s0033,三、招聘程序(一)招聘信息发布招聘公告通过琼海市人民政府门户网站(http://qionghai.hainan.gov.cn/)、琼海市卫生健康委员会微信公众号“健康琼海”向社会公布。
2,0,test:1991-s0034|test:1991-s0035,(二)现场报名及资格初审1.报名时间。
2,0,test:1991-s0036|test:1991-s0037,2023年8月24日至9月1日(周六、周日除外);
2,0,test:1991-s0038|test:1991-s0039,2. 报名地点。
2,0,test:1991-s0040|test:1991-s0041,琼海市嘉积镇爱华东路130号，琼海市卫生健康委员会1楼农卫科;
2,0,test:1991-s0042|test:1991-s0043,3.报名方式。
2,0,test:1991-s0044|test:1991-s0045,本次招聘采用现场报名的方式进行。
2,0,test:1991-s0046|test:1991-s0047,有意从事乡村医生的医学专业高校毕业生，按照招聘需求表(附件1)填写招聘报名表(附件2)，并携带所需材料参加报名。
2,0,test:1991-s0048|test:1991-s0049,4.报名材料。
2,0,test:1991-s0050|test:1991-s0051,(1)申请人毕业证原件和复印件;
2,0,test:1991-s0052|test:1991-s0053,(2)申请人身份证、户口本原件和复印件;
2,0,test:1991-s0054|test:1991-s0055,(3)近期2寸个人免冠正面蓝底照片2张;
2,0,test:1991-s0056|test:1991-s0057,(4)学信网出具的有效期内的《电子学历注册备案表》原件。
2,0,test:1991-s0058|test:1991-s0059,(5)《2023年琼海市大学生乡村医生专项招聘报名表》(详见附件2)。
2,0,test:1991-s0060|test:1991-s0061,5.资格审查。
2,0,test:1991-s0062|test:1991-s0063,资格审查在报名现场进行，主要对应聘人员的应聘资格进行审查。
2,0,test:1991-s0064|test:1991-s0065,(三)面试。
2,0,test:1991-s0066|test:1991-s0067,通过资格审查的考生进行面试，面试的具体时间、地点另行通知，请应聘人员保持手机畅通。
2,0,test:1991-s0068|test:1991-s0069,招聘按面试成绩由高分到低分依次录取，若中途有考生自愿放弃，可按面试成绩由高分到低分依次递补。
2,0,test:1991-s0070|test:1991-s0071,面试合格分数线为60分，达不到60分的考生，不予聘用。
2,0,test:1991-s0072|test:1991-s0073,(四)公示。
2,0,test:1991-s0074|test:1991-s0075,经面试被确定为拟录用人员，由市卫生健康委统一在琼海市人民政府门户网站和公众号“健康琼海”上进行公示，公示时间不少于5个工作日。
2,0,test:1991-s0076|test:1991-s0077,(五)体检。
2,0,test:1991-s0078|test:1991-s0079,按招聘事业单位人员体检要求组织公示无异议人员进行体检，体检费用由体检人员自行负责。
2,0,test:1991-s0080|test:1991-s0081,(六)聘用。
2,0,test:1991-s0082|test:1991-s0083,本次招聘进行统招统分，实行“市招镇管村用”，依据本人报名的意向和岗位报名情况面试后择优录取，市卫生健康委可结合全市实际情况进行统筹安排。
2,0,test:1991-s0084|test:1991-s0085,有意愿从事乡村医生工作的医学专业高校毕业生，经资格审查符合者，可免试注册《乡村医生执业证书》并聘用。
2,0,test:1991-s0086|test:1991-s0087,体检合格人员与招聘单位签订劳动合同，最低服务年限为3年(不含规培时间)。
2,0,test:1991-s0088|test:1991-s0089,原则上大学生乡村医生需在3年内考取执业(助理)医师资格。
2,0,test:1991-s0090|test:1991-s0091,四、待遇我市乡村医生待遇包括基本工资和绩效，缴纳社会保险(包括养老、医疗等)和公积金。
2,0,test:1991-s0092|test:1991-s0093,五、注意事项(一)应聘人员须对报名材料的真实性和完整性负责。
2,0,test:1991-s0094|test:1991-s0095,凡提供虚假材料的，一经查实，取消报名资格或聘用资格，已经聘用的予以解聘，并记录在案。
2,0,test:1991-s0096|test:1991-s0097,凡因未按招聘要求提供完整的相应证明材料导致未通过审核的，责任自行承担。
2,0,test:1991-s0098|test:1991-s0099,(二)应聘人员在公开招聘过程中有下列行为之一的，取消聘用资格;
2,0,test:1991-s0100|test:1991-s0101,构成犯罪的，依法追究刑事责任：1.伪造、涂改证件、证明，或者以其他不正当手段获取应聘资格的;
2,0,test:1991-s0102|test:1991-s0103,2.其他因应聘人员的原因造成聘用结果有失真实的情况。
2,0,test:1991-s0104|test:1991-s0105,六、纪律和监督对有弄虚作假行为的应聘人员，一经查实，立即取消应聘资格。
2,0,test:1991-s0106|test:1991-s0107,咨询电话：0898-62820133;
2,0,test:1991-s0108|test:1991-s0109,监督电话：0898-62822486。
2,0,test:1991-s0110|test:1991-s0111,(正常上班时间:8:00-11:30;
2,0,test:1991-s0112|test:1991-s0113,14:30-17:30)点击查看&gt;
2,0,test:1991-s0118|test:1991-s0119,1.2023年琼海市乡村医生需求岗位情况表.xlsx2.2023年琼海市大学生乡村医生专项招聘报名表.xlsx
2,0,test:1992-s0000|test:1992-s0001,因科室工作需要，现招聘总务科技术人员若干名，相关事宜如下：一、招聘条件1、遵纪守法、品行端正、身体健康，满足医院岗位要求。
2,0,test:1992-s0002|test:1992-s0003,2、男性，年龄40周岁以下。
2,0,test:1992-s0004|test:1992-s0005,3、水暖工：要求相关专业中专及以上学历，有中央空调维修工作经验。
2,0,test:1992-s0006|test:1992-s0007,4、吃苦耐劳，服从医院工作安排。
2,0,test:1992-s0008|test:1992-s0009,二、待遇待遇面议。
2,0,test:1992-s0010|test:1992-s0011,用工方式为劳务派遣。
2,0,test:1992-s0012|test:1992-s0013,三、报名方式有意者请于2023年8月31日前填写《江苏省省级机关医院招聘工作人员报名表》并将电子版发送至邮箱240261522@qq.com，邮件名：姓名+岗位。
2,0,test:1992-s0014|test:1992-s0015,四、联系方式联系人：周老师咨询电话：025-86635629附件：江苏省省级机关医院招聘工作人员报名表.doc江苏省省级机关医院2023年7月26日
2,0,test:1993-s0000|test:1993-s0001,北京协和医院张博研究员课题组招聘科研助理启示20230512023-07-042023-07-09 一、课题组与PI简介张博，博士，北京协和医院专职科研人员，中国医学科学院准聘助理教授，研究员/博士生导师。
2,0,test:1993-s0002|test:1993-s0003,本科毕业于北京大学医学部药学院（2007-2011），博士毕业于北京大学药学院/天然药物及仿生药物国家重点实验室（2011-2016）。
2,0,test:1993-s0004|test:1993-s0005,2016年入职北京协和医院医学科学研究中心。
2,0,test:1993-s0006|test:1993-s0007,研究方向主要为生物技术药物的基础和应用型研究，聚焦利用化学和生物学技术手段，开发以免疫细胞和细胞因子为基础的新型生物技术药物，用于实现免疫稳态的精准调控。
2,0,test:1993-s0008|test:1993-s0009,"以第一作者/通讯作者身份在Nature Biomedical Engineering, Annals of the Rheumatic Diseases, Cell Chemical Biology, Signal Transduction"
2,0,test:1993-s0010|test:1993-s0011,曾获北京市科技新星（2022），主持或作为科研骨干参与多项国家级课题和重大科技研发计划。
2,0,test:1993-s0012|test:1993-s0013,因课题工作需要，面向社会招聘全职科研助理1名。
2,0,test:1993-s0014|test:1993-s0015,二、岗位职责（1）负责课题组常规工作的实施与管理（2）研究生管理和相关分子生物学等实验内容三、任职条件（1）具有本科学位，分子生物学、免疫学、药学、基础医学、细胞生物学、生物信息学等相关专业毕业（2）擅长沟通和团队合作，能够处理课题组成立的
2,0,test:1993-s0016|test:1993-s0017,四、薪资待遇（1）薪资从优，签订劳动合同，缴纳五险一金。
2,0,test:1993-s0018|test:1993-s0019,（2）在科研助理岗位工作期间，如有意愿可提供继续深造的机会。
2,0,test:1993-s0020|test:1993-s0021,五、报名方式有意者请于2023年7月9日前将个人简历发送至联系邮箱，zhangbo98@pumch.cn（仅接收邮箱投递简历）应聘岗位一旦申请，就不能撤销，请确认后申报！
2,0,test:1993-s0022|test:1993-s0023,职位名称科研助理招聘类型全职招聘人数学历大学本科专业分子生物学、免疫学、药学、基础医学、细胞生物学、生物信息学等相关专业招聘科室医学科学研究中心工作地点北京其它要求科研助理全职大学本科分子生物学、免疫学、药学、基础医学、细胞生物学、生物信息
2,0,test:1994-s0000|test:1994-s0001,儋州市2023年公开招聘中小学教师公告（第十一号）根据《儋州市2023年公开招聘中小学教师公告（第一号）》有关规定，现将体检与考察和拟聘用人员相关情况予以公告：一、体检与考察情况经体检与考察，确定王鹏等6名考生为儋州市2023年公开招聘中小
2,0,test:1994-s0002|test:1994-s0003,二、拟聘用人员情况经体检与考察和组织选岗，儋州市2023年公开招聘中小学教师拟聘用人员名单（第二批）予以公告（详见附件2）。
2,0,test:1994-s0004|test:1994-s0005,公示时间：公示7天。
2,0,test:1994-s0006|test:1994-s0007,"如有异议,请于公示期内向儋州市教育局进行实名反映。"
2,0,test:1994-s0008|test:1994-s0009,"公示无异议,将按有关规定办理聘用手续。"
2,0,test:1994-s0010|test:1994-s0011,联系地址:儋州市那大镇中兴大街市直机关大楼12楼市教育局组织人事科。
2,0,test:1994-s0012|test:1994-s0013,监督电话:0898-23334285附件：1.儋州市2023年公开招聘中小学教师体检与考察合格人员名单（第二批）2.儋州市2023年公开招聘中小学教师拟聘用人员名单（第二批）儋州市教师招聘工作领导小组2023年8月31日附件1.儋州市202
2,0,test:1995-s0000|test:1995-s0001,根据《事业单位人事管理条例》、《关于创新优化人事管理政策支持高等学校高质量发展的意见》（吉人社联[2020]134号）、《关于科学做好2023年全省事业单位公开招聘工作的通知》（吉人社发〔2023〕49号）等有关规定，东北电力大学现面向社会
2,0,test:1995-s0002|test:1995-s0003,现将有关事宜公告如下：一、招聘计划本公告共招聘工作人员40名。
2,0,test:1995-s0004|test:1995-s0005,具体招聘岗位及其资格条件详见《2023年东北电力大学公开招聘工作人员岗位及其资格条件一览表（1号）》（附件1）。
2,0,test:1995-s0006|test:1995-s0007,二、报名资格条件（一）基本条件。
2,0,test:1995-s0008|test:1995-s0009,1.具有中华人民共和国国籍；
2,0,test:1995-s0010|test:1995-s0011,2.遵守中华人民共和国宪法、法律、法规；
2,0,test:1995-s0012|test:1995-s0013,3.具有良好的品行；
2,0,test:1995-s0014|test:1995-s0015,4.具备适应岗位要求的身体条件；
2,0,test:1995-s0016|test:1995-s0017,5.年龄一般在18周岁以上、35周岁以下（1987年7月3日至2005年7月3日期间出生），获得博士研究生学历人员年龄可放宽至40周岁以下。
2,0,test:1995-s0018|test:1995-s0019,年龄计算时间点均以7月3日为准（以本人身份证出生日期为准）。
2,0,test:1995-s0020|test:1995-s0021,符合岗位资格条件的2023年普通高校毕业生报考不受年龄限制。
2,0,test:1995-s0022|test:1995-s0023,（二）岗位条件。
2,0,test:1995-s0024|test:1995-s0025,符合岗位所需要的学历、专业、工作经历等其他条件，详见附件1。
2,0,test:1995-s0026|test:1995-s0027,（三）具备招聘岗位要求的其他资格条件。
2,0,test:1995-s0028|test:1995-s0029,1.定向、委培应届毕业生报考，须征得定向、委培单位同意；
2,0,test:1995-s0030|test:1995-s0031,2.招聘岗位条件要求具有初级及以上和中级及以上专业技术资格的，视其认定专业技术资格情况进行聘用。
2,0,test:1995-s0032|test:1995-s0033,（四）有下列情形之一的人员不得报考。
2,0,test:1995-s0034|test:1995-s0035,1.在公务员招考和事业单位公开招聘中被考试组织部门认定有严重违纪违规行为并在禁考期限内的人员；
2,0,test:1995-s0036|test:1995-s0037,2.被辞退未满五年的国家机关、事业单位公职人员；
2,0,test:1995-s0038|test:1995-s0039,3.在读的非2023年毕业生（2024年1月1日后取得毕业证、学位证的考生不视为2023年毕业生）；
2,0,test:1995-s0040|test:1995-s0041,4.现役军人；
2,0,test:1995-s0042|test:1995-s0043,5.“三支一扶”“大学生村官”等基层服务项目人员及公务员招录、事业单位招聘等未达到现工作地、单位或岗位要求最低服务年限的人员；
2,0,test:1995-s0044|test:1995-s0045,6.曾因犯罪受过刑事处罚的人员和曾被开除公职的人员，受到党纪政纪处分期限未满或者正在接受纪律审查的人员，处于刑事处罚期间或者正在接受司法调查尚未做出结论的人员；
2,0,test:1995-s0046|test:1995-s0047,7.按照法律法规规定不得聘用的其他情形的人员。
2,0,test:1995-s0048|test:1995-s0049,（五）回避。
2,0,test:1995-s0050|test:1995-s0051,事业单位公开招聘工作所有参与方以及可能影响公正的特定关系人需要回避的，参照《事业单位人事管理回避规定》执行。
2,0,test:1995-s0052|test:1995-s0053,三、报名与资格审查（一）报名方式。
2,0,test:1995-s0054|test:1995-s0055,报名由东北电力大学人才工作办公室受理，采取电子邮件报名方式进行。
2,0,test:1995-s0056|test:1995-s0057,（二）报名时间。
2,0,test:1995-s0058|test:1995-s0059,报名时间：2023年7月24日上午9：00至26日下午16：00。
2,0,test:1995-s0060|test:1995-s0061,报名电子邮箱和联系方式详见附件1。
2,0,test:1995-s0062|test:1995-s0063,（三）报名要求。
2,0,test:1995-s0064|test:1995-s0065,考生将报名材料在规定时间内按要求发送至招聘岗位相对应的电子邮箱，逾期不再受理，报名所需材料电子版压缩到一个文件，报名邮件及文件名称格式为：“东北电力大学1号公告-N号（公告中岗位序号）岗位-考生姓名”，如：东北电力大学1号公告-4号岗位-张
2,0,test:1995-s0066|test:1995-s0067,报名材料及要求如下：1.报名者须填写《2023年东北电力大学公开招聘工作人员报名表》（附件2）及近期正面1寸免冠照片，文件命名为：“1-1身份证（张三）”；
2,0,test:1995-s0068|test:1995-s0069,2.有效身份证（正反面）扫描件（PDF格式），文件命名为：“2-1身份证（张三）”；
2,0,test:1995-s0070|test:1995-s0071,3.本、硕（博）毕业证、学位证及各层次相应的“教育部学籍在线验证报告”（最长有效期）扫描件（PDF格式），文件按顺序分别命名为：“3-1本科毕业证（张三）、3-2本科学位证（张三）、3-3本科学籍在线验证报告（张三）、3-4硕士毕业证（张三
2,0,test:1995-s0072|test:1995-s0073,4.在读2023年12月31日前毕业尚未取得学历学位证的考生，须提供由本校毕业生就业指导部门签署意见的毕业生就业推荐表；
2,0,test:1995-s0074|test:1995-s0075,留学回国人员报考的，除需提供规定的材料外，还要发送国家教育部留学人员服务中心出具的《国外学历学位认证书》，硕博连读（直博）者需提供硕博连读（直博）证明，相关材料文件命名方式按上述标准以“4-1材料名称”的格式命名；
2,0,test:1995-s0076|test:1995-s0077,5.招聘资格条件中要求的学习、工作经历证明扫描件（PDF格式），文件名为“5-1经历证明（张三）”；
2,0,test:1995-s0078|test:1995-s0079,6.招聘岗位要求政治面貌为中共党员的需提交入党志愿书及所在党组织开具的中共党员证明材料复印件，文件名为“6-1党员证明（张三）”；
2,0,test:1995-s0080|test:1995-s0081,7.具有招聘资格条件系列中级或高级专业技术职称的，另附职称证扫描件（PDF格式），文件名为“7-1职称证（张三）”；
2,0,test:1995-s0082|test:1995-s0083,8.以上所需的纸质版材料，报名人员须在面试前资格复查时送达相关证件原件；
2,0,test:1995-s0084|test:1995-s0085,9.请考生确保报名时所留联系电话畅通，以便通知有关事宜。
4,0,test:1995-s0086|test:1995-s0087|test:1999-s0084|test:1999-s0085,（四）资格审查。
2,0,test:1995-s0088|test:1995-s0089,由学校成立资格审查小组，依据招聘岗位设置的条件进行资格审查。
2,0,test:1995-s0090|test:1995-s0091,其中，专业条件主要依据教育部发布的《研究生学位授予和人才培养学科目录（试行）》《普通高等学校本科专业目录》《普通高等学校自设二级学科名单》《普通高等学校自设交叉学科名单》等相关目录审核，目录未涵盖的专业，根据实际情况由有关方面共同研究确认。
2,0,test:1995-s0092|test:1995-s0093,资格审查结果由招聘单位回复邮件或电话通知。
2,0,test:1995-s0094|test:1995-s0095,资格审查结果于报名结束后5个工作日内由招聘单位电话通知或回复电子邮件通知。
2,0,test:1995-s0096|test:1995-s0097,报名结束后5个工作日内未接到通知的考生，请在2个工作日内及时与招聘单位资格审查人员主动联系，否则因此影响考生应聘的，后果由考生自负。
2,0,test:1995-s0098|test:1995-s0099,（五）开考比例。
2,0,test:1995-s0100|test:1995-s0101,本次公告各岗位均不设开考比例。
2,0,test:1995-s0102|test:1995-s0103,四、招聘考试（一）考试采取面试的方式进行。
2,0,test:1995-s0104|test:1995-s0105,面试具体时间、地点和采取的面试方式待报名结束后通过邮件通知。
2,0,test:1995-s0106|test:1995-s0107,（二）面试实行百分制，当场打分，满分100分，及格线为60分。
2,0,test:1995-s0108|test:1995-s0109,为保证高等教育教学质量，本次招聘所有教师岗位均设置一般聘用控制分数线，分数为65分。
2,0,test:1995-s0110|test:1995-s0111,按招聘计划1:1的比例，教师岗位应聘人员面试成绩在及格分数线以上但未达到一般聘用控制分数线（即：面试成绩在60-65分之间）的，由招聘单位根据实际情况确定是否列为拟聘人选，结果报主管部门和省人社厅备案。
2,0,test:1995-s0112|test:1995-s0113,计算考生成绩时，保留小数点后两位。
2,0,test:1995-s0114|test:1995-s0115,面试前，由招聘单位对参加面试人员进行资格条件复审。
2,0,test:1995-s0116|test:1995-s0117,资格条件复审时，面试人员应按照招聘岗位资格条件要求提供本人身份证、准考证、毕业证、学历学位证（未颁发学历学位证的，持就业指导部门签署意见的毕业生就业推荐表）及岗位需求的其它材料原件。
2,0,test:1995-s0118|test:1995-s0119,经复审不符合报名资格条件的，取消面试人选资格。
2,0,test:1995-s0120|test:1995-s0121,（三）本公告同一岗位报名人数超过一个工作日面试人数最大值（一般为50人）时，视情况对报考该岗位考生进行两轮面试或加试等方式确定最终面试资格人选。
2,0,test:1995-s0122|test:1995-s0123,进行两轮面试或加试的岗位，最终面试资格人选依据招聘计划按首轮每组面试或加试成绩1:5确定。
2,0,test:1995-s0124|test:1995-s0125,取得面试资格的人选按规定程序参加最终面试，其首轮面试或加试成绩不作为总成绩计算权重，考生成绩以最终面试成绩为准。
2,0,test:1995-s0126|test:1995-s0127,考试成绩在东北电力大学人才工作办公室网站进行公布。
2,0,test:1995-s0128|test:1995-s0129,五、体检与考察面试结束后，在考试成绩达到及格线（或聘用控制分数线）以上的人员中，从高分到低分按招聘岗位人数1:1的比例确定参加体检人选。
2,0,test:1995-s0130|test:1995-s0131,如考生考试成绩相同的，按国家和我省有关规定符合优先聘用条件的优先聘用（如在我省参军入伍并服役期满、退出现役的自主就业退役大学生士兵考生在其服役期间荣立三等功及以上等）；
2,0,test:1995-s0132|test:1995-s0133,没有符合优先聘用条件的，以面试成绩高者优先（面试成绩仍相同的，采取面试加试的方式确定体检人选）。
2,0,test:1995-s0134|test:1995-s0135,体检在指定的医院进行，体检标准参照修订后的《公务员录用体检通用标准（试行）》并结合事业单位实际用人需求情况确定。
2,0,test:1995-s0136|test:1995-s0137,体检合格的考生，由用人单位对其政治思想、道德品质、业务能力、工作实绩、遵纪守法等情况进行考察，并对其报考资格条件进行复查。
2,0,test:1995-s0138|test:1995-s0139,体检、考察不合格的，取消拟聘人选资格，并在考试成绩达到及格线（或聘用控制分数线）以上的人员中，从高分到低分依次递补。
2,0,test:1995-s0140|test:1995-s0141,考生在体检、考察过程中弄虚作假，隐瞒重要病史或违法违纪情况等导致体检、考察结果不实的，取消聘用资格。
2,0,test:1995-s0142|test:1995-s0143,六、公示经考察合格的人员确定为拟聘用人选，在东北电力大学人才工作办公室网站进行公示，公示期为7个工作日。
2,0,test:1995-s0144|test:1995-s0145,七、聘用（一）对公示反映有严重问题并查有实据不符合聘用条件的，取消其拟聘人选资格，并从报考同一岗位考试成绩在及格线（或聘用控制分数线）以上的人员中从高分到低分依次递补；
2,0,test:1995-s0146|test:1995-s0147,对反映有严重问题但一时难以查实的，暂缓聘用，待查实并做出结论后决定是否聘用；
2,0,test:1995-s0148|test:1995-s0149,对公示期满无异议的，或有反映问题但经核实不影响聘用的按程序办理相关聘用手续，签订聘用合同。
2,0,test:1995-s0150|test:1995-s0151,（二）在办理聘用手续前自动放弃的人员，取消其拟聘人选资格，根据招聘单位实际情况确定是否递补；
2,0,test:1995-s0152|test:1995-s0153,需要递补的，从报考同一岗位考试成绩在及格线（或聘用控制分数线）以上人员中从高分到低分依次递补。
2,0,test:1995-s0154|test:1995-s0155,在职人员报考的，在办理聘用手续时无法与原单位依法解除人事（劳动）关系的，视为自动放弃拟聘人选资格。
2,0,test:1995-s0156|test:1995-s0157,八、注意事项凡考生未在规定时间内参加证件审核、考试、体检、考察、报到等情况的，均视为自动放弃应聘资格；
2,0,test:1995-s0158|test:1995-s0159,资格审核贯穿招聘工作全过程，在任何环节，发现考生不符合招聘资格条件或弄虚作假骗取应聘资格的，均取消应聘资格，问题严重的要追究责任。
2,0,test:1995-s0160|test:1995-s0161,对于公开招聘过程中应聘人员、招聘单位和招聘工作人员违纪违规行为的认定与处理，按照《事业单位公开招聘违纪违规行为处理规定》（人社部令第35号）执行。
2,0,test:1995-s0162|test:1995-s0163,九、信息发布及政策咨询东北电力大学人才工作办公室网站（http://rczp.neepu.edu.cn/）为此次公开招聘的工作网站，有关招聘事项及各种通知等信息，均通过工作网站进行发布，请考生注意查询。
2,0,test:1995-s0164|test:1995-s0165,招聘报名、政策咨询、监督举报电话详见附件1中“联系方式”一栏。
2,0,test:1995-s0166|test:1995-s0167,此公告如有未尽事宜，请关注补充公告。
2,0,test:1995-s0168|test:1995-s0169,十、其他事项本公告由东北电力大学人才工作办公室负责解释。
2,0,test:1995-s0170|test:1995-s0171,联系人：苏老师、李老师联系电话：0432-64806129、15044253677附件1：2023年东北电力大学公开招聘工作人员岗位及其资格条件一览表（1号）；
2,0,test:1995-s0172|test:1995-s0173,附件2：2023年东北电力大学公开招聘工作人员报名表。
2,0,test:1995-s0174|test:1995-s0175,东北电力大学人才工作办公室2023年7月3日
2,0,test:1996-s0000|test:1996-s0001,"西北工业大学保卫（公安）处因工作需要，现面向社会公开招聘工作人员7人,具体内容如下：一、工作内容：岗位①：友谊校区安保员（4人）1.负责日常校园门卫管理、治安巡逻或交通管理等工作。"
2,0,test:1996-s0002|test:1996-s0003,2.负责进出校园人员检查、物品出入检查及车辆进出检查相关管理工作。
2,0,test:1996-s0004|test:1996-s0005,3.负责校园安全保卫执勤与夜班巡查，参加灾害事故和突发事件处置等安全防范工作。
2,0,test:1996-s0006|test:1996-s0007,4.负责校园交通的维护疏导，交通秩序的巡查和治理，保障、维护学校大型活动期间车辆秩序。
2,0,test:1996-s0008|test:1996-s0009,5.完成上级和处领导交办的其他工作任务。
2,0,test:1996-s0010|test:1996-s0011,岗位②：高科工程园区安保员（3人）1.负责高科工程园区日常安全管理工作。
2,0,test:1996-s0012|test:1996-s0013,2.其它职责同上。
2,0,test:1996-s0014|test:1996-s0015,二、应聘条件安保员：1.政治立场坚定，遵纪守法、品行端正、沉着冷静、责任心强，学习能力强，具有良好的职业道德操守、团队合作精神及沟通协调能力。
2,0,test:1996-s0016|test:1996-s0017,2.18-45岁，身体健康、无吸毒史、无纹身、无不良嗜好、无违法犯罪记录，吃苦耐劳，能适应岗位需求者。
2,0,test:1996-s0018|test:1996-s0019,3.岗位①学历要求大专或以上学历（须有毕业证书），岗位②学历要求高中或以上学历（须有毕业证书）。
2,0,test:1996-s0020|test:1996-s0021,4.部队转业、复原军人或有相关从业经验者可适当放宽条件。
2,0,test:1996-s0022|test:1996-s0023,三、招聘程序1.符合条件者请填写《应聘表》（见附件），将《应聘表》、学历证书及其他证明材料电子版于2023年9月4日24:00时之前发送至邮箱48754008@qq.com（邮件主题：岗位名称+姓名，邮件内容：个人简历+联系方式）。
2,0,test:1996-s0024|test:1996-s0025,2.有意者也可通过现场（保卫处411室）进行报名，需携带个人简历、学历证书及其他证明材料。
2,0,test:1996-s0026|test:1996-s0027,3.单位对符合条件的应聘者进行初筛，入围者通知面试，择优录用。
2,0,test:1996-s0028|test:1996-s0029,四、考核及待遇1.考核及待遇参照西北工业大学非事业编制人员有关规定执行。
2,0,test:1996-s0030|test:1996-s0031,2.岗位工作地点：西北工业大学友谊校区（西安市友谊西路127号）西北工业大学长安校区（西安市长安区东祥路1号）高科工程园区（西安市高新区沣惠南路34号院内）3.安全保卫岗试用期6个月，首次聘期3年。
2,0,test:1996-s0032|test:1996-s0033,联系人：刘老师 联系电话:029-88492284 18092018097
2,0,test:1997-s0000|test:1997-s0001,复旦大学附属妇产科医院招聘放射科医生岗位名称： 放射科医生招聘人数：1人岗位职责：1、参加科室读片和值班，完成各项医疗工作，包括诊断和介入治疗；
2,0,test:1997-s0002|test:1997-s0003,2、参加本科生、进修生和研究生的带教工作；
2,0,test:1997-s0004|test:1997-s0005,3、按照科室安排参与有关科研项目和课题研究；
2,0,test:1997-s0006|test:1997-s0007,4、每年至少完成论文1篇。
2,0,test:1997-s0008|test:1997-s0009,"任职要求：1、博士学历,医学影像专业或临床医学专业；"
2,0,test:1997-s0010|test:1997-s0011,2、热爱放射工作，具有良好的沟通能力和团队精神；
2,0,test:1997-s0012|test:1997-s0013,3、能熟练完成诊断和介入工作，具有较强科研能力；
2,0,test:1997-s0014|test:1997-s0015,4、有国自然课题或省级课题申报经历者优先。
2,0,test:1997-s0016|test:1997-s0017,应聘者请将简历发送至我院招聘邮箱：fckyyrsk@163.com，邮件标题为“应聘放射科医生+姓名+毕业院校+学历”。
2,0,test:1997-s0018|test:1997-s0019,医院将对所有应聘者的个人资料予以保密。
2,0,test:1997-s0020|test:1997-s0021,面试时间另行通知。
2,0,test:1997-s0022|test:1997-s0023,联系方式邮箱：fckyyrsk@163.com地址：上海市沈阳路128号，复旦大学附属妇产科医院人事科邮编：200090电话：33189900-6815传真：33189900-6815
2,0,test:1998-s0000|test:1998-s0001,序号主管部门招聘单位招聘职位准考证号姓名性别1诸暨市农业农村局诸暨市农业技术推广中心办事员2006040108020傅雨晴女诸暨市人力资源和社会保障局2023年７月18日
2,0,test:1999-s0000|test:1999-s0001,为进一步拓宽选人用人渠道，充实配齐公共卫生专技人员，我院现计划面向社会公开招聘编外公共卫生专技人员20名，身份性质为单位聘用人员。
2,0,test:1999-s0002|test:1999-s0003,为切实做好此次公开招聘工作，根据《海南省事业单位公开招聘工作人员实施办法》(琼人社发〔2018〕516号)、《关于印发〈关于进一步规范事业单位公开招聘管理的工作方案〉的通知》(琼人社发〔2022〕134号)、《关于印发关于全面推广基层医疗卫
2,0,test:1999-s0004|test:1999-s0005,二、招聘职位、职数、资格条件及范围等本次招聘面向社会公开招聘20名公共卫生专业技术人员。
2,0,test:1999-s0006|test:1999-s0007,具体招聘范围、招聘职数、职位资格条件等情况详见附件1。
2,0,test:1999-s0008|test:1999-s0009,三、招聘条件（一）具有中华人民共和国国籍；
2,0,test:1999-s0010|test:1999-s0011,（二）遵守宪法和法律，政治素质高，医德医风好，无违反有关法律法规行为；
2,0,test:1999-s0012|test:1999-s0013,（三）具备职位所需的专业知识和技能条件，适应职位要求的身体条件，以及具备职位需要的其他条件；
2,0,test:1999-s0014|test:1999-s0015,（四）职位所需的专业分类依据专业分类依据《海南省2023年度考试录用公务员（参照公务员法管理工作人员）专业参考目录》为准。
2,0,test:1999-s0016|test:1999-s0017,该目录未列入的专业，考生需提供所在学校出具按专业门类、名称及课程设置的专业学科所属类别证明，呈报招聘领导小组审核确定；
2,0,test:1999-s0018|test:1999-s0019,（五）报考人员年龄、学历限制详见附件1，应聘人员年龄计算时间截止至2023年7月（含）；
2,0,test:1999-s0020|test:1999-s0021,年龄40周岁及以下，为1982年7月（含）以后出生；
2,0,test:1999-s0022|test:1999-s0023,（六）委培、定向及财政预算管理在编在岗人员，须征得委培、定向单位及在编在岗人员所在单位及主管部门同意；
2,0,test:1999-s0024|test:1999-s0025,（七）具有以下情形的人员不得报考：1.儋州市卫生健康系统在编在岗人员;
2,0,test:1999-s0026|test:1999-s0027,2.尚未解除党纪、政纪处分或正在接受纪律审查的;
2,0,test:1999-s0028|test:1999-s0029,3.刑事处罚期限未满或涉嫌违法犯罪正在接受调查的;
2,0,test:1999-s0030|test:1999-s0031,4.在公务员招录、事业单位公开招聘中违纪违规且处理期限未满的;
2,0,test:1999-s0032|test:1999-s0033,5.公务员或事业单位工作人员处于试用期内或未满最低服务年限的;
2,0,test:1999-s0034|test:1999-s0035,6.以逃避服兵役为目的，拒绝履行职责或者逃离部队且被军队除名、开除军籍或者被依法追究刑事责任的军人；
2,0,test:1999-s0036|test:1999-s0037,7.失信被执行人（人民法院通过司法程序认定的）;
2,0,test:1999-s0040|test:1999-s0041,四、聘用及待遇（一）公示无异议后，上报市卫健委审批，由我院与拟聘用人员签订劳动合同。
2,0,test:1999-s0042|test:1999-s0043,被聘用人员享受我院同类人员相同待遇。
2,0,test:1999-s0044|test:1999-s0045,（二）薪资待遇：含工资、绩效、带薪休假等相关福利等，具体参照海南省事业单位相关政策及我院《综合管理方案》中有关规定执行。
2,0,test:1999-s0046|test:1999-s0047,五、招聘工作程序（一）发布招聘公告。
2,0,test:1999-s0048|test:1999-s0049,在儋州市人民政府网（www.danzhou.gov.cn）发布。
2,0,test:1999-s0050|test:1999-s0051,（二）报名与资格审查。
2,0,test:1999-s0052|test:1999-s0053,1.报名起止日期：2023年8月12日9:00至8月15日12:00(节假日正常报名)。
2,0,test:1999-s0054|test:1999-s0055,2.按岗位的招聘人数与应聘该岗位且经初审符合报考条件人数的比例原则上不低于1:3方可组织笔试，未达到1:3比例的，应当相应核减该岗位招聘人数直至取消该岗位的招聘。
2,0,test:1999-s0056|test:1999-s0057,（三）报名方式。
2,0,test:1999-s0058|test:1999-s0059,1.采取网络报名的方式，报名网址:http://hnrczpw.pzhl.net/index.php/exam/?
2,0,test:1999-s0060|test:1999-s0061,EXAMID=56222.报名必须使用有效期内的二代身份证，报名与考试时使用的身份证必须一致。
2,0,test:1999-s0062|test:1999-s0063,应聘人员应保证提交证明材料的真实性，整个招聘过程中发现弄虚作假情况，取消应聘资格。
2,0,test:1999-s0064|test:1999-s0065,3.网上报名时，报考人员应上传以下材料(以JPG图片格式，大小不超过2MB) ：（1）《儋州市那大镇卫生院2023年面向社会公开招聘编外公共卫生专技人员考试报名表》（详见附件2，须本人亲笔手写签名后拍照上传）；
2,0,test:1999-s0066|test:1999-s0067,（2）本人近期正面免冠证件照片；
2,0,test:1999-s0068|test:1999-s0069,（3）有效身份证(正、反两面合并成一张图片)；
2,0,test:1999-s0070|test:1999-s0071,（4）户口本首页及本人页；
2,0,test:1999-s0072|test:1999-s0073,（5）毕业证；
2,0,test:1999-s0074|test:1999-s0075,（6）中国高等教育学生信息网：(http://www.chsi.com.cn/x1cx/1scx.jsp)打印的学历认证材料(学历证书电子注册备案表，有二维码标识) ；
2,0,test:1999-s0076|test:1999-s0077,（7）未被列入失信惩戒对象承诺书（本人手签并扫描上传，见附件3）；
2,0,test:1999-s0078|test:1999-s0079,（8）委培、定向及财政预算管理在编在岗人员，须提供委培、定向单位及在编在岗人员所在单位及主管部门同意报考证明并加盖公章（见附件4）；
2,0,test:1999-s0080|test:1999-s0081,（9）初级（士）职称及以上职称证书；
2,0,test:1999-s0082|test:1999-s0083,（10）其他相关证明材料。
2,0,test:1999-s0086|test:1999-s0087,1.报考人员应在报名规定时间内登录系统进行注册，填写并提交相关资料。
2,0,test:1999-s0088|test:1999-s0089,报考人员通过资格审查的，请全程关注儋州市人民政府网站相关考试公告。
2,0,test:1999-s0090|test:1999-s0091,本次招聘实行诚信报名制度，报考人员要按要求真实、全面、准确填写相关信息，提供虚假报考材料的，一经查实，取消报考资格；
2,0,test:1999-s0092|test:1999-s0093,对伪造、变造有关证件、材料、信息，骗取考试资格的，将按照考试违纪违规的有关规定处理。
2,0,test:1999-s0094|test:1999-s0095,2.根据报考条件进行资格审查，并对报考人员进行身份核实确认。
2,0,test:1999-s0096|test:1999-s0097,经审查符合招聘条件的报考人员，将在儋州市人民政府网上公布。
2,0,test:1999-s0098|test:1999-s0099,3.报考人员提交报名材料后，须在2023年8月15日12时前及时登录报名系统，查询资格审查结果，资格审核通过的，不得修改报考信息，资格审核未通过的请及时补充材料重新提交。
2,0,test:1999-s0100|test:1999-s0101,"系统将于2023年8月15日17时准时关闭，2023年8月15日12时后不再接受新用户报名，且在2023年8月15日12时后提交材料者,如果资格审核仍未通过的，不能参加考试。"
2,0,test:1999-s0102|test:1999-s0103,（五）考试方式。
2,0,test:1999-s0104|test:1999-s0105,公开招聘含笔试、面试，笔试、面试成绩都实行百分制，笔试成绩占60%、面试成绩占40%计算，按笔试成绩、面试成绩所占比例计算出综合成绩，由高分到低分择优录取。
2,0,test:1999-s0106|test:1999-s0107,各部分成绩按“四舍五入”法折算精确到小数点后两位。
2,0,test:1999-s0108|test:1999-s0109,1.笔试（1）笔试科目:笔试采取闭卷考试，内容为:以公共基础知识为主。
2,0,test:1999-s0110|test:1999-s0111,笔试结束后，由招聘工作领导小组根据考生笔试成绩情况划定笔试合格分数线。
2,0,test:1999-s0112|test:1999-s0113,根据笔试成绩由高分至低分，按1:2的比例确定入围面试人选，若末位出现同分数者，一并确定为拟入围面试人选。
2,0,test:1999-s0114|test:1999-s0115,达不到面试比例的岗位，按达到笔试合格分数线的实际人数确定拟入围面试人选。
2,0,test:1999-s0116|test:1999-s0117,（2）笔试时间和地点:见《笔试准考证》。
2,0,test:1999-s0118|test:1999-s0119,（3）笔试成绩发布: 笔试成绩、拟入围面试资格复审人员名单及资格复审有关事项在在儋州市人民政府网发布。
2,0,test:1999-s0120|test:1999-s0121,2.资格复审面试前，将对拟入围面试人选进行资格复审，主要审查应聘人员是否符合报考职位条件及提供的有关证件和材料与网络报名信息是否一致、真实等。
2,0,test:1999-s0122|test:1999-s0123,通过资格复审的人员方可确定为入围面试人选。
2,0,test:1999-s0124|test:1999-s0125,考生自愿放弃资格复审的、在规定时间内不参加资格复审的、资格复审不合格的、资格复审期间未能提供报考材料或报考材料信息不实弄虚作假的，将取消考生参加面试资格，因此产生的空额，从报考同一职位笔试成绩达到合格分数线的考生中，按笔试成绩由高至低自动依
2,0,test:1999-s0126|test:1999-s0127,3.面试（1）面试方式：结构化面试。
2,0,test:1999-s0128|test:1999-s0129,（2）面试时间及地址：以面试准考证为准。
2,0,test:1999-s0130|test:1999-s0131,（3）面试成绩发布:为百分制，面试合格分数线划定为60分（含）。
2,0,test:1999-s0132|test:1999-s0133,（4）各项考试成绩、入围体检人员名单及体检有关事项在在儋州市人民政府网发布网站公布。
2,0,test:1999-s0134|test:1999-s0135,（五）考察按考试综合成绩从高到低1:1的比例确定考察对象，如出现入围考察人员为我院派遣员工，则不占用招聘职位数，做为新增职位数的入围考察人员（即：如入围考察人员中有1位是我院派遣员工，则按非我院派遣人员20人入围考察，招聘职位数增加至21人
2,0,test:1999-s0136|test:1999-s0137,主要考核思想政治表现、道德品质、业务能力、工作业绩等各方面情况，并对其资格条件进行复查。
2,0,test:1999-s0138|test:1999-s0139,被考察对象考核不合格或自愿放弃资格的，取消其拟聘人选资格，按该职位进入面试且达到面试合格分数线的人员的综合成绩从高分到低分递补。
2,0,test:1999-s0140|test:1999-s0141,（六）体检根据考试、考核结果，对考察合格对象进行体检，体检标准参照公务员录用体检标准执行。
2,0,test:1999-s0142|test:1999-s0143,体检不合格或自愿放弃聘用的，取消其拟聘人选资格，按该职位进入面试且达到面试合格分数线的人员的综合成绩从高分到低分递补。
2,0,test:1999-s0144|test:1999-s0145,（七）公示按各职位拟聘人选考试综合成绩排名顺序，从高分到低分依次选择确定拟聘人选，倾听群众意见，接受社会监督，公示期限为5个工作日。
2,0,test:1999-s0146|test:1999-s0147,（八）决定聘用确定拟聘人选，报儋州市卫生健康委员会审批。
2,0,test:1999-s0148|test:1999-s0149,（九）办理聘用手续六、纪律要求邀请儋州市卫生健康委员会指导，接受儋州市纪委监委驻市卫健委纪检监察组及社会的监督。
2,0,test:1999-s0150|test:1999-s0151,七、其他本方案由公开招聘工作领导小组负责解释，未尽事宜由领导小组研究决定。
2,0,test:1999-s0152|test:1999-s0153,网上报名技术支持电话：0898-66502026、0898-66755323 监督电话：0898-36931393咨询时间（上午09:00—12:00，下午14:30—17:30，节假日休息）附件：1.儋州市那大镇卫生院2023年面向社会公
2,0,test:2000-s0000|test:2000-s0001,根据《江苏省盐城市响水县人民医院2023年下半年赴牡丹江医学院校园招聘备案制工作人员公告》要求，经过现场报名、资格初审等程序，因部分岗位报名成功人数未达开考比例，经研究，现将具体岗位调整如下：序号招聘单位经费渠道岗位代码招聘岗位原招聘计划报
2,0,test:2000-s0002|test:2000-s0003,响水县人力资源和社会保障局 响水县卫生健康委员会2023年8月8日
