id,stage,reason
1937-s0003,parse,"JSONDecodeError: Expecting ',' delimiter: line 4 column 64 (char 227)"
1939-s0001,parse,"JSONDecodeError: Expecting ',' delimiter: line 6 column 1 (char 309)"
1941-s0001,parse,"JSONDecodeError: Expecting ',' delimiter: line 2 column 282 (char 283)"
1941-s0003,parse,"JSONDecodeError: Expecting ',' delimiter: line 2 column 138 (char 139)"
1942-s0007,parse,"JSONDecodeError: Expecting ',' delimiter: line 2 column 163 (char 164)"
1944-s0000,parse,"JSONDecodeError: Expecting ',' delimiter: line 2 column 129 (char 130)"
1947-s0004,parse,"JSONDecodeError: Expecting ',' delimiter: line 4 column 62 (char 222)"
1948-s0003,parse,"JSONDecodeError: Expecting ',' delimiter: line 2 column 132 (char 133)"
1948-s0004,parse,"JSONDecodeError: Expecting ',' delimiter: line 2 column 193 (char 194)"
1948-s0007,parse,"JSONDecodeError: Expecting ',' delimiter: line 2 column 129 (char 130)"
1948-s0012,parse,"JSONDecodeError: Expecting ',' delimiter: line 2 column 129 (char 130)"
1949-s0004,parse,"JSONDecodeError: Expecting ',' delimiter: line 2 column 64 (char 65)"
1951-s0008,parse,"JSONDecodeError: Expecting ',' delimiter: line 2 column 321 (char 322)"
1952-s0001,parse,"JSONDecodeError: Expecting ',' delimiter: line 2 column 217 (char 218)"
1952-s0006,parse,"JSONDecodeError: Expecting ',' delimiter: line 2 column 191 (char 192)"
1953-s0002,parse,"JSONDecodeError: Expecting ',' delimiter: line 2 column 135 (char 136)"
1954-s0001,parse,"JSONDecodeError: Expecting ',' delimiter: line 2 column 64 (char 65)"
1954-s0002,parse,"JSONDecodeError: Expecting ',' delimiter: line 2 column 124 (char 125)"
1955-s0003,parse,"JSONDecodeError: Expecting ',' delimiter: line 2 column 154 (char 155)"
1955-s0006,parse,"JSONDecodeError: Expecting ',' delimiter: line 2 column 129 (char 130)"
1956-s0003,parse,"JSONDecodeError: Expecting ',' delimiter: line 2 column 126 (char 127)"
1956-s0004,parse,"JSONDecodeError: Expecting ',' delimiter: line 2 column 139 (char 140)"
1956-s0010,parse,"JSONDecodeError: Expecting ',' delimiter: line 2 column 124 (char 125)"
1957-s0001,parse,"JSONDecodeError: Expecting ',' delimiter: line 2 column 166 (char 167)"
1957-s0004,parse,"JSONDecodeError: Expecting ',' delimiter: line 2 column 193 (char 194)"
1959-s0007,parse,"JSONDecodeError: Expecting ',' delimiter: line 2 column 192 (char 193)"
1959-s0009,parse,"JSONDecodeError: Expecting ',' delimiter: line 2 column 136 (char 137)"
1960-s0004,parse,"JSONDecodeError: Expecting ',' delimiter: line 2 column 68 (char 69)"
1960-s0009,parse,"JSONDecodeError: Expecting ',' delimiter: line 2 column 125 (char 126)"
1961-s0002,parse,"JSONDecodeError: Expecting ',' delimiter: line 2 column 65 (char 66)"
1962-s0004,parse,JSONDecodeError: Expecting value: line 2 column 177 (char 178)
1963-s0001,parse,"JSONDecodeError: Expecting ',' delimiter: line 2 column 101 (char 102)"
1963-s0004,parse,"JSONDecodeError: Expecting ',' delimiter: line 2 column 223 (char 224)"
1963-s0005,parse,"JSONDecodeError: Expecting ',' delimiter: line 2 column 170 (char 171)"
1963-s0008,parse,"JSONDecodeError: Expecting ',' delimiter: line 4 column 66 (char 246)"
1963-s0009,parse,"JSONDecodeError: Expecting ',' delimiter: line 2 column 134 (char 135)"
1965-s0001,parse,"JSONDecodeError: Expecting ',' delimiter: line 5 column 64 (char 307)"
1965-s0009,parse,"JSONDecodeError: Expecting ',' delimiter: line 2 column 136 (char 137)"
1965-s0011,parse,"JSONDecodeError: Expecting ',' delimiter: line 2 column 283 (char 284)"
1966-s0006,parse,"JSONDecodeError: Expecting ',' delimiter: line 2 column 130 (char 131)"
1967-s0001,parse,"JSONDecodeError: Expecting ',' delimiter: line 2 column 66 (char 67)"
1967-s0006,parse,"JSONDecodeError: Expecting ',' delimiter: line 2 column 209 (char 210)"
1967-s0008,parse,"JSONDecodeError: Expecting ',' delimiter: line 2 column 255 (char 256)"
1968-s0004,parse,"JSONDecodeError: Expecting ',' delimiter: line 2 column 64 (char 65)"
1968-s0006,parse,"JSONDecodeError: Expecting ',' delimiter: line 2 column 129 (char 130)"
1968-s0008,parse,"JSONDecodeError: Expecting ',' delimiter: line 2 column 161 (char 162)"
1968-s0009,parse,"JSONDecodeError: Expecting ',' delimiter: line 2 column 284 (char 285)"
1968-s0011,parse,"JSONDecodeError: Expecting ',' delimiter: line 2 column 126 (char 127)"
1971-s0002,parse,"JSONDecodeError: Expecting ',' delimiter: line 2 column 129 (char 130)"
1971-s0013,parse,"JSONDecodeError: Expecting ',' delimiter: line 2 column 125 (char 126)"
1971-s0014,parse,"JSONDecodeError: Expecting ',' delimiter: line 2 column 166 (char 167)"
1972-s0007,parse,"JSONDecodeError: Expecting ',' delimiter: line 2 column 192 (char 193)"
1972-s0008,parse,"JSONDecodeError: Expecting ',' delimiter: line 2 column 193 (char 194)"
1973-s0000,parse,JSONDecodeError: Expecting property name enclosed in double quotes: line 4 column 3 (char 146)
1973-s0001,parse,"JSONDecodeError: Expecting ',' delimiter: line 7 column 62 (char 458)"
1973-s0007,parse,"JSONDecodeError: Expecting ',' delimiter: line 2 column 126 (char 127)"
1973-s0021,parse,"JSONDecodeError: Expecting ',' delimiter: line 2 column 66 (char 67)"
1975-s0001,parse,"JSONDecodeError: Expecting ',' delimiter: line 2 column 95 (char 96)"
1975-s0004,parse,"JSONDecodeError: Expecting ',' delimiter: line 2 column 67 (char 68)"
1975-s0005,parse,"JSONDecodeError: Expecting ',' delimiter: line 2 column 156 (char 157)"
1976-s0011,parse,"JSONDecodeError: Expecting ',' delimiter: line 2 column 131 (char 132)"
1977-s0008,parse,"JSONDecodeError: Expecting ',' delimiter: line 2 column 283 (char 284)"
1977-s0010,parse,"JSONDecodeError: Expecting ',' delimiter: line 2 column 185 (char 186)"
1978-s0001,parse,"JSONDecodeError: Expecting ',' delimiter: line 2 column 217 (char 218)"
1978-s0002,parse,"JSONDecodeError: Expecting ',' delimiter: line 2 column 331 (char 332)"
1978-s0003,parse,"JSONDecodeError: Expecting ',' delimiter: line 2 column 132 (char 133)"
1978-s0006,parse,"JSONDecodeError: Expecting ',' delimiter: line 2 column 99 (char 100)"
1979-s0006,parse,"JSONDecodeError: Expecting ',' delimiter: line 5 column 1 (char 230)"
1979-s0007,parse,"JSONDecodeError: Expecting ',' delimiter: line 2 column 62 (char 63)"
1979-s0008,parse,"JSONDecodeError: Expecting ',' delimiter: line 2 column 95 (char 96)"
1988-s0110,parse,JSONDecodeError: Expecting property name enclosed in double quotes: line 4 column 3 (char 153)
1995-s0070,parse,"JSONDecodeError: Expecting ',' delimiter: line 2 column 148 (char 149)"
1996-s0014,parse,"JSONDecodeError: Expecting ',' delimiter: line 2 column 324 (char 325)"
1996-s0015,parse,"JSONDecodeError: Expecting ',' delimiter: line 2 column 324 (char 325)"
1802-s0000,parse,"JSONDecodeError: Expecting ',' delimiter: line 4 column 62 (char 222)"
1802-s0008,parse,"JSONDecodeError: Expecting ',' delimiter: line 2 column 218 (char 219)"
1803-s0007,parse,"JSONDecodeError: Expecting ',' delimiter: line 2 column 157 (char 158)"
1804-s0009,parse,"JSONDecodeError: Expecting ',' delimiter: line 2 column 221 (char 222)"
1806-s0002,parse,"JSONDecodeError: Expecting ',' delimiter: line 2 column 151 (char 152)"
1806-s0005,parse,"JSONDecodeError: Expecting ',' delimiter: line 2 column 157 (char 158)"
1808-s0001,parse,"JSONDecodeError: Expecting ',' delimiter: line 2 column 184 (char 185)"
1808-s0003,parse,"JSONDecodeError: Expecting ',' delimiter: line 2 column 172 (char 173)"
1808-s0004,parse,"JSONDecodeError: Expecting ',' delimiter: line 2 column 352 (char 353)"
1808-s0006,parse,"JSONDecodeError: Expecting ',' delimiter: line 2 column 164 (char 165)"
1808-s0007,parse,"JSONDecodeError: Expecting ',' delimiter: line 2 column 161 (char 162)"
1808-s0008,parse,"JSONDecodeError: Expecting ',' delimiter: line 2 column 97 (char 98)"
1809-s0005,parse,"JSONDecodeError: Expecting ',' delimiter: line 2 column 153 (char 154)"
1810-s0000,parse,"JSONDecodeError: Expecting ',' delimiter: line 2 column 291 (char 292)"
1811-s0004,parse,"JSONDecodeError: Expecting ',' delimiter: line 2 column 67 (char 68)"
1811-s0006,parse,"JSONDecodeError: Expecting ',' delimiter: line 2 column 158 (char 159)"
1812-s0002,parse,"JSONDecodeError: Expecting ',' delimiter: line 2 column 166 (char 167)"
1812-s0003,parse,"JSONDecodeError: Expecting ',' delimiter: line 2 column 187 (char 188)"
1812-s0004,parse,"JSONDecodeError: Expecting ',' delimiter: line 2 column 195 (char 196)"
1812-s0005,parse,"JSONDecodeError: Expecting ',' delimiter: line 2 column 280 (char 281)"
1813-s0002,parse,"JSONDecodeError: Expecting ',' delimiter: line 2 column 218 (char 219)"
1814-s0009,parse,"JSONDecodeError: Expecting ',' delimiter: line 2 column 94 (char 95)"
1814-s0010,parse,"JSONDecodeError: Expecting ',' delimiter: line 2 column 64 (char 65)"
1814-s0011,parse,"JSONDecodeError: Expecting ',' delimiter: line 2 column 189 (char 190)"
1815-s0003,parse,"JSONDecodeError: Expecting ',' delimiter: line 2 column 128 (char 129)"
1816-s0000,parse,"JSONDecodeError: Expecting ',' delimiter: line 2 column 68 (char 69)"
1817-s0002,parse,"JSONDecodeError: Expecting ',' delimiter: line 2 column 66 (char 67)"
1818-s0003,parse,"JSONDecodeError: Expecting ',' delimiter: line 2 column 137 (char 138)"
1818-s0004,parse,"JSONDecodeError: Expecting ',' delimiter: line 2 column 160 (char 161)"
1818-s0006,parse,"JSONDecodeError: Expecting ',' delimiter: line 2 column 195 (char 196)"
1819-s0007,parse,"JSONDecodeError: Expecting ',' delimiter: line 2 column 66 (char 67)"
1819-s0008,parse,"JSONDecodeError: Expecting ',' delimiter: line 2 column 169 (char 170)"
1821-s0000,parse,"JSONDecodeError: Expecting ',' delimiter: line 2 column 517 (char 518)"
1822-s0007,parse,"JSONDecodeError: Expecting ',' delimiter: line 2 column 154 (char 155)"
1822-s0010,parse,"JSONDecodeError: Expecting ',' delimiter: line 2 column 66 (char 67)"
1823-s0003,parse,"JSONDecodeError: Expecting ',' delimiter: line 2 column 208 (char 209)"
1823-s0004,parse,"JSONDecodeError: Expecting ',' delimiter: line 2 column 66 (char 67)"
1823-s0005,parse,"JSONDecodeError: Expecting ',' delimiter: line 2 column 131 (char 132)"
1824-s0008,parse,"JSONDecodeError: Expecting ',' delimiter: line 2 column 159 (char 160)"
1824-s0010,parse,"JSONDecodeError: Expecting ',' delimiter: line 2 column 281 (char 282)"
1825-s0006,parse,"JSONDecodeError: Expecting ',' delimiter: line 2 column 157 (char 158)"
1825-s0008,parse,"JSONDecodeError: Expecting ',' delimiter: line 4 column 64 (char 227)"
1825-s0009,parse,"JSONDecodeError: Expecting ',' delimiter: line 2 column 254 (char 255)"
1826-s0000,parse,"JSONDecodeError: Expecting ',' delimiter: line 2 column 204 (char 205)"
1827-s0005,parse,"JSONDecodeError: Expecting ',' delimiter: line 2 column 157 (char 158)"
1827-s0006,parse,"JSONDecodeError: Expecting ',' delimiter: line 2 column 129 (char 130)"
1827-s0013,parse,"JSONDecodeError: Expecting ',' delimiter: line 2 column 193 (char 194)"
1828-s0000,parse,"JSONDecodeError: Expecting ',' delimiter: line 2 column 156 (char 157)"
1828-s0001,parse,"JSONDecodeError: Expecting ',' delimiter: line 2 column 160 (char 161)"
1829-s0013,parse,"JSONDecodeError: Expecting ',' delimiter: line 2 column 222 (char 223)"
1830-s0000,parse,"JSONDecodeError: Expecting ',' delimiter: line 2 column 255 (char 256)"
1830-s0001,parse,"JSONDecodeError: Expecting ',' delimiter: line 2 column 296 (char 297)"
1831-s0010,parse,"JSONDecodeError: Expecting ',' delimiter: line 2 column 192 (char 193)"
1832-s0006,parse,"JSONDecodeError: Expecting ',' delimiter: line 2 column 95 (char 96)"
1834-s0008,parse,"JSONDecodeError: Expecting ',' delimiter: line 2 column 188 (char 189)"
1836-s0001,parse,"JSONDecodeError: Expecting ',' delimiter: line 2 column 64 (char 65)"
1836-s0009,parse,"JSONDecodeError: Expecting ',' delimiter: line 2 column 252 (char 253)"
1836-s0010,parse,"JSONDecodeError: Expecting ',' delimiter: line 2 column 144 (char 145)"
1836-s0012,parse,"JSONDecodeError: Expecting ',' delimiter: line 2 column 420 (char 421)"
1836-s0014,parse,"JSONDecodeError: Expecting ',' delimiter: line 2 column 165 (char 166)"
1836-s0016,parse,"JSONDecodeError: Expecting ',' delimiter: line 2 column 127 (char 128)"
1837-s0011,parse,"JSONDecodeError: Expecting ',' delimiter: line 12 column 62 (char 840)"
1838-s0007,parse,"JSONDecodeError: Expecting ',' delimiter: line 2 column 187 (char 188)"
1838-s0011,parse,"JSONDecodeError: Expecting ',' delimiter: line 2 column 99 (char 100)"
1839-s0008,parse,"JSONDecodeError: Expecting ',' delimiter: line 2 column 289 (char 290)"
1841-s0006,parse,"JSONDecodeError: Expecting ',' delimiter: line 2 column 193 (char 194)"
1842-s0009,parse,"JSONDecodeError: Expecting ',' delimiter: line 2 column 198 (char 199)"
1843-s0001,parse,"JSONDecodeError: Expecting ',' delimiter: line 2 column 191 (char 192)"
1843-s0005,parse,"JSONDecodeError: Expecting ',' delimiter: line 2 column 225 (char 226)"
1846-s0005,parse,"JSONDecodeError: Expecting ',' delimiter: line 2 column 221 (char 222)"
1846-s0009,parse,"JSONDecodeError: Expecting ',' delimiter: line 2 column 307 (char 308)"
1846-s0010,parse,"JSONDecodeError: Expecting ',' delimiter: line 2 column 323 (char 324)"
1848-s0004,parse,"JSONDecodeError: Expecting ',' delimiter: line 2 column 161 (char 162)"
1848-s0006,parse,"JSONDecodeError: Expecting ',' delimiter: line 2 column 99 (char 100)"
1848-s0008,parse,"JSONDecodeError: Expecting ',' delimiter: line 2 column 183 (char 184)"
1851-s0003,parse,"JSONDecodeError: Expecting ',' delimiter: line 2 column 221 (char 222)"
1852-s0005,parse,"JSONDecodeError: Expecting ',' delimiter: line 2 column 265 (char 266)"
1852-s0007,parse,"JSONDecodeError: Expecting ',' delimiter: line 2 column 157 (char 158)"
1852-s0008,parse,"JSONDecodeError: Expecting ',' delimiter: line 2 column 123 (char 124)"
1852-s0017,parse,"JSONDecodeError: Expecting ',' delimiter: line 2 column 189 (char 190)"
1854-s0001,parse,"JSONDecodeError: Expecting ',' delimiter: line 2 column 157 (char 158)"
1854-s0002,parse,"JSONDecodeError: Expecting ',' delimiter: line 2 column 361 (char 362)"
1857-s0000,parse,"JSONDecodeError: Expecting ',' delimiter: line 2 column 126 (char 127)"
1857-s0001,parse,"JSONDecodeError: Expecting ',' delimiter: line 2 column 406 (char 407)"
1859-s0000,parse,"JSONDecodeError: Expecting ',' delimiter: line 2 column 199 (char 200)"
1861-s0006,parse,"JSONDecodeError: Expecting ',' delimiter: line 2 column 254 (char 255)"
1862-s0010,parse,"JSONDecodeError: Expecting ',' delimiter: line 2 column 199 (char 200)"
1862-s0013,parse,"JSONDecodeError: Expecting ',' delimiter: line 2 column 159 (char 160)"
1863-s0004,parse,"JSONDecodeError: Expecting ',' delimiter: line 2 column 217 (char 218)"
1864-s0000,parse,"JSONDecodeError: Expecting ',' delimiter: line 2 column 1846 (char 1847)"
1865-s0000,parse,"JSONDecodeError: Expecting ',' delimiter: line 2 column 262 (char 263)"
1865-s0001,parse,"JSONDecodeError: Expecting ',' delimiter: line 2 column 345 (char 346)"
1866-s0006,parse,"JSONDecodeError: Expecting ',' delimiter: line 2 column 132 (char 133)"
1866-s0008,parse,"JSONDecodeError: Expecting ',' delimiter: line 2 column 251 (char 252)"
1866-s0009,parse,"JSONDecodeError: Expecting ',' delimiter: line 2 column 126 (char 127)"
1868-s0001,parse,"JSONDecodeError: Expecting ',' delimiter: line 7 column 62 (char 460)"
1868-s0004,parse,"JSONDecodeError: Expecting ',' delimiter: line 2 column 67 (char 68)"
1868-s0006,parse,"JSONDecodeError: Expecting ',' delimiter: line 5 column 64 (char 306)"
1869-s0007,parse,"JSONDecodeError: Expecting ',' delimiter: line 2 column 250 (char 251)"
1870-s0007,parse,"JSONDecodeError: Expecting ',' delimiter: line 2 column 234 (char 235)"
1870-s0010,parse,"JSONDecodeError: Expecting ',' delimiter: line 2 column 243 (char 244)"
1871-s0000,parse,"JSONDecodeError: Expecting ',' delimiter: line 2 column 190 (char 191)"
1872-s0004,parse,"JSONDecodeError: Expecting ',' delimiter: line 2 column 246 (char 247)"
1872-s0007,parse,"JSONDecodeError: Expecting ',' delimiter: line 2 column 333 (char 334)"
1873-s0005,parse,"JSONDecodeError: Expecting ',' delimiter: line 2 column 240 (char 241)"
1873-s0006,parse,"JSONDecodeError: Expecting ',' delimiter: line 2 column 127 (char 128)"
1875-s0003,parse,"JSONDecodeError: Expecting ',' delimiter: line 2 column 153 (char 154)"
1878-s0000,parse,"JSONDecodeError: Expecting ',' delimiter: line 2 column 194 (char 195)"
1878-s0001,parse,"JSONDecodeError: Expecting ',' delimiter: line 2 column 162 (char 163)"
1879-s0000,parse,"JSONDecodeError: Expecting ',' delimiter: line 2 column 185 (char 186)"
1879-s0001,parse,"JSONDecodeError: Expecting ',' delimiter: line 2 column 224 (char 225)"
1879-s0006,parse,"JSONDecodeError: Expecting ',' delimiter: line 2 column 155 (char 156)"
1881-s0001,parse,"JSONDecodeError: Expecting ',' delimiter: line 2 column 164 (char 165)"
1881-s0004,parse,"JSONDecodeError: Expecting ',' delimiter: line 5 column 62 (char 302)"
1881-s0010,parse,"JSONDecodeError: Expecting ',' delimiter: line 2 column 138 (char 139)"
1881-s0012,parse,"JSONDecodeError: Expecting ',' delimiter: line 2 column 160 (char 161)"
1884-s0007,parse,"JSONDecodeError: Expecting ',' delimiter: line 2 column 130 (char 131)"
1885-s0001,parse,"JSONDecodeError: Expecting ',' delimiter: line 2 column 149 (char 150)"
1885-s0006,parse,"JSONDecodeError: Expecting ',' delimiter: line 2 column 137 (char 138)"
1886-s0000,parse,"JSONDecodeError: Expecting ',' delimiter: line 2 column 227 (char 228)"
1887-s0004,parse,"JSONDecodeError: Expecting ',' delimiter: line 2 column 64 (char 65)"
1888-s0000,parse,"JSONDecodeError: Expecting ',' delimiter: line 2 column 198 (char 199)"
1892-s0000,parse,"JSONDecodeError: Expecting ',' delimiter: line 2 column 250 (char 251)"
1893-s0005,parse,"JSONDecodeError: Expecting ',' delimiter: line 2 column 158 (char 159)"
1895-s0000,parse,"JSONDecodeError: Expecting ',' delimiter: line 2 column 279 (char 280)"
1896-s0006,parse,"JSONDecodeError: Expecting ',' delimiter: line 2 column 265 (char 266)"
1897-s0009,parse,"JSONDecodeError: Expecting ',' delimiter: line 2 column 64 (char 65)"
1900-s0002,parse,"JSONDecodeError: Expecting ',' delimiter: line 2 column 353 (char 354)"
1901-s0002,parse,"JSONDecodeError: Expecting ',' delimiter: line 2 column 131 (char 132)"
1901-s0003,parse,"JSONDecodeError: Expecting ',' delimiter: line 2 column 155 (char 156)"
1902-s0002,parse,"JSONDecodeError: Expecting ',' delimiter: line 2 column 100 (char 101)"
1903-s0006,parse,"JSONDecodeError: Expecting ',' delimiter: line 2 column 284 (char 285)"
1903-s0008,parse,"JSONDecodeError: Expecting ',' delimiter: line 2 column 99 (char 100)"
1906-s0000,parse,"JSONDecodeError: Expecting ',' delimiter: line 2 column 253 (char 254)"
1907-s0005,parse,"JSONDecodeError: Expecting ',' delimiter: line 2 column 161 (char 162)"
1907-s0007,parse,"JSONDecodeError: Expecting ',' delimiter: line 2 column 173 (char 174)"
1907-s0008,parse,"JSONDecodeError: Expecting ',' delimiter: line 2 column 161 (char 162)"
1908-s0005,parse,"JSONDecodeError: Expecting ',' delimiter: line 2 column 226 (char 227)"
1909-s0002,parse,"JSONDecodeError: Expecting ',' delimiter: line 2 column 161 (char 162)"
1909-s0003,parse,"JSONDecodeError: Expecting ',' delimiter: line 2 column 159 (char 160)"
1909-s0004,parse,"JSONDecodeError: Expecting ',' delimiter: line 2 column 158 (char 159)"
1911-s0002,parse,"JSONDecodeError: Expecting ',' delimiter: line 2 column 314 (char 315)"
1911-s0004,parse,"JSONDecodeError: Expecting ',' delimiter: line 2 column 317 (char 318)"
1913-s0008,parse,"JSONDecodeError: Expecting ',' delimiter: line 2 column 151 (char 152)"
1915-s0003,parse,"JSONDecodeError: Expecting ',' delimiter: line 2 column 133 (char 134)"
1915-s0006,parse,"JSONDecodeError: Expecting ',' delimiter: line 2 column 248 (char 249)"
1916-s0005,parse,"JSONDecodeError: Expecting ',' delimiter: line 2 column 155 (char 156)"
1916-s0008,parse,"JSONDecodeError: Expecting ',' delimiter: line 2 column 126 (char 127)"
1917-s0004,parse,"JSONDecodeError: Expecting ',' delimiter: line 2 column 66 (char 67)"
1918-s0011,parse,"JSONDecodeError: Expecting ',' delimiter: line 2 column 95 (char 96)"
1921-s0008,parse,"JSONDecodeError: Expecting ',' delimiter: line 6 column 1 (char 308)"
1922-s0008,parse,"JSONDecodeError: Expecting ',' delimiter: line 2 column 123 (char 124)"
1924-s0009,parse,"JSONDecodeError: Expecting ',' delimiter: line 2 column 64 (char 65)"
1925-s0006,parse,"JSONDecodeError: Expecting ',' delimiter: line 2 column 67 (char 68)"
1925-s0007,parse,"JSONDecodeError: Expecting ',' delimiter: line 2 column 199 (char 200)"
1925-s0008,parse,"JSONDecodeError: Expecting ',' delimiter: line 2 column 187 (char 188)"
1926-s0004,parse,"JSONDecodeError: Expecting ',' delimiter: line 2 column 192 (char 193)"
1926-s0007,parse,"JSONDecodeError: Expecting ',' delimiter: line 2 column 471 (char 472)"
1929-s0003,parse,"JSONDecodeError: Expecting ',' delimiter: line 2 column 167 (char 168)"
1929-s0009,parse,"JSONDecodeError: Expecting ',' delimiter: line 2 column 189 (char 190)"
1929-s0010,parse,"JSONDecodeError: Expecting ',' delimiter: line 2 column 197 (char 198)"
1930-s0001,parse,"JSONDecodeError: Expecting ',' delimiter: line 2 column 124 (char 125)"
1930-s0003,parse,"JSONDecodeError: Expecting ',' delimiter: line 2 column 161 (char 162)"
1931-s0002,parse,"JSONDecodeError: Expecting ',' delimiter: line 2 column 126 (char 127)"
1932-s0003,parse,"JSONDecodeError: Expecting ',' delimiter: line 2 column 165 (char 166)"
1932-s0004,parse,"JSONDecodeError: Expecting ',' delimiter: line 2 column 66 (char 67)"
1932-s0007,parse,"JSONDecodeError: Expecting ',' delimiter: line 2 column 128 (char 129)"
1933-s0006,parse,"JSONDecodeError: Expecting ',' delimiter: line 2 column 224 (char 225)"
1933-s0007,parse,"JSONDecodeError: Expecting ',' delimiter: line 2 column 309 (char 310)"
1933-s0011,parse,"JSONDecodeError: Expecting ',' delimiter: line 2 column 97 (char 98)"
1935-s0005,parse,"JSONDecodeError: Expecting ',' delimiter: line 2 column 196 (char 197)"
1935-s0007,parse,"JSONDecodeError: Expecting ',' delimiter: line 2 column 195 (char 196)"
1936-s0002,parse,"JSONDecodeError: Expecting ',' delimiter: line 2 column 166 (char 167)"
1936-s0005,parse,"JSONDecodeError: Expecting ',' delimiter: line 2 column 132 (char 133)"
1937-s0003,parse,"JSONDecodeError: Expecting ',' delimiter: line 4 column 64 (char 227)"
1939-s0001,parse,"JSONDecodeError: Expecting ',' delimiter: line 6 column 1 (char 309)"
1941-s0001,parse,"JSONDecodeError: Expecting ',' delimiter: line 2 column 282 (char 283)"
1941-s0003,parse,"JSONDecodeError: Expecting ',' delimiter: line 2 column 138 (char 139)"
1942-s0007,parse,"JSONDecodeError: Expecting ',' delimiter: line 2 column 163 (char 164)"
1944-s0000,parse,"JSONDecodeError: Expecting ',' delimiter: line 2 column 129 (char 130)"
1947-s0004,parse,"JSONDecodeError: Expecting ',' delimiter: line 4 column 62 (char 222)"
1948-s0003,parse,"JSONDecodeError: Expecting ',' delimiter: line 2 column 132 (char 133)"
1948-s0004,parse,"JSONDecodeError: Expecting ',' delimiter: line 2 column 193 (char 194)"
1948-s0007,parse,"JSONDecodeError: Expecting ',' delimiter: line 2 column 129 (char 130)"
1948-s0012,parse,"JSONDecodeError: Expecting ',' delimiter: line 2 column 129 (char 130)"
1949-s0004,parse,"JSONDecodeError: Expecting ',' delimiter: line 2 column 64 (char 65)"
1951-s0008,parse,"JSONDecodeError: Expecting ',' delimiter: line 2 column 321 (char 322)"
1952-s0001,parse,"JSONDecodeError: Expecting ',' delimiter: line 2 column 217 (char 218)"
1952-s0006,parse,"JSONDecodeError: Expecting ',' delimiter: line 2 column 191 (char 192)"
1953-s0002,parse,"JSONDecodeError: Expecting ',' delimiter: line 2 column 135 (char 136)"
1954-s0001,parse,"JSONDecodeError: Expecting ',' delimiter: line 2 column 64 (char 65)"
1954-s0002,parse,"JSONDecodeError: Expecting ',' delimiter: line 2 column 124 (char 125)"
1955-s0003,parse,"JSONDecodeError: Expecting ',' delimiter: line 2 column 154 (char 155)"
1955-s0006,parse,"JSONDecodeError: Expecting ',' delimiter: line 2 column 129 (char 130)"
1956-s0003,parse,"JSONDecodeError: Expecting ',' delimiter: line 2 column 126 (char 127)"
1956-s0004,parse,"JSONDecodeError: Expecting ',' delimiter: line 2 column 139 (char 140)"
1956-s0010,parse,"JSONDecodeError: Expecting ',' delimiter: line 2 column 124 (char 125)"
1957-s0001,parse,"JSONDecodeError: Expecting ',' delimiter: line 2 column 166 (char 167)"
1957-s0004,parse,"JSONDecodeError: Expecting ',' delimiter: line 2 column 193 (char 194)"
1959-s0007,parse,"JSONDecodeError: Expecting ',' delimiter: line 2 column 192 (char 193)"
1959-s0009,parse,"JSONDecodeError: Expecting ',' delimiter: line 2 column 136 (char 137)"
1960-s0004,parse,"JSONDecodeError: Expecting ',' delimiter: line 2 column 68 (char 69)"
1960-s0009,parse,"JSONDecodeError: Expecting ',' delimiter: line 2 column 125 (char 126)"
1961-s0002,parse,"JSONDecodeError: Expecting ',' delimiter: line 2 column 65 (char 66)"
1962-s0004,parse,JSONDecodeError: Expecting value: line 2 column 177 (char 178)
1963-s0001,parse,"JSONDecodeError: Expecting ',' delimiter: line 2 column 101 (char 102)"
1963-s0004,parse,"JSONDecodeError: Expecting ',' delimiter: line 2 column 223 (char 224)"
1963-s0005,parse,"JSONDecodeError: Expecting ',' delimiter: line 2 column 170 (char 171)"
1963-s0008,parse,"JSONDecodeError: Expecting ',' delimiter: line 4 column 66 (char 246)"
1963-s0009,parse,"JSONDecodeError: Expecting ',' delimiter: line 2 column 134 (char 135)"
1965-s0001,parse,"JSONDecodeError: Expecting ',' delimiter: line 5 column 64 (char 307)"
1965-s0009,parse,"JSONDecodeError: Expecting ',' delimiter: line 2 column 136 (char 137)"
1965-s0011,parse,"JSONDecodeError: Expecting ',' delimiter: line 2 column 283 (char 284)"
1966-s0006,parse,"JSONDecodeError: Expecting ',' delimiter: line 2 column 130 (char 131)"
1967-s0001,parse,"JSONDecodeError: Expecting ',' delimiter: line 2 column 66 (char 67)"
1967-s0006,parse,"JSONDecodeError: Expecting ',' delimiter: line 2 column 209 (char 210)"
1967-s0008,parse,"JSONDecodeError: Expecting ',' delimiter: line 2 column 255 (char 256)"
1968-s0004,parse,"JSONDecodeError: Expecting ',' delimiter: line 2 column 64 (char 65)"
1968-s0006,parse,"JSONDecodeError: Expecting ',' delimiter: line 2 column 129 (char 130)"
1968-s0008,parse,"JSONDecodeError: Expecting ',' delimiter: line 2 column 161 (char 162)"
1968-s0009,parse,"JSONDecodeError: Expecting ',' delimiter: line 2 column 284 (char 285)"
1968-s0011,parse,"JSONDecodeError: Expecting ',' delimiter: line 2 column 126 (char 127)"
1971-s0002,parse,"JSONDecodeError: Expecting ',' delimiter: line 2 column 129 (char 130)"
1971-s0013,parse,"JSONDecodeError: Expecting ',' delimiter: line 2 column 125 (char 126)"
1971-s0014,parse,"JSONDecodeError: Expecting ',' delimiter: line 2 column 166 (char 167)"
1972-s0007,parse,"JSONDecodeError: Expecting ',' delimiter: line 2 column 192 (char 193)"
1972-s0008,parse,"JSONDecodeError: Expecting ',' delimiter: line 2 column 193 (char 194)"
1973-s0000,parse,JSONDecodeError: Expecting property name enclosed in double quotes: line 4 column 3 (char 146)
1973-s0001,parse,"JSONDecodeError: Expecting ',' delimiter: line 7 column 62 (char 458)"
1973-s0007,parse,"JSONDecodeError: Expecting ',' delimiter: line 2 column 126 (char 127)"
1973-s0008,parse,JSONDecodeError: Expecting property name enclosed in double quotes: line 4 column 3 (char 148)
1973-s0021,parse,"JSONDecodeError: Expecting ',' delimiter: line 2 column 66 (char 67)"
1975-s0001,parse,"JSONDecodeError: Expecting ',' delimiter: line 2 column 95 (char 96)"
1975-s0004,parse,"JSONDecodeError: Expecting ',' delimiter: line 2 column 67 (char 68)"
1975-s0005,parse,"JSONDecodeError: Expecting ',' delimiter: line 2 column 156 (char 157)"
1976-s0011,parse,"JSONDecodeError: Expecting ',' delimiter: line 2 column 131 (char 132)"
1977-s0008,parse,"JSONDecodeError: Expecting ',' delimiter: line 2 column 283 (char 284)"
1977-s0010,parse,"JSONDecodeError: Expecting ',' delimiter: line 2 column 185 (char 186)"
1978-s0001,parse,"JSONDecodeError: Expecting ',' delimiter: line 2 column 217 (char 218)"
1978-s0002,parse,"JSONDecodeError: Expecting ',' delimiter: line 2 column 331 (char 332)"
1978-s0003,parse,"JSONDecodeError: Expecting ',' delimiter: line 2 column 132 (char 133)"
1978-s0006,parse,"JSONDecodeError: Expecting ',' delimiter: line 2 column 99 (char 100)"
1979-s0006,parse,"JSONDecodeError: Expecting ',' delimiter: line 5 column 1 (char 230)"
1979-s0007,parse,"JSONDecodeError: Expecting ',' delimiter: line 2 column 62 (char 63)"
1979-s0008,parse,"JSONDecodeError: Expecting ',' delimiter: line 2 column 95 (char 96)"
1988-s0110,parse,JSONDecodeError: Expecting property name enclosed in double quotes: line 4 column 3 (char 153)
1995-s0070,parse,"JSONDecodeError: Expecting ',' delimiter: line 2 column 148 (char 149)"
1995-s0071,parse,"JSONDecodeError: Expecting ',' delimiter: line 2 column 148 (char 149)"
1996-s0014,parse,"JSONDecodeError: Expecting ',' delimiter: line 2 column 324 (char 325)"
1996-s0015,parse,"JSONDecodeError: Expecting ',' delimiter: line 2 column 324 (char 325)"
