kind,n,splits,boilerplate,locations,global_ids,preview
exact_text_cross,102,dev|test|train,1,train:4-s0009|train:27-s0009|train:37-s0006|train:38-s0014|train:42-s0013|train:79-s0002|train:199-s0014|train:203-s0017|train:214-s0004|train:259-s0014|train:273-s0007|train:279-s0005,4|27|37|38|42|79|199|203,。
exact_text_cross,9,dev|test|train,1,train:4-s0010|train:430-s0014|train:474-s0015|train:565-s0004|train:1317-s0011|train:1477-s0006|dev:1710-s0008|dev:1770-s0004|test:1810-s0001,4|430|474|565|1317|1477|1710|1770,马 克 数 据 网
exact_text_cross,8,dev|test|train,1,train:5-s0010|train:244-s0014|train:815-s0005|train:1514-s0012|dev:1646-s0016|test:1818-s0008|test:1866-s0010|test:1883-s0016,5|244|815|1514|1646|1818|1866|1883, 微信公众号马克数据网
exact_text_cross,5,dev|test|train,1,train:6-s0008|train:468-s0002|train:1113-s0007|dev:1794-s0009|test:1858-s0016,6|468|1113|1794|1858,]。
exact_text_cross,7,test|train,1,train:22-s0004|train:276-s0001|train:1002-s0011|train:1320-s0021|train:1438-s0008|train:1599-s0010|test:1919-s0009,22|276|1002|1320|1438|1599|1919,数据由马 克 数 据整理
exact_text_cross,123,dev|train,1,train:25-s0001|train:25-s0002|train:34-s0001|train:34-s0002|train:34-s0003|train:35-s0007|train:35-s0011|train:60-s0026|train:60-s0028|train:60-s0030|train:60-s0031|train:95-s0001,25|25|34|34|34|35|35|60,！
exact_text_cross,6,test|train,1,train:27-s0010|train:549-s0006|train:1077-s0004|train:1110-s0016|train:1155-s0015|test:1924-s0014,27|549|1077|1110|1155|1924,来源：马 克 团 队
exact_text_cross,5,dev|test|train,0,train:29-s0006|train:1228-s0008|train:1331-s0008|dev:1800-s0010|test:1930-s0005,29|1228|1331|1800|1930, 分享 微信邮件
exact_text_cross,17,dev|train,1,train:37-s0007|train:101-s0007|train:163-s0007|train:374-s0026|train:383-s0016|train:469-s0007|train:659-s0006|train:688-s0003|train:783-s0014|train:795-s0014|train:908-s0007|train:1068-s0011,37|101|163|374|383|469|659|688, （来自 马克数据网）
exact_text_cross,2,dev|train,1,train:38-s0015|dev:1788-s0012,38|1788,来源：马 克 数 据 网
exact_text_cross,6,test|train,1,train:42-s0014|train:613-s0013|train:1562-s0004|test:1843-s0010|test:1873-s0012|test:1886-s0005,42|613|1562|1843|1873|1886,关注公众号马 克 数 据 网
exact_text_cross,4,dev|train,1,train:53-s0009|train:957-s0013|train:1216-s0013|dev:1652-s0012,53|957|1216|1652, 搜索马 克 数 据 网
exact_text_cross,13,dev|test|train,1,train:66-s0012|train:259-s0015|train:273-s0008|train:354-s0005|train:539-s0019|train:566-s0008|train:730-s0010|train:886-s0007|train:1372-s0011|dev:1613-s0009|dev:1628-s0009|test:1867-s0012,66|259|273|354|539|566|730|886, （更多数据，详见马克数据网）
exact_text_cross,5,dev|train,1,train:67-s0020|train:171-s0028|train:1227-s0012|train:1441-s0024|dev:1676-s0007,67|171|1227|1441|1676,来自：马 克 团 队
exact_text_cross,6,dev|test|train,1,train:76-s0006|train:481-s0013|train:790-s0011|train:1151-s0008|dev:1630-s0013|test:1935-s0010,76|481|790|1151|1630|1935, 来自马克数据网
exact_text_cross,5,dev|test|train,0,train:77-s0006|train:156-s0017|train:1038-s0009|dev:1611-s0009|test:1851-s0007,77|156|1038|1611|1851, 更多详情，请浏览厦门人才网（www.xmrc.com.cn）
exact_text_cross,12,dev|test|train,0,train:79-s0003|train:635-s0010|train:965-s0032|train:1036-s0012|train:1111-s0011|train:1182-s0011|train:1246-s0010|train:1301-s0011|train:1330-s0003|dev:1732-s0006|test:1822-s0012|test:1903-s0010,79|635|965|1036|1111|1182|1246|1301, （macrodatas.cn）
exact_text_cross,7,test|train,1,train:109-s0004|train:304-s0018|train:432-s0015|train:1118-s0010|train:1454-s0013|train:1558-s0012|test:1807-s0007,109|304|432|1118|1454|1558|1807, 来源：马 克 团 队
exact_text_cross,30,dev|test|train,1,train:130-s0010|train:205-s0017|train:226-s0018|train:239-s0002|train:408-s0004|train:568-s0007|train:589-s0008|train:612-s0008|train:748-s0019|train:1028-s0005|train:1084-s0007|train:1132-s0010,130|205|226|239|408|568|589|612,]
exact_text_cross,5,dev|test|train,0,train:133-s0006|train:895-s0014|dev:1666-s0010|dev:1680-s0016|test:1926-s0009,133|895|1666|1680|1926,来自马-克-数-据-官网
exact_text_cross,21,dev|test|train,0,train:140-s0006|train:209-s0008|train:307-s0017|train:517-s0008|train:602-s0021|train:666-s0011|train:845-s0008|train:995-s0012|train:1015-s0010|train:1027-s0008|train:1058-s0017|train:1230-s0010,140|209|307|517|602|666|845|995,", 高薪诚聘"
exact_text_cross,7,dev|train,1,train:144-s0007|train:702-s0017|train:1169-s0017|train:1419-s0008|dev:1692-s0009|dev:1717-s0011|dev:1797-s0013,144|702|1169|1419|1692|1717|1797, 来源：马 克 数 据 网
exact_text_cross,10,dev|train,1,train:147-s0013|train:188-s0006|train:255-s0003|train:319-s0009|train:729-s0015|train:808-s0001|train:1026-s0013|train:1117-s0007|train:1157-s0001|dev:1782-s0006,147|188|255|319|729|808|1026|1117, 来源：百度搜索马克数据网
exact_text_cross,12,dev|test|train,1,train:181-s0010|train:495-s0007|train:684-s0015|train:1092-s0008|train:1230-s0001|train:1360-s0009|train:1388-s0007|train:1503-s0002|train:1513-s0182|train:1516-s0008|dev:1603-s0006|test:1938-s0009,181|495|684|1092|1230|1360|1388|1503,；
exact_text_cross,13,dev|test|train,1,train:196-s0016|train:284-s0006|train:309-s0005|train:318-s0013|train:402-s0012|train:1023-s0016|train:1282-s0011|train:1313-s0004|train:1371-s0032|train:1391-s0010|dev:1766-s0009|test:1917-s0008,196|284|309|318|402|1023|1282|1313, 该数据由<马克数据网>整理
exact_text_cross,5,dev|test|train,1,train:269-s0022|train:1260-s0013|dev:1712-s0010|test:1803-s0012|test:1913-s0010,269|1260|1712|1803|1913, 来自：马 克 团 队
exact_text_cross,5,test|train,0,train:320-s0009|train:553-s0039|train:906-s0006|train:1017-s0014|test:1877-s0011,320|553|906|1017|1877, 马-克-数据
exact_text_cross,5,dev|test|train,1,train:333-s0006|train:757-s0008|train:1200-s0034|dev:1755-s0039|test:1856-s0001,333|757|1200|1755|1856,（来 自 马 克 数 据 网）
exact_text_cross,2,dev|train,1,train:334-s0014|dev:1714-s0007,334|1714,（macrodatas.cn） （来 自 马 克 数 据 网）
exact_text_cross,8,test|train,1,train:336-s0022|train:854-s0030|train:854-s0032|train:854-s0034|train:854-s0036|train:854-s0038|train:866-s0004|test:1929-s0004,336|854|854|854|854|854|866|1929,;
exact_text_cross,7,dev|train,1,train:339-s0017|train:497-s0001|train:660-s0014|train:1569-s0011|dev:1619-s0012|dev:1660-s0023|dev:1709-s0016,339|497|660|1569|1619|1660|1709,关注公众号马克数据网
exact_text_cross,4,test|train,1,train:371-s0008|train:468-s0003|train:623-s0002|test:1869-s0008,371|468|623|1869,微信公众号马克 数据网
exact_text_cross,4,test|train,1,train:389-s0007|train:1122-s0012|train:1240-s0018|test:1858-s0017,389|1122|1240|1858,搜索马 克 数 据 网
exact_text_cross,2,test|train,0,train:439-s0004|test:1876-s0009,439|1876,结业颁发工业和信息化部软件与集成电路促进中心职业技能等级证书，行业内畅通无阻。
exact_text_cross,5,dev|test|train,0,train:449-s0029|train:821-s0008|train:1005-s0012|dev:1794-s0010|test:1898-s0016,449|821|1005|1794|1898,更多数据：www.macrodatas.cn
exact_text_cross,5,test|train,0,train:455-s0034|test:1991-s0114|test:1991-s0115|test:1991-s0116|test:1991-s0117,455|1991|1991|1991|1991,&gt;
exact_text_cross,6,dev|train,0,train:483-s0013|train:735-s0004|train:941-s0014|train:1105-s0023|train:1112-s0011|dev:1730-s0008,483|735|941|1105|1112|1730,www.macrodatas.cn
exact_text_cross,10,dev|train,1,train:533-s0005|train:712-s0012|train:807-s0013|train:1164-s0005|train:1396-s0014|train:1489-s0017|train:1521-s0013|train:1538-s0014|train:1552-s0011|dev:1776-s0009,533|712|807|1164|1396|1489|1521|1538, 马 克 数 据 网
exact_text_cross,3,dev|train,1,train:605-s0005|train:1138-s0005|dev:1743-s0009,605|1138|1743, 关注公众号马克数据网
exact_text_cross,6,dev|test|train,0,train:640-s0013|train:1405-s0006|train:1502-s0008|dev:1715-s0017|dev:1760-s0008|test:1884-s0016,640|1405|1502|1715|1760|1884, 来自马-克-数-据
exact_text_cross,2,dev|train,1,train:658-s0000|dev:1605-s0000,658|1605,来自马克数据网 。
exact_text_cross,2,test|train,0,train:692-s0004|test:1897-s0005,692|1897,5、学习能力强，工作热情高，富有责任感，工作认真、细致、敬业，责任心强；
exact_text_cross,4,dev|train,0,train:695-s0011|train:1444-s0008|dev:1661-s0012|dev:1703-s0009,695|1444|1661|1703,来自：www.macrodatas.cn
exact_text_cross,3,dev|train,0,train:872-s0001|train:911-s0013|dev:1675-s0001,872|911|1675,2、根据市场营销计划，完成部门销售指标；
exact_text_cross,3,dev|train,0,train:872-s0002|train:911-s0014|dev:1675-s0002,872|911|1675,"3、开拓新市场,发展新客户,增加产品销售范围；"
exact_text_cross,2,test|train,1,train:953-s0011|test:1805-s0010,953|1805,来源：百度马 克 数据网
exact_text_cross,4,dev|train,1,train:989-s0012|train:1375-s0012|train:1561-s0012|dev:1667-s0013,989|1375|1561|1667,来自马克数据网
exact_text_cross,4,dev|train,1,train:1040-s0019|train:1262-s0003|train:1401-s0008|dev:1728-s0010,1040|1262|1401|1728,更多数据：搜索马克数据网来源：www.macrodatas.cn
exact_text_cross,2,dev|train,0,train:1043-s0001|dev:1645-s0001,1043|1645,２．通过电话等方式，跟进顾客购买意向，提供相应指导，促成订单；
exact_text_cross,2,dev|train,0,train:1043-s0002|dev:1645-s0002,1043|1645,３．为客户制定合理的课程；
exact_text_cross,2,dev|train,0,train:1043-s0003|dev:1645-s0003,1043|1645,４．准确收集、统计、整理咨询数据，挖掘有效顾客信息。
exact_text_cross,2,dev|train,1,train:1056-s0013|dev:1733-s0011,1056|1733, 更多数据：搜索马克数据网来源：www.macrodatas.cn
exact_text_cross,2,test|train,0,train:1076-s0018|test:1879-s0006,1076|1879," 福利待遇 免费班车,成长空间,年度旅游,岗位晋升,内部转岗机会,管理规范,美女多,帅哥多,影响亿万用户,五险一金,领先技术,新鲜空气,大平台,弹性工作"
exact_text_cross,6,dev|train,1,train:1189-s0011|train:1458-s0010|train:1485-s0011|dev:1627-s0010|dev:1665-s0011|dev:1682-s0016,1189|1458|1485|1627|1665|1682,微信公众号马克数据网
exact_text_cross,2,dev|train,0,train:1193-s0015|dev:1632-s0009,1193|1632,"福利待遇扁平管理,弹性工作,就近租房补贴,六险一金,股票期权,成长空间大,带薪年假,定期体检,免费三餐"
exact_text_cross,3,dev|test|train,1,train:1239-s0006|dev:1798-s0008|test:1940-s0013,1239|1798|1940, 数据由马 克 数 据整理
exact_text_cross,6,dev|test|train,0,train:1308-s0003|train:1449-s0003|dev:1605-s0002|test:1846-s0002|test:1846-s0003|test:1928-s0004,1308|1449|1605|1846|1846|1928,amp;
exact_text_cross,3,dev|test|train,0,train:1309-s0008|dev:1642-s0007|test:1811-s0008,1309|1642|1811," 福利待遇 扁平管理,弹性工作,大厨定制三餐,就近租房补贴,六险一金,股票期权,成长空间大,双线地铁沿线,mac办公"
exact_text_cross,2,dev|train,0,train:1310-s0012|dev:1706-s0008,1310|1706,"福利待遇扁平管理,弹性工作,大厨定制三餐,就近租房补贴,六险一金,股票期权,成长空间大,双线地铁沿线,mac办公"
exact_text_cross,7,dev|train,0,train:1332-s0000|train:1332-s0010|train:1449-s0014|train:1513-s0108|train:1513-s0224|dev:1783-s0008|dev:1783-s0009,1332|1332|1449|1513|1513|1783|1783,&quot;
exact_text_cross,37,dev|train,0,train:1541-s0000|train:1541-s0007|train:1541-s0010|train:1541-s0013|train:1541-s0016|train:1541-s0021|train:1541-s0024|train:1541-s0027|train:1541-s0031|train:1541-s0034|train:1541-s0037|train:1541-s0040,1541|1541|1541|1541|1541|1541|1541|1541,&lt;
exact_text_cross,69,dev|train,0,train:1541-s0001|train:1541-s0003|train:1541-s0005|train:1541-s0008|train:1541-s0011|train:1541-s0014|train:1541-s0017|train:1541-s0019|train:1541-s0022|train:1541-s0025|train:1541-s0028|train:1541-s0032,1541|1541|1541|1541|1541|1541|1541|1541,br&gt;
exact_text_cross,12,dev|train,0,train:1541-s0002|train:1541-s0046|train:1541-s0048|train:1541-s0052|train:1541-s0058|train:1587-s0002|train:1587-s0008|train:1587-s0022|dev:1781-s0002|dev:1781-s0050|dev:1781-s0080|dev:1781-s0086,1541|1541|1541|1541|1541|1587|1587|1587, &lt;
exact_text_cross,3,dev|train,0,train:1541-s0050|train:1587-s0020|dev:1781-s0078,1541|1587|1781,工作地址：&lt;
exact_text_cross,2,dev|train,0,train:1573-s0000|dev:1620-s0000,1573|1620,该职位来源于猎聘任职要求1.负责公有云解决方案销售及销售运作，负责云产品及相关解决方案的技术包装和营销推广；
exact_text_cross,2,dev|train,0,train:1573-s0001|dev:1620-s0001,1573|1620,2.3年以上公有云产品销售经验，熟悉互联网和云计算相关业务（包含华为云、阿里云、腾讯云等）有华为云、阿里云、腾讯云等产品销售经验及渠道分销经验优先；
exact_text_cross,2,dev|train,0,train:1573-s0002|dev:1620-s0002,1573|1620,3.具备云架构咨询与设计服务能力、HCIA证书者优先录取；
normalized_text_cross,7,test|train,1,train:4-s0008|train:279-s0010|train:456-s0006|train:649-s0010|train:789-s0005|train:1109-s0008|test:1960-s0013,4|279|456|649|789|1109|1960,0优秀应届毕业生亦可
normalized_text_cross,20,dev|test|train,1,train:4-s0010|train:430-s0014|train:474-s0015|train:533-s0005|train:565-s0004|train:712-s0012|train:807-s0013|train:1164-s0005|train:1317-s0011|train:1396-s0014|train:1461-s0000|train:1477-s0006,4|430|474|533|565|712|807|1164,马克数据网
normalized_text_cross,24,dev|test|train,1,train:5-s0010|train:191-s0005|train:244-s0014|train:337-s0039|train:371-s0008|train:460-s0000|train:468-s0003|train:579-s0008|train:623-s0002|train:815-s0005|train:920-s0014|train:1189-s0011,5|191|244|337|371|460|468|579,微信公众号马克数据网
normalized_text_cross,10,dev|test|train,1,train:6-s0009|train:640-s0013|train:704-s0008|train:879-s0015|train:1405-s0006|train:1406-s0002|train:1502-s0008|dev:1715-s0017|dev:1760-s0008|test:1884-s0016,6|640|704|879|1405|1406|1502|1715,来自马克数据
normalized_text_cross,9,dev|train,1,train:16-s0012|train:411-s0031|train:695-s0011|train:1025-s0008|train:1061-s0014|train:1171-s0010|train:1444-s0008|dev:1661-s0012|dev:1703-s0009,16|411|695|1025|1061|1171|1444|1661,来自wwwmacrodatascn
normalized_text_cross,10,dev|test|train,1,train:22-s0004|train:276-s0001|train:1002-s0011|train:1239-s0006|train:1320-s0021|train:1438-s0008|train:1599-s0010|dev:1798-s0008|test:1919-s0009|test:1940-s0013,22|276|1002|1239|1320|1438|1599|1798,数据由马克数据整理
normalized_text_cross,2,dev|train,1,train:25-s0006|dev:1611-s0007,25|1611,0工作认真细致思维敏捷责任心强
normalized_text_cross,15,test|train,1,train:26-s0006|train:291-s0002|train:315-s0023|train:320-s0009|train:525-s0034|train:553-s0039|train:558-s0014|train:672-s0014|train:737-s0009|train:778-s0037|train:906-s0006|train:1017-s0014,26|291|315|320|525|553|558|672,马克数据
normalized_text_cross,14,test|train,1,train:27-s0010|train:109-s0004|train:304-s0018|train:432-s0015|train:549-s0006|train:1077-s0004|train:1110-s0016|train:1118-s0010|train:1155-s0015|train:1318-s0000|train:1454-s0013|train:1558-s0012,27|109|304|432|549|1077|1110|1118,来源马克团队
normalized_text_cross,7,dev|test|train,1,train:29-s0006|train:371-s0007|train:1227-s0011|train:1228-s0008|train:1331-s0008|dev:1800-s0010|test:1930-s0005,29|371|1227|1228|1331|1800|1930,分享微信邮件
normalized_text_cross,23,dev|test|train,1,train:32-s0005|train:42-s0014|train:339-s0017|train:497-s0001|train:605-s0005|train:613-s0013|train:634-s0021|train:660-s0014|train:784-s0008|train:924-s0000|train:1138-s0005|train:1329-s0013,32|42|339|497|605|613|634|660,关注公众号马克数据网
normalized_text_cross,38,dev|test|train,1,train:37-s0007|train:76-s0006|train:101-s0007|train:163-s0007|train:181-s0021|train:333-s0006|train:374-s0026|train:383-s0016|train:469-s0007|train:481-s0013|train:488-s0004|train:658-s0000,37|76|101|163|181|333|374|383,来自马克数据网
normalized_text_cross,26,dev|train,1,train:38-s0015|train:72-s0000|train:96-s0009|train:144-s0007|train:154-s0017|train:206-s0010|train:214-s0005|train:335-s0003|train:696-s0004|train:702-s0017|train:705-s0014|train:728-s0014,38|72|96|144|154|206|214|335,来源马克数据网
normalized_text_cross,42,dev|test|train,1,train:39-s0011|train:40-s0005|train:205-s0016|train:292-s0005|train:407-s0002|train:407-s0004|train:476-s0000|train:476-s0005|train:476-s0008|train:514-s0009|train:610-s0030|train:672-s0006,39|40|205|292|407|407|476|476,0
normalized_text_cross,4,test|train,1,train:41-s0002|train:299-s0002|train:692-s0004|test:1897-s0005,41|299|692|1897,0学习能力强工作热情高富有责任感工作认真细致敬业责任心强
normalized_text_cross,9,dev|test|train,1,train:53-s0009|train:389-s0007|train:957-s0013|train:1122-s0012|train:1216-s0013|train:1240-s0018|train:1411-s0000|dev:1652-s0012|test:1858-s0017,53|389|957|1122|1216|1240|1411|1652,搜索马克数据网
normalized_text_cross,14,dev|test|train,1,train:55-s0016|train:66-s0012|train:259-s0015|train:273-s0008|train:354-s0005|train:539-s0019|train:566-s0008|train:730-s0010|train:886-s0007|train:1372-s0011|dev:1613-s0009|dev:1628-s0009,55|66|259|273|354|539|566|730,更多数据详见马克数据网
normalized_text_cross,10,dev|test|train,1,train:67-s0020|train:171-s0028|train:269-s0022|train:1227-s0012|train:1260-s0013|train:1441-s0024|dev:1676-s0007|dev:1712-s0010|test:1803-s0012|test:1913-s0010,67|171|269|1227|1260|1441|1676|1712,来自马克团队
normalized_text_cross,6,dev|train,1,train:75-s0001|train:570-s0002|train:872-s0001|train:911-s0013|train:950-s0001|dev:1675-s0001,75|570|872|911|950|1675,0根据市场营销计划完成部门销售指标
normalized_text_cross,9,dev|test|train,1,train:75-s0002|train:228-s0002|train:366-s0002|train:872-s0002|train:911-s0014|train:950-s0002|train:1491-s0001|dev:1675-s0002|test:1805-s0002,75|228|366|872|911|950|1491|1675,0开拓新市场发展新客户增加产品销售范围
normalized_text_cross,10,dev|train,1,train:76-s0003|train:228-s0005|train:446-s0008|train:650-s0006|train:872-s0008|train:903-s0017|train:1188-s0007|train:1491-s0006|train:1566-s0014|dev:1682-s0011,76|228|446|650|872|903|1188|1491,0反应敏捷表达能力强具有较强的沟通能力及交际技巧具有亲和力
normalized_text_cross,8,dev|train,1,train:76-s0004|train:446-s0009|train:584-s0005|train:650-s0007|train:872-s0009|train:1188-s0008|train:1491-s0007|dev:1682-s0012,76|446|584|650|872|1188|1491|1682,0具备一定的市场分析及判断能力良好的客户服务意识
normalized_text_cross,8,dev|test|train,1,train:77-s0006|train:142-s0008|train:156-s0017|train:1038-s0009|train:1251-s0009|dev:1611-s0009|dev:1666-s0009|test:1851-s0007,77|142|156|1038|1251|1611|1666|1851,更多详情请浏览厦门人才网wwwxmrccomcn
normalized_text_cross,12,dev|test|train,1,train:79-s0003|train:635-s0010|train:965-s0032|train:1036-s0012|train:1111-s0011|train:1182-s0011|train:1246-s0010|train:1301-s0011|train:1330-s0003|dev:1732-s0006|test:1822-s0012|test:1903-s0010,79|635|965|1036|1111|1182|1246|1301,macrodatascn
normalized_text_cross,7,dev|test|train,1,train:85-s0009|train:334-s0014|train:749-s0020|train:897-s0006|train:1024-s0018|dev:1714-s0007|test:1855-s0000,85|334|749|897|1024|1714|1855,macrodatascn来自马克数据网
normalized_text_cross,43,test|train,1,train:101-s0004|train:336-s0039|train:336-s0041|train:336-s0043|train:336-s0045|train:336-s0047|train:455-s0034|train:767-s0001|train:789-s0012|train:789-s0014|train:1513-s0011|train:1513-s0023,101|336|336|336|336|336|455|767,gt
normalized_text_cross,8,dev|train,1,train:131-s0008|train:240-s0008|train:288-s0002|train:315-s0020|train:558-s0012|train:1075-s0004|train:1086-s0002|dev:1754-s0006,131|240|288|315|558|1075|1086|1754,0完成领导交办的其他工作
normalized_text_cross,12,dev|test|train,1,train:133-s0006|train:141-s0004|train:464-s0000|train:822-s0013|train:895-s0014|train:991-s0012|train:1127-s0010|train:1144-s0008|train:1437-s0012|dev:1666-s0010|dev:1680-s0016|test:1926-s0009,133|141|464|822|895|991|1127|1144,来自马克数据官网
normalized_text_cross,2,test|train,1,train:139-s0003|test:1823-s0005,139|1823,0熟悉htmlcssjavascript
normalized_text_cross,22,dev|test|train,1,train:140-s0006|train:209-s0008|train:307-s0017|train:517-s0008|train:602-s0021|train:666-s0011|train:845-s0008|train:995-s0012|train:1015-s0010|train:1027-s0008|train:1058-s0017|train:1230-s0010,140|209|307|517|602|666|845|995,高薪诚聘
normalized_text_cross,15,dev|train,1,train:147-s0013|train:188-s0006|train:255-s0003|train:319-s0009|train:439-s0014|train:629-s0000|train:729-s0015|train:808-s0001|train:1026-s0013|train:1082-s0006|train:1090-s0001|train:1113-s0008,147|188|255|319|439|629|729|808,来源百度搜索马克数据网
normalized_text_cross,4,test|train,1,train:149-s0013|train:311-s0016|train:311-s0018|test:1960-s0015,149|311|311|1960,0000
normalized_text_cross,5,dev|train,1,train:182-s0001|train:848-s0009|train:1577-s0011|dev:1674-s0005|dev:1715-s0015,182|848|1577|1674|1715,0大专以上学历
normalized_text_cross,3,test|train,1,train:193-s0005|train:929-s0002|test:1938-s0001,193|929|1938,0开发新客户拓展与老客户的业务建立和维护客户档案
normalized_text_cross,16,dev|test|train,1,train:196-s0016|train:284-s0006|train:309-s0005|train:318-s0013|train:402-s0012|train:434-s0000|train:708-s0017|train:849-s0009|train:1023-s0016|train:1282-s0011|train:1313-s0004|train:1371-s0032,196|284|309|318|402|434|708|849,该数据由马克数据网整理
normalized_text_cross,3,dev|train,1,train:249-s0019|train:1255-s0006|dev:1645-s0006,249|1255|1645,0每季度员工聚会员工生日会节日礼物
normalized_text_cross,3,dev|train,1,train:249-s0020|train:1255-s0007|dev:1645-s0007,249|1255|1645,0每年享受国家规定的带薪年假法定节假日等福利
normalized_text_cross,3,test|train,1,train:351-s0002|train:633-s0008|test:1881-s0005,351|633|1881,0完成领导交代的其他工作
normalized_text_cross,2,dev|train,1,train:372-s0014|dev:1644-s0014,372|1644,0带薪年假
normalized_text_cross,11,dev|test|train,1,train:431-s0007|train:449-s0029|train:540-s0012|train:821-s0008|train:1005-s0012|train:1009-s0014|train:1133-s0011|train:1333-s0013|train:1499-s0006|dev:1794-s0010|test:1898-s0016,431|449|540|821|1005|1009|1133|1333,更多数据wwwmacrodatascn
normalized_text_cross,2,test|train,1,train:439-s0004|test:1876-s0009,439|1876,结业颁发工业和信息化部软件与集成电路促进中心职业技能等级证书行业内畅通无阻
normalized_text_cross,2,dev|train,1,train:446-s0006|dev:1682-s0009,446|1682,000年以上销售行业工作经验业绩突出者优先
normalized_text_cross,7,dev|train,1,train:446-s0010|train:584-s0006|train:650-s0008|train:872-s0010|train:1188-s0009|train:1491-s0008|dev:1682-s0013,446|584|650|872|1188|1491|1682,0有责任心能承受较大的工作压力
normalized_text_cross,5,dev|train,1,train:446-s0011|train:872-s0011|train:1188-s0010|train:1491-s0009|dev:1682-s0014,446|872|1188|1491|1682,0有团队协作精神善于挑战
normalized_text_cross,4,test|train,1,train:462-s0002|train:494-s0000|train:1446-s0006|test:1807-s0004,462|494|1446|1807,任职要求0大专及以上学历
normalized_text_cross,9,dev|train,1,train:483-s0013|train:655-s0012|train:735-s0004|train:941-s0014|train:1105-s0023|train:1112-s0011|train:1389-s0008|train:1480-s0010|dev:1730-s0008,483|655|735|941|1105|1112|1389|1480,wwwmacrodatascn
normalized_text_cross,3,dev|train,1,train:495-s0004|train:519-s0001|dev:1625-s0007,495|519|1625,0了解客户需求提供合适房源进行商务谈判
normalized_text_cross,2,test|train,1,train:511-s0006|test:1861-s0005,511|1861,任职要求0本科及以上学历专业不限
normalized_text_cross,2,dev|train,1,train:561-s0003|dev:1610-s0012,561|1610,0与公司各部门配合及时处理商户的反馈投诉和建议提高顾客满意度
normalized_text_cross,5,test|train,1,train:564-s0018|train:827-s0010|train:848-s0032|train:953-s0011|test:1805-s0010,564|827|848|953|1805,来源百度马克数据网
normalized_text_cross,2,test|train,1,train:566-s0004|test:1836-s0008,566|1836,任职要求0大专及以上学历计算机相关专业
normalized_text_cross,96,dev|train,1,train:582-s0000|train:582-s0003|train:582-s0005|train:582-s0008|train:582-s0010|train:582-s0013|train:852-s0000|train:852-s0004|train:852-s0008|train:852-s0010|train:852-s0014|train:852-s0016,582|582|582|582|582|582|852|852,lt
normalized_text_cross,5,dev|test|train,1,train:586-s0001|train:757-s0003|train:876-s0002|dev:1692-s0005|test:1885-s0003,586|757|876|1692|1885,0领导安排的其他工作
normalized_text_cross,2,test|train,1,train:622-s0017|test:1927-s0009,622|1927,0欢迎应届毕业生加入
normalized_text_cross,2,dev|train,1,train:716-s0005|dev:1781-s0066,716|1781,0年终奖
normalized_text_cross,70,dev|train,1,train:852-s0032|train:1541-s0001|train:1541-s0003|train:1541-s0005|train:1541-s0008|train:1541-s0011|train:1541-s0014|train:1541-s0017|train:1541-s0019|train:1541-s0022|train:1541-s0025|train:1541-s0028,852|1541|1541|1541|1541|1541|1541|1541,brgt
normalized_text_cross,2,dev|train,1,train:874-s0007|dev:1689-s0009,874|1689,0熟练使用各种办公软件
normalized_text_cross,2,test|train,1,train:929-s0009|test:1940-s0012,929|1940,能够承受较强的工作压力
normalized_text_cross,2,dev|train,1,train:1018-s0014|dev:1683-s0011,1018|1683,责任心强正直诚实值得信赖
normalized_text_cross,2,test|train,1,train:1021-s0009|test:1924-s0011,1021|1924,抗压能力强
normalized_text_cross,6,dev|train,1,train:1040-s0019|train:1056-s0013|train:1262-s0003|train:1401-s0008|dev:1728-s0010|dev:1733-s0011,1040|1056|1262|1401|1728|1733,更多数据搜索马克数据网来源wwwmacrodatascn
normalized_text_cross,3,dev|train,1,train:1043-s0001|dev:1645-s0001|dev:1738-s0001,1043|1645|1738,0通过电话等方式跟进顾客购买意向提供相应指导促成订单
normalized_text_cross,4,dev|train,1,train:1043-s0002|train:1054-s0002|dev:1645-s0002|dev:1648-s0002,1043|1054|1645|1648,0为客户制定合理的课程
normalized_text_cross,6,dev|train,1,train:1043-s0003|train:1054-s0003|train:1101-s0005|dev:1645-s0003|dev:1648-s0003|dev:1738-s0003,1043|1054|1101|1645|1648|1738,0准确收集统计整理咨询数据挖掘有效顾客信息
normalized_text_cross,2,test|train,1,train:1076-s0018|test:1879-s0006,1076|1879,福利待遇免费班车成长空间年度旅游岗位晋升内部转岗机会管理规范美女多帅哥多影响亿万用户五险一金领先技术新鲜空气大平台弹性工作
normalized_text_cross,2,dev|train,1,train:1092-s0010|dev:1744-s0016,1092|1744,0熟练使用psai等设计软件
normalized_text_cross,2,dev|train,1,train:1192-s0002|dev:1796-s0009,1192|1796,0良好的沟通能力和团队协作能力
normalized_text_cross,2,dev|train,1,train:1193-s0015|dev:1632-s0009,1193|1632,福利待遇扁平管理弹性工作就近租房补贴六险一金股票期权成长空间大带薪年假定期体检免费三餐
normalized_text_cross,2,test|train,1,train:1245-s0004|test:1954-s0004,1245|1954,0年龄00岁
normalized_text_cross,2,dev|train,1,train:1255-s0005|dev:1645-s0005,1255|1645,0签订正式劳动合同完整合规的社会保险和住房公积金以及餐补
normalized_text_cross,2,dev|train,1,train:1255-s0010|dev:1645-s0009,1255|1645,0成长阶段每周专业的课程培训职业素养培训
normalized_text_cross,2,dev|train,1,train:1255-s0012|dev:1645-s0011,1255|1645,0管理路线专员主管经理总监校长
normalized_text_cross,37,dev|test|train,1,train:1308-s0003|train:1449-s0003|train:1513-s0000|train:1513-s0010|train:1513-s0022|train:1513-s0035|train:1513-s0047|train:1513-s0059|train:1513-s0072|train:1513-s0075|train:1513-s0085|train:1513-s0097,1308|1449|1513|1513|1513|1513|1513|1513,amp
normalized_text_cross,5,dev|test|train,1,train:1309-s0008|train:1310-s0012|dev:1642-s0007|dev:1706-s0008|test:1811-s0008,1309|1310|1642|1706|1811,福利待遇扁平管理弹性工作大厨定制三餐就近租房补贴六险一金股票期权成长空间大双线地铁沿线mac办公
normalized_text_cross,2,test|train,1,train:1317-s0002|test:1969-s0010,1317|1969,0完成领导交办的其它工作
normalized_text_cross,7,dev|train,1,train:1332-s0000|train:1332-s0010|train:1449-s0014|train:1513-s0108|train:1513-s0224|dev:1783-s0008|dev:1783-s0009,1332|1332|1449|1513|1513|1783|1783,quot
normalized_text_cross,2,test|train,1,train:1362-s0004|test:1965-s0015,1362|1965,0党员优先
normalized_text_cross,2,test|train,1,train:1368-s0004|test:1904-s0000,1368|1904,任职要求0计算机相关专业大专以上学历
normalized_text_cross,2,test|train,1,train:1399-s0003|test:1956-s0006,1399|1956,任职资格0计算机相关专业本科以上学历
normalized_text_cross,2,test|train,1,train:1453-s0006|test:1823-s0004,1453|1823,0熟练操作常用办公软件且具备其它软件应用能力
normalized_text_cross,2,test|train,1,train:1453-s0008|test:1823-s0006,1453|1823,0对通用类软件或互联网应用产品的人机交互方面有自己的理解和认识
normalized_text_cross,2,test|train,1,train:1453-s0009|test:1823-s0007,1453|1823,0具备良好的审美能力深厚的美术功底有较强的平面设计和网页设计能力
normalized_text_cross,2,test|train,1,train:1453-s0010|test:1823-s0008,1453|1823,0具有敏锐的用户体验观察力富有创新精神
normalized_text_cross,2,dev|train,1,train:1456-s0007|dev:1715-s0013,1456|1715,0能适应经常出差
normalized_text_cross,2,dev|train,1,train:1471-s0006|dev:1618-s0010,1471|1618,0有较强的数据分析挖掘能力数据敏感度高
normalized_text_cross,2,dev|train,1,train:1486-s0016|dev:1752-s0003,1486|1752,0熟悉linux操作系统熟练掌握docker容器技术的原理部署和使用优化
normalized_text_cross,2,test|train,1,train:1491-s0002|test:1805-s0003,1491|1805,0负责市场信息的收集及竞争对手的分析
normalized_text_cross,2,test|train,1,train:1503-s0010|test:1823-s0010,1503|1823,0工作经验0年以上
normalized_text_cross,3,dev|train,1,train:1541-s0050|train:1587-s0020|dev:1781-s0078,1541|1587|1781,工作地址lt
normalized_text_cross,2,dev|train,1,train:1573-s0000|dev:1620-s0000,1573|1620,该职位来源于猎聘任职要求0负责公有云解决方案销售及销售运作负责云产品及相关解决方案的技术包装和营销推广
normalized_text_cross,2,dev|train,1,train:1573-s0001|dev:1620-s0001,1573|1620,00年以上公有云产品销售经验熟悉互联网和云计算相关业务包含华为云阿里云腾讯云等有华为云阿里云腾讯云等产品销售经验及渠道分销经验优先
normalized_text_cross,2,dev|train,1,train:1573-s0002|dev:1620-s0002,1573|1620,0具备云架构咨询与设计服务能力hcia证书者优先录取
normalized_text_cross,2,test|train,1,train:1592-s0000|test:1813-s0000,1592|1813,职位描述
prefix24_template_cross,6,dev|train,1,train:75-s0001|train:570-s0002|train:872-s0001|train:911-s0013|train:950-s0001|dev:1675-s0001,75|570|872|911|950|1675,2、根据市场营销计划，完成部门销售指标；
prefix24_template_cross,4,dev|train,1,train:75-s0002|train:872-s0002|train:911-s0014|dev:1675-s0002,75|872|911|1675,"3、开拓新市场,发展新客户,增加产品销售范围；"
prefix24_template_cross,6,dev|test|train,1,train:77-s0006|train:156-s0017|train:1038-s0009|dev:1611-s0009|dev:1666-s0009|test:1851-s0007,77|156|1038|1611|1666|1851,更多详情，请浏览厦门人才网（www.xmrc.c
prefix24_template_cross,9,dev|test|train,1,train:85-s0009|train:334-s0014|train:519-s0000|train:749-s0020|train:897-s0006|train:1024-s0018|train:1042-s0000|dev:1714-s0007|test:1855-s0000,85|334|519|749|897|1024|1042|1714,（macrodatas.cn）（来自马克数据网）
prefix24_template_cross,8,dev|train,1,train:411-s0031|train:695-s0011|train:1025-s0008|train:1061-s0014|train:1171-s0010|train:1444-s0008|dev:1661-s0012|dev:1703-s0009,411|695|1025|1061|1171|1444|1661|1703,来自：www.macrodatas.cn
prefix24_template_cross,10,dev|test|train,1,train:431-s0007|train:449-s0029|train:540-s0012|train:821-s0008|train:1005-s0012|train:1009-s0014|train:1133-s0011|train:1499-s0006|dev:1794-s0010|test:1898-s0016,431|449|540|821|1005|1009|1133|1499,更多数据：www.macrodatas.cn
prefix24_template_cross,2,test|train,1,train:439-s0004|test:1876-s0009,439|1876,结业颁发工业和信息化部软件与集成电路促进中心职业
prefix24_template_cross,9,dev|train,1,train:483-s0013|train:655-s0012|train:735-s0004|train:941-s0014|train:1105-s0023|train:1112-s0011|train:1389-s0008|train:1480-s0010|dev:1730-s0008,483|655|735|941|1105|1112|1389|1480,www.macrodatas.cn
prefix24_template_cross,2,test|train,1,train:692-s0004|test:1897-s0005,692|1897,5、学习能力强，工作热情高，富有责任感，工作认真
prefix24_template_cross,2,dev|train,1,train:1018-s0012|dev:1683-s0010,1018|1683,4.素质要求：-工作踏实，态度积极，能够承受工作
prefix24_template_cross,2,dev|train,1,train:1018-s0014|dev:1683-s0011,1018|1683,-责任心强，正直诚实，值得信赖。
prefix24_template_cross,2,test|train,1,train:1027-s0000|test:1872-s0000,1027|1872,详见官网：www.macrodatas.cn工作
prefix24_template_cross,8,dev|test|train,1,train:1040-s0019|train:1056-s0013|train:1262-s0003|train:1401-s0008|train:1501-s0000|dev:1728-s0010|dev:1733-s0011|test:1882-s0000,1040|1056|1262|1401|1501|1728|1733|1882,更多数据：搜索马克数据网来源：www.macro
prefix24_template_cross,2,dev|train,1,train:1043-s0001|dev:1645-s0001,1043|1645,２．通过电话等方式，跟进顾客购买意向，提供相应指
prefix24_template_cross,2,dev|train,1,train:1043-s0003|dev:1645-s0003,1043|1645,４．准确收集、统计、整理咨询数据，挖掘有效顾客信
prefix24_template_cross,2,test|train,1,train:1076-s0018|test:1879-s0006,1076|1879,"福利待遇免费班车,成长空间,年度旅游,岗位晋升,"
prefix24_template_cross,2,dev|train,1,train:1193-s0015|dev:1632-s0009,1193|1632,"福利待遇扁平管理,弹性工作,就近租房补贴,六险一"
prefix24_template_cross,2,dev|train,1,train:1238-s0004|dev:1625-s0003,1238|1625,目前线上已覆盖PC端、链家APP、链家网手机版等
prefix24_template_cross,2,dev|train,1,train:1255-s0005|dev:1645-s0005,1255|1645,3、签订正式劳动合同，完整合规的社会保险和住房公
prefix24_template_cross,2,dev|train,1,train:1255-s0007|dev:1645-s0007,1255|1645,5、每年享受国家规定的带薪年假、法定节假日等福利
prefix24_template_cross,2,dev|train,1,train:1255-s0012|dev:1645-s0011,1255|1645,2、管理路线：专员主管经理总监--校长；
prefix24_template_cross,2,dev|train,1,train:1255-s0013|dev:1645-s0012,1255|1645,3、内部晋升职位：公司招募职位以内部竞选员工优先
prefix24_template_cross,2,dev|train,1,train:1275-s0000|dev:1657-s0000,1275|1657,岗位职责：基于分布式大数据平台，搭建互联网保险数
prefix24_template_cross,5,dev|test|train,1,train:1309-s0008|train:1310-s0012|dev:1642-s0007|dev:1706-s0008|test:1811-s0008,1309|1310|1642|1706|1811,"福利待遇扁平管理,弹性工作,大厨定制三餐,就近租"
prefix24_template_cross,2,dev|train,1,train:1336-s0031|dev:1608-s0008,1336|1608,5、积极热情、敬业爱岗、心理素质佳、较强的抗压能
prefix24_template_cross,2,test|train,1,train:1453-s0006|test:1823-s0004,1453|1823,2、熟练操作常用办公软件，且具备其它软件应用能力
prefix24_template_cross,2,test|train,1,train:1453-s0008|test:1823-s0006,1453|1823,4、对通用类软件或互联网应用产品的人机交互方面有
prefix24_template_cross,2,test|train,1,train:1453-s0009|test:1823-s0007,1453|1823,5、具备良好的审美能力、深厚的美术功底，有较强的
prefix24_template_cross,2,dev|train,1,train:1573-s0000|dev:1620-s0000,1573|1620,该职位来源于猎聘任职要求1.负责公有云解决方案销
prefix24_template_cross,2,dev|train,1,train:1573-s0001|dev:1620-s0001,1573|1620,2.3年以上公有云产品销售经验，熟悉互联网和云计
prefix24_template_cross,2,dev|train,1,train:1573-s0002|dev:1620-s0002,1573|1620,3.具备云架构咨询与设计服务能力、HCIA证书者
title_cross,103,dev|train,1,train:7-s0000|train:7-s0001|train:7-s0002|train:15-s0000|train:15-s0001|train:15-s0002|train:15-s0003|train:15-s0004|train:15-s0005|train:15-s0006|train:15-s0007|train:15-s0008,7|7|7|15|15|15|15|15,销售代表
title_cross,31,dev|train,1,train:14-s0000|train:14-s0001|train:14-s0002|train:14-s0003|train:14-s0004|train:14-s0005|train:14-s0006|train:14-s0007|train:14-s0008|train:1140-s0000|train:1140-s0001|train:1140-s0002,14|14|14|14|14|14|14|14,测试工程师
title_cross,40,dev|train,1,train:57-s0000|train:57-s0001|train:57-s0002|train:57-s0003|train:57-s0004|train:57-s0005|train:57-s0006|train:273-s0000|train:273-s0001|train:273-s0002|train:273-s0003|train:273-s0004,57|57|57|57|57|57|57|273,总经理助理
title_cross,10,dev|train,1,train:106-s0000|train:106-s0001|train:106-s0002|train:106-s0003|train:106-s0004|train:106-s0005|train:106-s0006|train:106-s0007|train:106-s0008|dev:1750-s0000,106|106|106|106|106|106|106|106,Java
title_cross,52,dev|test|train,1,train:194-s0000|train:194-s0001|train:194-s0002|train:194-s0003|train:194-s0004|train:194-s0005|train:194-s0006|train:194-s0007|train:194-s0008|dev:1753-s0000|dev:1753-s0001|dev:1753-s0002,194|194|194|194|194|194|194|194,运维工程师
title_cross,17,dev|train,1,train:309-s0000|train:309-s0001|train:309-s0002|train:309-s0003|train:309-s0004|train:309-s0005|dev:1794-s0000|dev:1794-s0001|dev:1794-s0002|dev:1794-s0003|dev:1794-s0004|dev:1794-s0005,309|309|309|309|309|309|1794|1794,技术经理
title_cross,69,test|train,1,train:442-s0000|train:442-s0001|train:442-s0002|train:442-s0003|train:442-s0004|train:442-s0005|train:988-s0000|train:988-s0001|train:988-s0002|train:988-s0003|train:988-s0004|train:988-s0005,442|442|442|442|442|442|988|988,产品经理
title_cross,34,dev|train,1,train:700-s0000|train:700-s0001|train:700-s0002|train:700-s0003|train:700-s0004|train:700-s0005|train:700-s0006|train:700-s0007|train:700-s0008|train:700-s0009|train:700-s0010|train:700-s0011,700|700|700|700|700|700|700|700,客服专员
title_cross,39,dev|train,1,train:825-s0000|train:825-s0001|train:825-s0002|train:825-s0003|train:825-s0004|train:825-s0005|train:825-s0006|train:825-s0007|train:825-s0008|train:825-s0009|train:825-s0010|train:825-s0011,825|825|825|825|825|825|825|825,渠道销售
title_cross,21,test|train,1,train:857-s0000|train:857-s0001|train:857-s0002|train:857-s0003|train:857-s0004|train:857-s0005|train:857-s0006|train:857-s0007|train:857-s0008|train:857-s0009|train:857-s0010|test:1920-s0000,857|857|857|857|857|857|857|857,电子助理工程师
title_cross,22,dev|train,1,train:932-s0000|train:932-s0001|train:932-s0002|train:932-s0003|train:932-s0004|train:932-s0005|train:932-s0006|train:932-s0007|train:932-s0008|train:932-s0009|train:932-s0010|train:932-s0011,932|932|932|932|932|932|932|932,安卓开发工程师
title_cross,45,test|train,1,train:965-s0000|train:965-s0001|train:965-s0002|train:965-s0003|train:965-s0004|train:965-s0005|train:965-s0006|train:965-s0007|train:965-s0008|train:965-s0009|train:965-s0010|train:965-s0011,965|965|965|965|965|965|965|965,销售经理
title_cross,29,dev|train,1,train:1003-s0000|train:1003-s0001|train:1041-s0000|train:1041-s0001|train:1041-s0002|train:1041-s0003|train:1041-s0004|train:1041-s0005|train:1041-s0006|train:1527-s0000|train:1527-s0001|train:1527-s0002,1003|1003|1041|1041|1041|1041|1041|1041,软件工程师
title_cross,48,dev|train,1,train:1034-s0000|train:1289-s0000|train:1289-s0001|train:1289-s0002|train:1289-s0003|train:1289-s0004|train:1289-s0005|train:1289-s0006|train:1289-s0007|train:1289-s0008|train:1289-s0009|train:1328-s0000,1034|1289|1289|1289|1289|1289|1289|1289,数据开发工程师
title_cross,27,test|train,1,train:1085-s0000|train:1389-s0000|train:1389-s0001|train:1389-s0002|train:1389-s0003|train:1389-s0004|train:1389-s0005|train:1389-s0006|train:1389-s0007|train:1389-s0008|test:1887-s0000|test:1887-s0001,1085|1389|1389|1389|1389|1389|1389|1389,高级算法工程师
title_cross,110,dev|test|train,1,train:1093-s0000|train:1093-s0001|train:1093-s0002|train:1093-s0003|train:1093-s0004|train:1093-s0005|train:1093-s0006|train:1093-s0007|train:1156-s0000|train:1156-s0001|train:1156-s0002|train:1156-s0003,1093|1093|1093|1093|1093|1093|1093|1093,算法工程师
title_cross,78,dev|test|train,1,train:1131-s0000|train:1131-s0001|train:1309-s0000|train:1309-s0001|train:1309-s0002|train:1309-s0003|train:1309-s0004|train:1309-s0005|train:1309-s0006|train:1309-s0007|train:1309-s0008|train:1480-s0000,1131|1131|1309|1309|1309|1309|1309|1309,数据分析师
title_cross,23,dev|train,1,train:1148-s0000|train:1148-s0001|train:1148-s0002|train:1148-s0003|train:1148-s0004|train:1148-s0005|train:1148-s0006|train:1148-s0007|train:1148-s0008|train:1148-s0009|train:1148-s0010|train:1148-s0011,1148|1148|1148|1148|1148|1148|1148|1148,数据产品经理
title_cross,13,test|train,1,train:1158-s0000|train:1158-s0001|train:1158-s0002|train:1158-s0003|train:1158-s0004|train:1158-s0005|train:1158-s0006|train:1158-s0007|train:1158-s0008|train:1158-s0009|train:1158-s0010|test:1830-s0000,1158|1158|1158|1158|1158|1158|1158|1158,前端开发工程师
title_cross,40,dev|train,1,train:1194-s0000|train:1194-s0001|train:1194-s0002|train:1194-s0003|train:1194-s0004|train:1194-s0005|train:1194-s0006|train:1194-s0007|train:1194-s0008|train:1194-s0009|train:1194-s0010|train:1194-s0011,1194|1194|1194|1194|1194|1194|1194|1194,销售总监
title_cross,33,test|train,1,train:1235-s0000|train:1235-s0001|train:1235-s0002|train:1235-s0003|train:1235-s0004|train:1235-s0005|train:1235-s0006|train:1235-s0007|test:1925-s0000|test:1925-s0001|test:1925-s0002|test:1925-s0003,1235|1235|1235|1235|1235|1235|1235|1235,数据分析
title_cross,28,dev|train,1,train:1253-s0000|train:1253-s0001|train:1253-s0002|train:1253-s0003|train:1253-s0004|train:1253-s0005|train:1253-s0006|train:1253-s0007|train:1253-s0008|train:1253-s0009|train:1253-s0010|train:1253-s0011,1253|1253|1253|1253|1253|1253|1253|1253,nlp算法工程师
title_cross,15,dev|train,1,train:1269-s0000|train:1269-s0001|train:1269-s0002|train:1269-s0003|train:1269-s0004|train:1269-s0005|train:1269-s0006|train:1269-s0007|dev:1799-s0000|dev:1799-s0001|dev:1799-s0002|dev:1799-s0003,1269|1269|1269|1269|1269|1269|1269|1269,语音识别算法工程师
title_cross,34,dev|test|train,1,train:1311-s0000|dev:1782-s0000|dev:1782-s0001|dev:1782-s0002|dev:1782-s0003|dev:1782-s0004|dev:1782-s0005|dev:1782-s0006|dev:1793-s0000|dev:1793-s0001|dev:1793-s0002|dev:1793-s0003,1311|1782|1782|1782|1782|1782|1782|1782,大数据开发工程师
title_cross,25,dev|test|train,1,train:1332-s0000|train:1332-s0001|train:1332-s0002|train:1332-s0003|train:1332-s0004|train:1332-s0005|train:1332-s0006|train:1332-s0007|train:1332-s0008|train:1332-s0009|train:1332-s0010|dev:1662-s0000,1332|1332|1332|1332|1332|1332|1332|1332,机器学习算法工程师
title_cross,28,dev|test|train,1,train:1339-s0000|train:1339-s0001|train:1339-s0002|train:1339-s0003|train:1339-s0004|train:1339-s0005|train:1339-s0006|train:1339-s0007|train:1339-s0008|dev:1686-s0000|dev:1686-s0001|dev:1686-s0002,1339|1339|1339|1339|1339|1339|1339|1339,大数据架构师
title_cross,22,dev|train,1,train:1387-s0000|train:1387-s0001|train:1387-s0002|train:1387-s0003|train:1387-s0004|train:1387-s0005|train:1387-s0006|train:1387-s0007|train:1387-s0008|train:1387-s0009|train:1387-s0010|train:1387-s0011,1387|1387|1387|1387|1387|1387|1387|1387,图像处理工程师
title_cross,38,dev|train,1,train:1441-s0000|train:1441-s0001|train:1441-s0002|train:1441-s0003|train:1441-s0004|train:1441-s0005|train:1441-s0006|train:1441-s0007|train:1441-s0008|train:1441-s0009|train:1441-s0010|train:1441-s0011,1441|1441|1441|1441|1441|1441|1441|1441,交互设计师
title_cross,14,test|train,1,train:1442-s0000|train:1442-s0001|train:1442-s0002|test:1935-s0000|test:1935-s0001|test:1935-s0002|test:1935-s0003|test:1935-s0004|test:1935-s0005|test:1935-s0006|test:1935-s0007|test:1935-s0008,1442|1442|1442|1935|1935|1935|1935|1935,Python
title_cross,13,dev|train,1,train:1509-s0000|train:1509-s0001|train:1509-s0002|train:1509-s0003|train:1509-s0004|train:1509-s0005|train:1509-s0006|train:1509-s0007|train:1509-s0008|train:1509-s0009|train:1509-s0010|train:1509-s0011,1509|1509|1509|1509|1509|1509|1509|1509,资深数据分析师
title_cross,6,dev|train,1,train:1573-s0000|train:1573-s0001|train:1573-s0002|dev:1620-s0000|dev:1620-s0001|dev:1620-s0002,1573|1573|1573|1620|1620|1620,华为公有云销售经理 总监
title_cross,25,test|train,1,train:1575-s0000|train:1575-s0001|train:1575-s0002|train:1575-s0003|train:1575-s0004|train:1575-s0005|train:1575-s0006|train:1575-s0007|train:1575-s0008|train:1575-s0009|train:1575-s0010|train:1575-s0011,1575|1575|1575|1575|1575|1575|1575|1575,软件测试工程师
title_cross,21,dev|test,1,dev:1638-s0000|dev:1638-s0001|dev:1638-s0002|dev:1638-s0003|dev:1638-s0004|dev:1638-s0005|dev:1638-s0006|dev:1638-s0007|dev:1638-s0008|dev:1638-s0009|dev:1638-s0010|dev:1638-s0011,1638|1638|1638|1638|1638|1638|1638|1638,嵌入式软件工程师
gold_text_in_train,1,gold|train,1,,,微信公众号马克 数据网
gold_text_in_train,1,gold|train,1,,,（来 自 马 克 数 据 网）
gold_text_in_train,1,gold|train,1,,,;
gold_text_in_train,1,gold|train,0,,," 福利待遇 扁平管理,弹性工作,大厨定制三餐,就近租房补贴,六险一金,股票期权,成长空间大,双线地铁沿线,mac办公"
gold_text_in_train,1,gold|train,1,,, 数据由马 克 数 据整理
gold_text_in_train,1,gold|train,1,,, （更多数据，详见马克数据网）
gold_text_in_train,1,gold|train,1,,,来源：马 克 团 队
gold_text_in_train,1,gold|train,1,,, 来自马克数据网
gold_text_in_train,1,gold|train,0,,, 更多详情，请浏览厦门人才网（www.xmrc.com.cn）
gold_text_in_train,1,gold|train,1,,, 来自：马 克 团 队
gold_text_in_train,1,gold|train,0,,, 分享 微信邮件
gold_text_in_train,1,gold|train,0,,,", 高薪诚聘"
gold_text_in_train,1,gold|train,0,,, 马-克-数据
gold_text_in_train,1,gold|train,0,,,更多数据：www.macrodatas.cn
gold_text_in_train,1,gold|train,1,,,。
gold_text_in_train,1,gold|train,0,,,结业颁发工业和信息化部软件与集成电路促进中心职业技能等级证书，行业内畅通无阻。
gold_text_in_train,1,gold|train,1,,,数据由马 克 数 据整理
gold_text_in_train,1,gold|train,0,,,&gt;
gold_text_in_train,1,gold|train,1,,,搜索马 克 数 据 网
gold_text_in_train,1,gold|train,1,,, 该数据由<马克数据网>整理
gold_text_in_train,1,gold|train,1,,, 微信公众号马克数据网
gold_text_in_train,1,gold|train,1,,,]。
gold_text_in_train,1,gold|train,0,,,amp;
gold_text_in_train,1,gold|train,0,,,来自马-克-数-据-官网
gold_text_in_train,1,gold|train,0,,,5、学习能力强，工作热情高，富有责任感，工作认真、细致、敬业，责任心强；
gold_text_in_train,1,gold|train,1,,,关注公众号马 克 数 据 网
gold_text_in_train,1,gold|train,0,,," 福利待遇 免费班车,成长空间,年度旅游,岗位晋升,内部转岗机会,管理规范,美女多,帅哥多,影响亿万用户,五险一金,领先技术,新鲜空气,大平台,弹性工作"
gold_text_in_train,1,gold|train,0,,, （macrodatas.cn）
