sentence_id,post_id,source,in_processed_test_3237,in_test_v4_silver,in_gold_v2,in_v4_hybrid_2601,in_simhuman980,has_v4_labels,n_spans,annotation_protocol,human_verification_status,processed_test_has_bio4,eligible_for_repartition,exclusion_reason,title
1801-s0000,1801,AI,1,1,0,0,0,1,3,rule_v4,not_human_reviewed,1,1,ok_v4_silver_not_in_unique_gold_v2,无人机自动控制工程师
1803-s0012,1803,AI,1,1,0,0,0,1,0,rule_v4,not_human_reviewed,0,1,ok_v4_silver_not_in_unique_gold_v2,亚马逊SEM竞价专员/外贸SEM(深圳市润森盛商贸有限公司)
1805-s0009,1805,AI,1,1,0,0,0,1,0,rule_v4,not_human_reviewed,0,1,ok_v4_silver_not_in_unique_gold_v2,大客户销售经理(广州启盈机电设备有限公司)
1805-s0010,1805,AI,1,1,0,0,0,1,0,rule_v4,not_human_reviewed,0,1,ok_v4_silver_not_in_unique_gold_v2,大客户销售经理(广州启盈机电设备有限公司)
1807-s0007,1807,AI,1,1,0,0,0,1,0,rule_v4,not_human_reviewed,0,1,ok_v4_silver_not_in_unique_gold_v2,运营主管(周末双休、五险一金）
1810-s0001,1810,AI,1,1,0,0,0,1,0,rule_v4,not_human_reviewed,0,1,ok_v4_silver_not_in_unique_gold_v2,告策略研发（高级）工程师(北京小熊博望科技有限公司)
1813-s0000,1813,AI,1,1,0,0,0,1,0,rule_v4,not_human_reviewed,0,1,ok_v4_silver_not_in_unique_gold_v2,数据分析师
1817-s0012,1817,AI,1,1,0,0,0,1,0,rule_v4,not_human_reviewed,0,1,ok_v4_silver_not_in_unique_gold_v2,总部信息科技中心数据集成部系统集成工程师(伊利实业)
1822-s0012,1822,AI,1,1,0,0,0,1,0,rule_v4,not_human_reviewed,0,1,ok_v4_silver_not_in_unique_gold_v2,AI可视化产品经理
1827-s0015,1827,AI,1,1,0,0,0,1,0,rule_v4,not_human_reviewed,0,1,ok_v4_silver_not_in_unique_gold_v2,自然语言处理开发大牛（nlp）(泛微)
1883-s0016,1883,AI,1,1,0,0,0,1,0,rule_v4,not_human_reviewed,0,1,ok_v4_silver_not_in_unique_gold_v2,职业顾问
1884-s0016,1884,AI,1,1,0,0,0,1,0,rule_v4,not_human_reviewed,0,1,ok_v4_silver_not_in_unique_gold_v2,android开发工程师(蓝软宇影智能医疗科技（常州）有限公司)
1886-s0005,1886,AI,1,1,0,0,0,1,0,rule_v4,not_human_reviewed,0,1,ok_v4_silver_not_in_unique_gold_v2,机器学习算法工程师
1897-s0010,1897,AI,1,1,0,0,0,1,0,rule_v4,not_human_reviewed,0,1,ok_v4_silver_not_in_unique_gold_v2,诚聘营销策划助理+双休
1919-s0008,1919,AI,1,1,0,0,0,1,0,rule_v4,not_human_reviewed,0,1,ok_v4_silver_not_in_unique_gold_v2,销售代表，渠道运营(南京物联传感技术有限公司)
1938-s0009,1938,AI,1,1,0,0,0,1,0,rule_v4,not_human_reviewed,0,1,ok_v4_silver_not_in_unique_gold_v2,课程顾问课程咨询(北京中汇友邦教育科技有限公司)
1946-s0004,1946,Cloud,1,1,0,0,0,1,0,rule_v4,not_human_reviewed,0,1,ok_v4_silver_not_in_unique_gold_v2,售后运维
1947-s0014,1947,Cloud,1,1,0,0,0,1,0,rule_v4,not_human_reviewed,0,1,ok_v4_silver_not_in_unique_gold_v2,网络管理员/网管/IT
1948-s0013,1948,Cloud,1,1,0,0,0,1,0,rule_v4,not_human_reviewed,0,1,ok_v4_silver_not_in_unique_gold_v2,高级IT经理
1949-s0007,1949,Cloud,1,1,0,0,0,1,0,rule_v4,not_human_reviewed,0,1,ok_v4_silver_not_in_unique_gold_v2,外贸跟单员、外贸客服文员(接受应届生、实习生）
1958-s0001,1958,Cloud,1,1,0,0,0,1,0,rule_v4,not_human_reviewed,0,1,ok_v4_silver_not_in_unique_gold_v2,IT专员
1965-s0021,1965,Cloud,1,1,0,0,0,1,0,rule_v4,not_human_reviewed,0,1,ok_v4_silver_not_in_unique_gold_v2,运维中高级工程师-山东
1968-s0013,1968,Cloud,1,1,0,0,0,1,0,rule_v4,not_human_reviewed,0,1,ok_v4_silver_not_in_unique_gold_v2,游戏运维工程师
1969-s0013,1969,Cloud,1,1,0,0,0,1,0,rule_v4,not_human_reviewed,0,1,ok_v4_silver_not_in_unique_gold_v2,运维测试工程师
1971-s0015,1971,Cloud,1,1,0,0,0,1,0,rule_v4,not_human_reviewed,0,1,ok_v4_silver_not_in_unique_gold_v2,电力设备主管
1973-s0031,1973,Cloud,1,1,0,0,0,1,0,rule_v4,not_human_reviewed,0,1,ok_v4_silver_not_in_unique_gold_v2,月薪8K完美日记彩妆线上导购
1975-s0008,1975,Cloud,1,1,0,0,0,1,0,rule_v4,not_human_reviewed,0,1,ok_v4_silver_not_in_unique_gold_v2,电气运维工程师/产品工程师-机电蒸汽变频器
1976-s0015,1976,Cloud,1,1,0,0,0,1,0,rule_v4,not_human_reviewed,0,1,ok_v4_silver_not_in_unique_gold_v2,项目实施工程师
1977-s0015,1977,Cloud,1,1,0,0,0,1,0,rule_v4,not_human_reviewed,0,1,ok_v4_silver_not_in_unique_gold_v2,高级网络工程师
1978-s0007,1978,Cloud,1,1,0,0,0,1,0,rule_v4,not_human_reviewed,0,1,ok_v4_silver_not_in_unique_gold_v2,Java架构师
1979-s0009,1979,Cloud,1,1,0,0,0,1,0,rule_v4,not_human_reviewed,0,1,ok_v4_silver_not_in_unique_gold_v2,生物制品工程师
1980-s0008,1980,Cloud,1,1,0,0,0,1,0,rule_v4,not_human_reviewed,0,1,ok_v4_silver_not_in_unique_gold_v2,信息系统管理员
1987-s0055,1987,Public,1,1,0,0,0,1,1,rule_v4,not_human_reviewed,1,1,ok_v4_silver_not_in_unique_gold_v2,2023年南通开放大学公开招聘高层次人才公告
1987-s0074,1987,Public,1,1,0,0,0,1,0,empty_process,not_human_reviewed,0,1,ok_v4_silver_not_in_unique_gold_v2,2023年南通开放大学公开招聘高层次人才公告
1987-s0075,1987,Public,1,1,0,0,0,1,0,empty_process,not_human_reviewed,0,1,ok_v4_silver_not_in_unique_gold_v2,2023年南通开放大学公开招聘高层次人才公告
1987-s0076,1987,Public,1,1,0,0,0,1,0,rule_v4,not_human_reviewed,0,1,ok_v4_silver_not_in_unique_gold_v2,2023年南通开放大学公开招聘高层次人才公告
1987-s0077,1987,Public,1,1,0,0,0,1,0,rule_v4,not_human_reviewed,0,1,ok_v4_silver_not_in_unique_gold_v2,2023年南通开放大学公开招聘高层次人才公告
1987-s0078,1987,Public,1,1,0,0,0,1,0,rule_v4,not_human_reviewed,0,1,ok_v4_silver_not_in_unique_gold_v2,2023年南通开放大学公开招聘高层次人才公告
1987-s0079,1987,Public,1,1,0,0,0,1,0,rule_v4,not_human_reviewed,0,1,ok_v4_silver_not_in_unique_gold_v2,2023年南通开放大学公开招聘高层次人才公告
1987-s0080,1987,Public,1,1,0,0,0,1,0,empty_process,not_human_reviewed,0,1,ok_v4_silver_not_in_unique_gold_v2,2023年南通开放大学公开招聘高层次人才公告
1987-s0081,1987,Public,1,1,0,0,0,1,0,empty_process,not_human_reviewed,0,1,ok_v4_silver_not_in_unique_gold_v2,2023年南通开放大学公开招聘高层次人才公告
1987-s0082,1987,Public,1,1,0,0,0,1,0,empty_process,not_human_reviewed,0,1,ok_v4_silver_not_in_unique_gold_v2,2023年南通开放大学公开招聘高层次人才公告
1987-s0083,1987,Public,1,1,0,0,0,1,0,empty_process,not_human_reviewed,0,1,ok_v4_silver_not_in_unique_gold_v2,2023年南通开放大学公开招聘高层次人才公告
1987-s0084,1987,Public,1,1,0,0,0,1,0,empty_process,not_human_reviewed,0,1,ok_v4_silver_not_in_unique_gold_v2,2023年南通开放大学公开招聘高层次人才公告
1987-s0085,1987,Public,1,1,0,0,0,1,0,empty_process,not_human_reviewed,0,1,ok_v4_silver_not_in_unique_gold_v2,2023年南通开放大学公开招聘高层次人才公告
1987-s0086,1987,Public,1,1,0,0,0,1,0,empty_shiye_process,not_human_reviewed,0,1,ok_v4_silver_not_in_unique_gold_v2,2023年南通开放大学公开招聘高层次人才公告
1987-s0087,1987,Public,1,1,0,0,0,1,0,empty_shiye_process,not_human_reviewed,0,1,ok_v4_silver_not_in_unique_gold_v2,2023年南通开放大学公开招聘高层次人才公告
1987-s0088,1987,Public,1,1,0,0,0,1,0,empty_process,not_human_reviewed,0,1,ok_v4_silver_not_in_unique_gold_v2,2023年南通开放大学公开招聘高层次人才公告
1987-s0089,1987,Public,1,1,0,0,0,1,0,empty_process,not_human_reviewed,0,1,ok_v4_silver_not_in_unique_gold_v2,2023年南通开放大学公开招聘高层次人才公告
1987-s0090,1987,Public,1,1,0,0,0,1,1,rule_v4,not_human_reviewed,1,1,ok_v4_silver_not_in_unique_gold_v2,2023年南通开放大学公开招聘高层次人才公告
1987-s0091,1987,Public,1,1,0,0,0,1,2,rule_v4,not_human_reviewed,1,1,ok_v4_silver_not_in_unique_gold_v2,2023年南通开放大学公开招聘高层次人才公告
1987-s0092,1987,Public,1,1,0,0,0,1,0,rule_v4,not_human_reviewed,0,1,ok_v4_silver_not_in_unique_gold_v2,2023年南通开放大学公开招聘高层次人才公告
1987-s0093,1987,Public,1,1,0,0,0,1,0,rule_v4,not_human_reviewed,0,1,ok_v4_silver_not_in_unique_gold_v2,2023年南通开放大学公开招聘高层次人才公告
1987-s0094,1987,Public,1,1,0,0,0,1,0,empty_process,not_human_reviewed,0,1,ok_v4_silver_not_in_unique_gold_v2,2023年南通开放大学公开招聘高层次人才公告
1987-s0095,1987,Public,1,1,0,0,0,1,0,empty_process,not_human_reviewed,0,1,ok_v4_silver_not_in_unique_gold_v2,2023年南通开放大学公开招聘高层次人才公告
1987-s0096,1987,Public,1,1,0,0,0,1,1,rule_v4,not_human_reviewed,1,1,ok_v4_silver_not_in_unique_gold_v2,2023年南通开放大学公开招聘高层次人才公告
1987-s0097,1987,Public,1,1,0,0,0,1,1,rule_v4,not_human_reviewed,1,1,ok_v4_silver_not_in_unique_gold_v2,2023年南通开放大学公开招聘高层次人才公告
1987-s0098,1987,Public,1,1,0,0,0,1,0,empty_process,not_human_reviewed,0,1,ok_v4_silver_not_in_unique_gold_v2,2023年南通开放大学公开招聘高层次人才公告
1987-s0099,1987,Public,1,1,0,0,0,1,0,empty_process,not_human_reviewed,0,1,ok_v4_silver_not_in_unique_gold_v2,2023年南通开放大学公开招聘高层次人才公告
1987-s0100,1987,Public,1,1,0,0,0,1,0,empty_process,not_human_reviewed,0,1,ok_v4_silver_not_in_unique_gold_v2,2023年南通开放大学公开招聘高层次人才公告
1987-s0101,1987,Public,1,1,0,0,0,1,0,empty_process,not_human_reviewed,1,1,ok_v4_silver_not_in_unique_gold_v2,2023年南通开放大学公开招聘高层次人才公告
1987-s0102,1987,Public,1,1,0,0,0,1,0,empty_process,not_human_reviewed,1,1,ok_v4_silver_not_in_unique_gold_v2,2023年南通开放大学公开招聘高层次人才公告
1987-s0103,1987,Public,1,1,0,0,0,1,0,empty_process,not_human_reviewed,1,1,ok_v4_silver_not_in_unique_gold_v2,2023年南通开放大学公开招聘高层次人才公告
1987-s0104,1987,Public,1,1,0,0,0,1,0,empty_shiye_process,not_human_reviewed,1,1,ok_v4_silver_not_in_unique_gold_v2,2023年南通开放大学公开招聘高层次人才公告
1987-s0105,1987,Public,1,1,0,0,0,1,0,empty_shiye_process,not_human_reviewed,1,1,ok_v4_silver_not_in_unique_gold_v2,2023年南通开放大学公开招聘高层次人才公告
1987-s0106,1987,Public,1,1,0,0,0,1,0,empty_process,not_human_reviewed,0,1,ok_v4_silver_not_in_unique_gold_v2,2023年南通开放大学公开招聘高层次人才公告
1987-s0107,1987,Public,1,1,0,0,0,1,0,empty_process,not_human_reviewed,0,1,ok_v4_silver_not_in_unique_gold_v2,2023年南通开放大学公开招聘高层次人才公告
1987-s0108,1987,Public,1,1,0,0,0,1,0,empty_process,not_human_reviewed,0,1,ok_v4_silver_not_in_unique_gold_v2,2023年南通开放大学公开招聘高层次人才公告
1987-s0109,1987,Public,1,1,0,0,0,1,0,empty_process,not_human_reviewed,0,1,ok_v4_silver_not_in_unique_gold_v2,2023年南通开放大学公开招聘高层次人才公告
1987-s0110,1987,Public,1,1,0,0,0,1,0,empty_process,not_human_reviewed,0,1,ok_v4_silver_not_in_unique_gold_v2,2023年南通开放大学公开招聘高层次人才公告
1987-s0111,1987,Public,1,1,0,0,0,1,0,empty_process,not_human_reviewed,0,1,ok_v4_silver_not_in_unique_gold_v2,2023年南通开放大学公开招聘高层次人才公告
1987-s0112,1987,Public,1,1,0,0,0,1,0,empty_process,not_human_reviewed,0,1,ok_v4_silver_not_in_unique_gold_v2,2023年南通开放大学公开招聘高层次人才公告
1987-s0113,1987,Public,1,1,0,0,0,1,0,empty_process,not_human_reviewed,0,1,ok_v4_silver_not_in_unique_gold_v2,2023年南通开放大学公开招聘高层次人才公告
1987-s0114,1987,Public,1,1,0,0,0,1,0,rule_v4,not_human_reviewed,0,1,ok_v4_silver_not_in_unique_gold_v2,2023年南通开放大学公开招聘高层次人才公告
1987-s0115,1987,Public,1,1,0,0,0,1,0,rule_v4,not_human_reviewed,0,1,ok_v4_silver_not_in_unique_gold_v2,2023年南通开放大学公开招聘高层次人才公告
1987-s0116,1987,Public,1,1,0,0,0,1,0,rule_v4,not_human_reviewed,0,1,ok_v4_silver_not_in_unique_gold_v2,2023年南通开放大学公开招聘高层次人才公告
1987-s0117,1987,Public,1,1,0,0,0,1,0,rule_v4,not_human_reviewed,0,1,ok_v4_silver_not_in_unique_gold_v2,2023年南通开放大学公开招聘高层次人才公告
1987-s0118,1987,Public,1,1,0,0,0,1,2,rule_v4,not_human_reviewed,1,1,ok_v4_silver_not_in_unique_gold_v2,2023年南通开放大学公开招聘高层次人才公告
1987-s0119,1987,Public,1,1,0,0,0,1,1,rule_v4,not_human_reviewed,1,1,ok_v4_silver_not_in_unique_gold_v2,2023年南通开放大学公开招聘高层次人才公告
1987-s0120,1987,Public,1,1,0,0,0,1,0,rule_v4,not_human_reviewed,0,1,ok_v4_silver_not_in_unique_gold_v2,2023年南通开放大学公开招聘高层次人才公告
1987-s0121,1987,Public,1,1,0,0,0,1,0,rule_v4,not_human_reviewed,0,1,ok_v4_silver_not_in_unique_gold_v2,2023年南通开放大学公开招聘高层次人才公告
1987-s0122,1987,Public,1,1,0,0,0,1,0,rule_v4,not_human_reviewed,0,1,ok_v4_silver_not_in_unique_gold_v2,2023年南通开放大学公开招聘高层次人才公告
1987-s0123,1987,Public,1,1,0,0,0,1,0,rule_v4,not_human_reviewed,0,1,ok_v4_silver_not_in_unique_gold_v2,2023年南通开放大学公开招聘高层次人才公告
1987-s0124,1987,Public,1,1,0,0,0,1,0,rule_v4,not_human_reviewed,0,1,ok_v4_silver_not_in_unique_gold_v2,2023年南通开放大学公开招聘高层次人才公告
1987-s0125,1987,Public,1,1,0,0,0,1,0,rule_v4,not_human_reviewed,0,1,ok_v4_silver_not_in_unique_gold_v2,2023年南通开放大学公开招聘高层次人才公告
1987-s0126,1987,Public,1,1,0,0,0,1,0,empty_process,not_human_reviewed,1,1,ok_v4_silver_not_in_unique_gold_v2,2023年南通开放大学公开招聘高层次人才公告
1987-s0127,1987,Public,1,1,0,0,0,1,0,empty_process,not_human_reviewed,1,1,ok_v4_silver_not_in_unique_gold_v2,2023年南通开放大学公开招聘高层次人才公告
1987-s0128,1987,Public,1,1,0,0,0,1,0,empty_process,not_human_reviewed,0,1,ok_v4_silver_not_in_unique_gold_v2,2023年南通开放大学公开招聘高层次人才公告
1987-s0129,1987,Public,1,1,0,0,0,1,0,empty_process,not_human_reviewed,0,1,ok_v4_silver_not_in_unique_gold_v2,2023年南通开放大学公开招聘高层次人才公告
1987-s0130,1987,Public,1,1,0,0,0,1,0,rule_v4,not_human_reviewed,0,1,ok_v4_silver_not_in_unique_gold_v2,2023年南通开放大学公开招聘高层次人才公告
1987-s0131,1987,Public,1,1,0,0,0,1,0,rule_v4,not_human_reviewed,0,1,ok_v4_silver_not_in_unique_gold_v2,2023年南通开放大学公开招聘高层次人才公告
1987-s0132,1987,Public,1,1,0,0,0,1,0,rule_v4,not_human_reviewed,0,1,ok_v4_silver_not_in_unique_gold_v2,2023年南通开放大学公开招聘高层次人才公告
1987-s0133,1987,Public,1,1,0,0,0,1,0,rule_v4,not_human_reviewed,0,1,ok_v4_silver_not_in_unique_gold_v2,2023年南通开放大学公开招聘高层次人才公告
1987-s0134,1987,Public,1,1,0,0,0,1,0,rule_v4,not_human_reviewed,0,1,ok_v4_silver_not_in_unique_gold_v2,2023年南通开放大学公开招聘高层次人才公告
1987-s0135,1987,Public,1,1,0,0,0,1,0,rule_v4,not_human_reviewed,0,1,ok_v4_silver_not_in_unique_gold_v2,2023年南通开放大学公开招聘高层次人才公告
1987-s0136,1987,Public,1,1,0,0,0,1,0,rule_v4,not_human_reviewed,0,1,ok_v4_silver_not_in_unique_gold_v2,2023年南通开放大学公开招聘高层次人才公告
1987-s0137,1987,Public,1,1,0,0,0,1,0,rule_v4,not_human_reviewed,0,1,ok_v4_silver_not_in_unique_gold_v2,2023年南通开放大学公开招聘高层次人才公告
1987-s0138,1987,Public,1,1,0,0,0,1,0,rule_v4,not_human_reviewed,0,1,ok_v4_silver_not_in_unique_gold_v2,2023年南通开放大学公开招聘高层次人才公告
1987-s0139,1987,Public,1,1,0,0,0,1,0,rule_v4,not_human_reviewed,0,1,ok_v4_silver_not_in_unique_gold_v2,2023年南通开放大学公开招聘高层次人才公告
1987-s0140,1987,Public,1,1,0,0,0,1,0,rule_v4,not_human_reviewed,0,1,ok_v4_silver_not_in_unique_gold_v2,2023年南通开放大学公开招聘高层次人才公告
1987-s0141,1987,Public,1,1,0,0,0,1,0,rule_v4,not_human_reviewed,0,1,ok_v4_silver_not_in_unique_gold_v2,2023年南通开放大学公开招聘高层次人才公告
1987-s0142,1987,Public,1,1,0,0,0,1,0,empty_process,not_human_reviewed,0,1,ok_v4_silver_not_in_unique_gold_v2,2023年南通开放大学公开招聘高层次人才公告
1987-s0143,1987,Public,1,1,0,0,0,1,0,empty_process,not_human_reviewed,0,1,ok_v4_silver_not_in_unique_gold_v2,2023年南通开放大学公开招聘高层次人才公告
1987-s0144,1987,Public,1,1,0,0,0,1,0,rule_v4,not_human_reviewed,0,1,ok_v4_silver_not_in_unique_gold_v2,2023年南通开放大学公开招聘高层次人才公告
1987-s0145,1987,Public,1,1,0,0,0,1,0,rule_v4,not_human_reviewed,0,1,ok_v4_silver_not_in_unique_gold_v2,2023年南通开放大学公开招聘高层次人才公告
1987-s0146,1987,Public,1,1,0,0,0,1,0,rule_v4,not_human_reviewed,0,1,ok_v4_silver_not_in_unique_gold_v2,2023年南通开放大学公开招聘高层次人才公告
1987-s0147,1987,Public,1,1,0,0,0,1,0,rule_v4,not_human_reviewed,0,1,ok_v4_silver_not_in_unique_gold_v2,2023年南通开放大学公开招聘高层次人才公告
1988-s0164,1988,Public,1,1,0,0,0,1,0,rule_v4,not_human_reviewed,0,1,ok_v4_silver_not_in_unique_gold_v2,涿鹿县2023年事业单位公开招聘工作人员公告
1988-s0165,1988,Public,1,1,0,0,0,1,0,rule_v4,not_human_reviewed,0,1,ok_v4_silver_not_in_unique_gold_v2,涿鹿县2023年事业单位公开招聘工作人员公告
1988-s0166,1988,Public,1,1,0,0,0,1,0,rule_v4,not_human_reviewed,0,1,ok_v4_silver_not_in_unique_gold_v2,涿鹿县2023年事业单位公开招聘工作人员公告
1988-s0167,1988,Public,1,1,0,0,0,1,0,rule_v4,not_human_reviewed,0,1,ok_v4_silver_not_in_unique_gold_v2,涿鹿县2023年事业单位公开招聘工作人员公告
1988-s0168,1988,Public,1,1,0,0,0,1,0,empty_shiye_process,not_human_reviewed,1,1,ok_v4_silver_not_in_unique_gold_v2,涿鹿县2023年事业单位公开招聘工作人员公告
1988-s0169,1988,Public,1,1,0,0,0,1,0,empty_shiye_process,not_human_reviewed,1,1,ok_v4_silver_not_in_unique_gold_v2,涿鹿县2023年事业单位公开招聘工作人员公告
1988-s0170,1988,Public,1,1,0,0,0,1,0,empty_shiye_process,not_human_reviewed,1,1,ok_v4_silver_not_in_unique_gold_v2,涿鹿县2023年事业单位公开招聘工作人员公告
1988-s0171,1988,Public,1,1,0,0,0,1,0,empty_shiye_process,not_human_reviewed,1,1,ok_v4_silver_not_in_unique_gold_v2,涿鹿县2023年事业单位公开招聘工作人员公告
1988-s0172,1988,Public,1,1,0,0,0,1,2,rule_v4,not_human_reviewed,1,1,ok_v4_silver_not_in_unique_gold_v2,涿鹿县2023年事业单位公开招聘工作人员公告
1988-s0173,1988,Public,1,1,0,0,0,1,1,rule_v4,not_human_reviewed,1,1,ok_v4_silver_not_in_unique_gold_v2,涿鹿县2023年事业单位公开招聘工作人员公告
1988-s0174,1988,Public,1,1,0,0,0,1,2,rule_v4,not_human_reviewed,1,1,ok_v4_silver_not_in_unique_gold_v2,涿鹿县2023年事业单位公开招聘工作人员公告
1988-s0175,1988,Public,1,1,0,0,0,1,2,rule_v4,not_human_reviewed,1,1,ok_v4_silver_not_in_unique_gold_v2,涿鹿县2023年事业单位公开招聘工作人员公告
1988-s0176,1988,Public,1,1,0,0,0,1,1,rule_v4,not_human_reviewed,1,1,ok_v4_silver_not_in_unique_gold_v2,涿鹿县2023年事业单位公开招聘工作人员公告
1988-s0177,1988,Public,1,1,0,0,0,1,1,rule_v4,not_human_reviewed,1,1,ok_v4_silver_not_in_unique_gold_v2,涿鹿县2023年事业单位公开招聘工作人员公告
1988-s0178,1988,Public,1,1,0,0,0,1,6,rule_v4,not_human_reviewed,1,1,ok_v4_silver_not_in_unique_gold_v2,涿鹿县2023年事业单位公开招聘工作人员公告
1988-s0179,1988,Public,1,1,0,0,0,1,5,rule_v4,not_human_reviewed,1,1,ok_v4_silver_not_in_unique_gold_v2,涿鹿县2023年事业单位公开招聘工作人员公告
1988-s0180,1988,Public,1,1,0,0,0,1,1,rule_v4,not_human_reviewed,1,1,ok_v4_silver_not_in_unique_gold_v2,涿鹿县2023年事业单位公开招聘工作人员公告
1988-s0181,1988,Public,1,1,0,0,0,1,1,rule_v4,not_human_reviewed,1,1,ok_v4_silver_not_in_unique_gold_v2,涿鹿县2023年事业单位公开招聘工作人员公告
1988-s0182,1988,Public,1,1,0,0,0,1,0,rule_v4,not_human_reviewed,0,1,ok_v4_silver_not_in_unique_gold_v2,涿鹿县2023年事业单位公开招聘工作人员公告
1988-s0183,1988,Public,1,1,0,0,0,1,0,rule_v4,not_human_reviewed,0,1,ok_v4_silver_not_in_unique_gold_v2,涿鹿县2023年事业单位公开招聘工作人员公告
1988-s0184,1988,Public,1,1,0,0,0,1,0,empty_process,not_human_reviewed,0,1,ok_v4_silver_not_in_unique_gold_v2,涿鹿县2023年事业单位公开招聘工作人员公告
1988-s0185,1988,Public,1,1,0,0,0,1,0,empty_process,not_human_reviewed,0,1,ok_v4_silver_not_in_unique_gold_v2,涿鹿县2023年事业单位公开招聘工作人员公告
1988-s0186,1988,Public,1,1,0,0,0,1,2,rule_v4,not_human_reviewed,1,1,ok_v4_silver_not_in_unique_gold_v2,涿鹿县2023年事业单位公开招聘工作人员公告
1988-s0187,1988,Public,1,1,0,0,0,1,1,rule_v4,not_human_reviewed,1,1,ok_v4_silver_not_in_unique_gold_v2,涿鹿县2023年事业单位公开招聘工作人员公告
1988-s0188,1988,Public,1,1,0,0,0,1,0,rule_v4,not_human_reviewed,0,1,ok_v4_silver_not_in_unique_gold_v2,涿鹿县2023年事业单位公开招聘工作人员公告
1988-s0189,1988,Public,1,1,0,0,0,1,0,rule_v4,not_human_reviewed,0,1,ok_v4_silver_not_in_unique_gold_v2,涿鹿县2023年事业单位公开招聘工作人员公告
1988-s0190,1988,Public,1,1,0,0,0,1,0,rule_v4,not_human_reviewed,0,1,ok_v4_silver_not_in_unique_gold_v2,涿鹿县2023年事业单位公开招聘工作人员公告
1988-s0191,1988,Public,1,1,0,0,0,1,0,rule_v4,not_human_reviewed,0,1,ok_v4_silver_not_in_unique_gold_v2,涿鹿县2023年事业单位公开招聘工作人员公告
1988-s0192,1988,Public,1,1,0,0,0,1,0,empty_process,not_human_reviewed,0,1,ok_v4_silver_not_in_unique_gold_v2,涿鹿县2023年事业单位公开招聘工作人员公告
1988-s0193,1988,Public,1,1,0,0,0,1,0,empty_process,not_human_reviewed,0,1,ok_v4_silver_not_in_unique_gold_v2,涿鹿县2023年事业单位公开招聘工作人员公告
1988-s0194,1988,Public,1,1,0,0,0,1,0,empty_process,not_human_reviewed,0,1,ok_v4_silver_not_in_unique_gold_v2,涿鹿县2023年事业单位公开招聘工作人员公告
1988-s0195,1988,Public,1,1,0,0,0,1,0,empty_process,not_human_reviewed,0,1,ok_v4_silver_not_in_unique_gold_v2,涿鹿县2023年事业单位公开招聘工作人员公告
1988-s0196,1988,Public,1,1,0,0,0,1,0,empty_process,not_human_reviewed,0,1,ok_v4_silver_not_in_unique_gold_v2,涿鹿县2023年事业单位公开招聘工作人员公告
1988-s0197,1988,Public,1,1,0,0,0,1,0,empty_process,not_human_reviewed,0,1,ok_v4_silver_not_in_unique_gold_v2,涿鹿县2023年事业单位公开招聘工作人员公告
1988-s0198,1988,Public,1,1,0,0,0,1,0,rule_v4,not_human_reviewed,0,1,ok_v4_silver_not_in_unique_gold_v2,涿鹿县2023年事业单位公开招聘工作人员公告
1988-s0199,1988,Public,1,1,0,0,0,1,0,rule_v4,not_human_reviewed,0,1,ok_v4_silver_not_in_unique_gold_v2,涿鹿县2023年事业单位公开招聘工作人员公告
1988-s0200,1988,Public,1,1,0,0,0,1,0,empty_shiye_process,not_human_reviewed,1,1,ok_v4_silver_not_in_unique_gold_v2,涿鹿县2023年事业单位公开招聘工作人员公告
1988-s0201,1988,Public,1,1,0,0,0,1,0,empty_shiye_process,not_human_reviewed,0,1,ok_v4_silver_not_in_unique_gold_v2,涿鹿县2023年事业单位公开招聘工作人员公告
1988-s0202,1988,Public,1,1,0,0,0,1,0,empty_process,not_human_reviewed,0,1,ok_v4_silver_not_in_unique_gold_v2,涿鹿县2023年事业单位公开招聘工作人员公告
1988-s0203,1988,Public,1,1,0,0,0,1,0,empty_process,not_human_reviewed,0,1,ok_v4_silver_not_in_unique_gold_v2,涿鹿县2023年事业单位公开招聘工作人员公告
1988-s0204,1988,Public,1,1,0,0,0,1,0,empty_shiye_process,not_human_reviewed,1,1,ok_v4_silver_not_in_unique_gold_v2,涿鹿县2023年事业单位公开招聘工作人员公告
1988-s0205,1988,Public,1,1,0,0,0,1,0,empty_shiye_process,not_human_reviewed,1,1,ok_v4_silver_not_in_unique_gold_v2,涿鹿县2023年事业单位公开招聘工作人员公告
1988-s0206,1988,Public,1,1,0,0,0,1,0,empty_process,not_human_reviewed,0,1,ok_v4_silver_not_in_unique_gold_v2,涿鹿县2023年事业单位公开招聘工作人员公告
1988-s0207,1988,Public,1,1,0,0,0,1,0,empty_process,not_human_reviewed,0,1,ok_v4_silver_not_in_unique_gold_v2,涿鹿县2023年事业单位公开招聘工作人员公告
1988-s0208,1988,Public,1,1,0,0,0,1,0,empty_process,not_human_reviewed,0,1,ok_v4_silver_not_in_unique_gold_v2,涿鹿县2023年事业单位公开招聘工作人员公告
1988-s0209,1988,Public,1,1,0,0,0,1,0,empty_process,not_human_reviewed,0,1,ok_v4_silver_not_in_unique_gold_v2,涿鹿县2023年事业单位公开招聘工作人员公告
1988-s0210,1988,Public,1,1,0,0,0,1,0,empty_process,not_human_reviewed,1,1,ok_v4_silver_not_in_unique_gold_v2,涿鹿县2023年事业单位公开招聘工作人员公告
1988-s0211,1988,Public,1,1,0,0,0,1,0,empty_process,not_human_reviewed,1,1,ok_v4_silver_not_in_unique_gold_v2,涿鹿县2023年事业单位公开招聘工作人员公告
1988-s0212,1988,Public,1,1,0,0,0,1,0,empty_process,not_human_reviewed,0,1,ok_v4_silver_not_in_unique_gold_v2,涿鹿县2023年事业单位公开招聘工作人员公告
1988-s0213,1988,Public,1,1,0,0,0,1,0,empty_process,not_human_reviewed,1,1,ok_v4_silver_not_in_unique_gold_v2,涿鹿县2023年事业单位公开招聘工作人员公告
1988-s0214,1988,Public,1,1,0,0,0,1,3,rule_v4,not_human_reviewed,1,1,ok_v4_silver_not_in_unique_gold_v2,涿鹿县2023年事业单位公开招聘工作人员公告
1988-s0215,1988,Public,1,1,0,0,0,1,3,rule_v4,not_human_reviewed,1,1,ok_v4_silver_not_in_unique_gold_v2,涿鹿县2023年事业单位公开招聘工作人员公告
1988-s0216,1988,Public,1,1,0,0,0,1,0,rule_v4,not_human_reviewed,0,1,ok_v4_silver_not_in_unique_gold_v2,涿鹿县2023年事业单位公开招聘工作人员公告
1988-s0217,1988,Public,1,1,0,0,0,1,0,rule_v4,not_human_reviewed,0,1,ok_v4_silver_not_in_unique_gold_v2,涿鹿县2023年事业单位公开招聘工作人员公告
1988-s0218,1988,Public,1,1,0,0,0,1,2,rule_v4,not_human_reviewed,1,1,ok_v4_silver_not_in_unique_gold_v2,涿鹿县2023年事业单位公开招聘工作人员公告
1988-s0219,1988,Public,1,1,0,0,0,1,1,rule_v4,not_human_reviewed,1,1,ok_v4_silver_not_in_unique_gold_v2,涿鹿县2023年事业单位公开招聘工作人员公告
1988-s0220,1988,Public,1,1,0,0,0,1,0,rule_v4,not_human_reviewed,0,1,ok_v4_silver_not_in_unique_gold_v2,涿鹿县2023年事业单位公开招聘工作人员公告
1988-s0221,1988,Public,1,1,0,0,0,1,0,rule_v4,not_human_reviewed,0,1,ok_v4_silver_not_in_unique_gold_v2,涿鹿县2023年事业单位公开招聘工作人员公告
1988-s0222,1988,Public,1,1,0,0,0,1,0,empty_process,not_human_reviewed,0,1,ok_v4_silver_not_in_unique_gold_v2,涿鹿县2023年事业单位公开招聘工作人员公告
1988-s0223,1988,Public,1,1,0,0,0,1,0,empty_process,not_human_reviewed,1,1,ok_v4_silver_not_in_unique_gold_v2,涿鹿县2023年事业单位公开招聘工作人员公告
1988-s0224,1988,Public,1,1,0,0,0,1,2,rule_v4,not_human_reviewed,1,1,ok_v4_silver_not_in_unique_gold_v2,涿鹿县2023年事业单位公开招聘工作人员公告
1988-s0225,1988,Public,1,1,0,0,0,1,2,rule_v4,not_human_reviewed,1,1,ok_v4_silver_not_in_unique_gold_v2,涿鹿县2023年事业单位公开招聘工作人员公告
1988-s0226,1988,Public,1,1,0,0,0,1,0,rule_v4,not_human_reviewed,0,1,ok_v4_silver_not_in_unique_gold_v2,涿鹿县2023年事业单位公开招聘工作人员公告
1988-s0227,1988,Public,1,1,0,0,0,1,2,rule_v4,not_human_reviewed,1,1,ok_v4_silver_not_in_unique_gold_v2,涿鹿县2023年事业单位公开招聘工作人员公告
1988-s0228,1988,Public,1,1,0,0,0,1,0,empty_process,not_human_reviewed,1,1,ok_v4_silver_not_in_unique_gold_v2,涿鹿县2023年事业单位公开招聘工作人员公告
1988-s0229,1988,Public,1,1,0,0,0,1,0,empty_process,not_human_reviewed,1,1,ok_v4_silver_not_in_unique_gold_v2,涿鹿县2023年事业单位公开招聘工作人员公告
1988-s0230,1988,Public,1,1,0,0,0,1,0,empty_process,not_human_reviewed,0,1,ok_v4_silver_not_in_unique_gold_v2,涿鹿县2023年事业单位公开招聘工作人员公告
1988-s0231,1988,Public,1,1,0,0,0,1,0,empty_process,not_human_reviewed,0,1,ok_v4_silver_not_in_unique_gold_v2,涿鹿县2023年事业单位公开招聘工作人员公告
1988-s0232,1988,Public,1,1,0,0,0,1,0,empty_process,not_human_reviewed,1,1,ok_v4_silver_not_in_unique_gold_v2,涿鹿县2023年事业单位公开招聘工作人员公告
1988-s0233,1988,Public,1,1,0,0,0,1,0,empty_process,not_human_reviewed,0,1,ok_v4_silver_not_in_unique_gold_v2,涿鹿县2023年事业单位公开招聘工作人员公告
1988-s0234,1988,Public,1,1,0,0,0,1,0,rule_v4,not_human_reviewed,0,1,ok_v4_silver_not_in_unique_gold_v2,涿鹿县2023年事业单位公开招聘工作人员公告
1988-s0235,1988,Public,1,1,0,0,0,1,0,rule_v4,not_human_reviewed,0,1,ok_v4_silver_not_in_unique_gold_v2,涿鹿县2023年事业单位公开招聘工作人员公告
1988-s0236,1988,Public,1,1,0,0,0,1,0,empty_shiye_process,not_human_reviewed,1,1,ok_v4_silver_not_in_unique_gold_v2,涿鹿县2023年事业单位公开招聘工作人员公告
1988-s0237,1988,Public,1,1,0,0,0,1,0,empty_shiye_process,not_human_reviewed,1,1,ok_v4_silver_not_in_unique_gold_v2,涿鹿县2023年事业单位公开招聘工作人员公告
1988-s0238,1988,Public,1,1,0,0,0,1,0,rule_v4,not_human_reviewed,0,1,ok_v4_silver_not_in_unique_gold_v2,涿鹿县2023年事业单位公开招聘工作人员公告
1988-s0239,1988,Public,1,1,0,0,0,1,0,rule_v4,not_human_reviewed,0,1,ok_v4_silver_not_in_unique_gold_v2,涿鹿县2023年事业单位公开招聘工作人员公告
1988-s0240,1988,Public,1,1,0,0,0,1,0,rule_v4,not_human_reviewed,0,1,ok_v4_silver_not_in_unique_gold_v2,涿鹿县2023年事业单位公开招聘工作人员公告
1988-s0241,1988,Public,1,1,0,0,0,1,0,rule_v4,not_human_reviewed,0,1,ok_v4_silver_not_in_unique_gold_v2,涿鹿县2023年事业单位公开招聘工作人员公告
1988-s0242,1988,Public,1,1,0,0,0,1,1,rule_v4,not_human_reviewed,1,1,ok_v4_silver_not_in_unique_gold_v2,涿鹿县2023年事业单位公开招聘工作人员公告
1988-s0243,1988,Public,1,1,0,0,0,1,1,rule_v4,not_human_reviewed,1,1,ok_v4_silver_not_in_unique_gold_v2,涿鹿县2023年事业单位公开招聘工作人员公告
1988-s0244,1988,Public,1,1,0,0,0,1,0,empty_shiye_process,not_human_reviewed,1,1,ok_v4_silver_not_in_unique_gold_v2,涿鹿县2023年事业单位公开招聘工作人员公告
1988-s0245,1988,Public,1,1,0,0,0,1,0,empty_shiye_process,not_human_reviewed,1,1,ok_v4_silver_not_in_unique_gold_v2,涿鹿县2023年事业单位公开招聘工作人员公告
1988-s0246,1988,Public,1,1,0,0,0,1,0,rule_v4,not_human_reviewed,0,1,ok_v4_silver_not_in_unique_gold_v2,涿鹿县2023年事业单位公开招聘工作人员公告
1988-s0247,1988,Public,1,1,0,0,0,1,0,rule_v4,not_human_reviewed,0,1,ok_v4_silver_not_in_unique_gold_v2,涿鹿县2023年事业单位公开招聘工作人员公告
1988-s0248,1988,Public,1,1,0,0,0,1,0,rule_v4,not_human_reviewed,0,1,ok_v4_silver_not_in_unique_gold_v2,涿鹿县2023年事业单位公开招聘工作人员公告
1988-s0249,1988,Public,1,1,0,0,0,1,0,rule_v4,not_human_reviewed,0,1,ok_v4_silver_not_in_unique_gold_v2,涿鹿县2023年事业单位公开招聘工作人员公告
1988-s0250,1988,Public,1,1,0,0,0,1,0,rule_v4,not_human_reviewed,0,1,ok_v4_silver_not_in_unique_gold_v2,涿鹿县2023年事业单位公开招聘工作人员公告
1988-s0251,1988,Public,1,1,0,0,0,1,0,rule_v4,not_human_reviewed,0,1,ok_v4_silver_not_in_unique_gold_v2,涿鹿县2023年事业单位公开招聘工作人员公告
1988-s0252,1988,Public,1,1,0,0,0,1,0,rule_v4,not_human_reviewed,0,1,ok_v4_silver_not_in_unique_gold_v2,涿鹿县2023年事业单位公开招聘工作人员公告
1988-s0253,1988,Public,1,1,0,0,0,1,0,rule_v4,not_human_reviewed,0,1,ok_v4_silver_not_in_unique_gold_v2,涿鹿县2023年事业单位公开招聘工作人员公告
1988-s0254,1988,Public,1,1,0,0,0,1,0,rule_v4,not_human_reviewed,0,1,ok_v4_silver_not_in_unique_gold_v2,涿鹿县2023年事业单位公开招聘工作人员公告
1988-s0255,1988,Public,1,1,0,0,0,1,0,rule_v4,not_human_reviewed,0,1,ok_v4_silver_not_in_unique_gold_v2,涿鹿县2023年事业单位公开招聘工作人员公告
1988-s0256,1988,Public,1,1,0,0,0,1,0,rule_v4,not_human_reviewed,0,1,ok_v4_silver_not_in_unique_gold_v2,涿鹿县2023年事业单位公开招聘工作人员公告
1988-s0257,1988,Public,1,1,0,0,0,1,0,rule_v4,not_human_reviewed,0,1,ok_v4_silver_not_in_unique_gold_v2,涿鹿县2023年事业单位公开招聘工作人员公告
1988-s0258,1988,Public,1,1,0,0,0,1,0,rule_v4,not_human_reviewed,0,1,ok_v4_silver_not_in_unique_gold_v2,涿鹿县2023年事业单位公开招聘工作人员公告
1988-s0259,1988,Public,1,1,0,0,0,1,0,rule_v4,not_human_reviewed,0,1,ok_v4_silver_not_in_unique_gold_v2,涿鹿县2023年事业单位公开招聘工作人员公告
1988-s0260,1988,Public,1,1,0,0,0,1,0,rule_v4,not_human_reviewed,0,1,ok_v4_silver_not_in_unique_gold_v2,涿鹿县2023年事业单位公开招聘工作人员公告
1988-s0261,1988,Public,1,1,0,0,0,1,0,rule_v4,not_human_reviewed,0,1,ok_v4_silver_not_in_unique_gold_v2,涿鹿县2023年事业单位公开招聘工作人员公告
1988-s0262,1988,Public,1,1,0,0,0,1,0,rule_v4,not_human_reviewed,0,1,ok_v4_silver_not_in_unique_gold_v2,涿鹿县2023年事业单位公开招聘工作人员公告
1988-s0263,1988,Public,1,1,0,0,0,1,0,rule_v4,not_human_reviewed,0,1,ok_v4_silver_not_in_unique_gold_v2,涿鹿县2023年事业单位公开招聘工作人员公告
1988-s0264,1988,Public,1,1,0,0,0,1,0,rule_v4,not_human_reviewed,0,1,ok_v4_silver_not_in_unique_gold_v2,涿鹿县2023年事业单位公开招聘工作人员公告
1988-s0265,1988,Public,1,1,0,0,0,1,0,rule_v4,not_human_reviewed,0,1,ok_v4_silver_not_in_unique_gold_v2,涿鹿县2023年事业单位公开招聘工作人员公告
1988-s0266,1988,Public,1,1,0,0,0,1,0,rule_v4,not_human_reviewed,0,1,ok_v4_silver_not_in_unique_gold_v2,涿鹿县2023年事业单位公开招聘工作人员公告
1988-s0267,1988,Public,1,1,0,0,0,1,0,rule_v4,not_human_reviewed,0,1,ok_v4_silver_not_in_unique_gold_v2,涿鹿县2023年事业单位公开招聘工作人员公告
1988-s0268,1988,Public,1,1,0,0,0,1,0,rule_v4,not_human_reviewed,0,1,ok_v4_silver_not_in_unique_gold_v2,涿鹿县2023年事业单位公开招聘工作人员公告
1988-s0269,1988,Public,1,1,0,0,0,1,0,rule_v4,not_human_reviewed,0,1,ok_v4_silver_not_in_unique_gold_v2,涿鹿县2023年事业单位公开招聘工作人员公告
1988-s0270,1988,Public,1,1,0,0,0,1,0,rule_v4,not_human_reviewed,0,1,ok_v4_silver_not_in_unique_gold_v2,涿鹿县2023年事业单位公开招聘工作人员公告
1988-s0271,1988,Public,1,1,0,0,0,1,0,rule_v4,not_human_reviewed,0,1,ok_v4_silver_not_in_unique_gold_v2,涿鹿县2023年事业单位公开招聘工作人员公告
1988-s0272,1988,Public,1,1,0,0,0,1,0,rule_v4,not_human_reviewed,0,1,ok_v4_silver_not_in_unique_gold_v2,涿鹿县2023年事业单位公开招聘工作人员公告
1988-s0273,1988,Public,1,1,0,0,0,1,0,rule_v4,not_human_reviewed,0,1,ok_v4_silver_not_in_unique_gold_v2,涿鹿县2023年事业单位公开招聘工作人员公告
1988-s0274,1988,Public,1,1,0,0,0,1,0,rule_v4,not_human_reviewed,0,1,ok_v4_silver_not_in_unique_gold_v2,涿鹿县2023年事业单位公开招聘工作人员公告
1988-s0275,1988,Public,1,1,0,0,0,1,0,rule_v4,not_human_reviewed,0,1,ok_v4_silver_not_in_unique_gold_v2,涿鹿县2023年事业单位公开招聘工作人员公告
1988-s0276,1988,Public,1,1,0,0,0,1,0,rule_v4,not_human_reviewed,0,1,ok_v4_silver_not_in_unique_gold_v2,涿鹿县2023年事业单位公开招聘工作人员公告
1988-s0277,1988,Public,1,1,0,0,0,1,0,rule_v4,not_human_reviewed,0,1,ok_v4_silver_not_in_unique_gold_v2,涿鹿县2023年事业单位公开招聘工作人员公告
1988-s0278,1988,Public,1,1,0,0,0,1,0,rule_v4,not_human_reviewed,0,1,ok_v4_silver_not_in_unique_gold_v2,涿鹿县2023年事业单位公开招聘工作人员公告
1988-s0279,1988,Public,1,1,0,0,0,1,0,rule_v4,not_human_reviewed,0,1,ok_v4_silver_not_in_unique_gold_v2,涿鹿县2023年事业单位公开招聘工作人员公告
1988-s0280,1988,Public,1,1,0,0,0,1,0,rule_v4,not_human_reviewed,0,1,ok_v4_silver_not_in_unique_gold_v2,涿鹿县2023年事业单位公开招聘工作人员公告
1988-s0281,1988,Public,1,1,0,0,0,1,0,rule_v4,not_human_reviewed,0,1,ok_v4_silver_not_in_unique_gold_v2,涿鹿县2023年事业单位公开招聘工作人员公告
1988-s0282,1988,Public,1,1,0,0,0,1,0,rule_v4,not_human_reviewed,0,1,ok_v4_silver_not_in_unique_gold_v2,涿鹿县2023年事业单位公开招聘工作人员公告
1988-s0283,1988,Public,1,1,0,0,0,1,0,rule_v4,not_human_reviewed,0,1,ok_v4_silver_not_in_unique_gold_v2,涿鹿县2023年事业单位公开招聘工作人员公告
1988-s0284,1988,Public,1,1,0,0,0,1,0,rule_v4,not_human_reviewed,0,1,ok_v4_silver_not_in_unique_gold_v2,涿鹿县2023年事业单位公开招聘工作人员公告
1988-s0285,1988,Public,1,1,0,0,0,1,0,rule_v4,not_human_reviewed,0,1,ok_v4_silver_not_in_unique_gold_v2,涿鹿县2023年事业单位公开招聘工作人员公告
1988-s0286,1988,Public,1,1,0,0,0,1,0,rule_v4,not_human_reviewed,0,1,ok_v4_silver_not_in_unique_gold_v2,涿鹿县2023年事业单位公开招聘工作人员公告
1988-s0287,1988,Public,1,1,0,0,0,1,0,rule_v4,not_human_reviewed,0,1,ok_v4_silver_not_in_unique_gold_v2,涿鹿县2023年事业单位公开招聘工作人员公告
1988-s0288,1988,Public,1,1,0,0,0,1,0,rule_v4,not_human_reviewed,0,1,ok_v4_silver_not_in_unique_gold_v2,涿鹿县2023年事业单位公开招聘工作人员公告
1988-s0289,1988,Public,1,1,0,0,0,1,0,rule_v4,not_human_reviewed,0,1,ok_v4_silver_not_in_unique_gold_v2,涿鹿县2023年事业单位公开招聘工作人员公告
1988-s0290,1988,Public,1,1,0,0,0,1,0,empty_process,not_human_reviewed,0,1,ok_v4_silver_not_in_unique_gold_v2,涿鹿县2023年事业单位公开招聘工作人员公告
1988-s0291,1988,Public,1,1,0,0,0,1,0,empty_process,not_human_reviewed,0,1,ok_v4_silver_not_in_unique_gold_v2,涿鹿县2023年事业单位公开招聘工作人员公告
1988-s0292,1988,Public,1,1,0,0,0,1,0,empty_process,not_human_reviewed,1,1,ok_v4_silver_not_in_unique_gold_v2,涿鹿县2023年事业单位公开招聘工作人员公告
1988-s0293,1988,Public,1,1,0,0,0,1,0,empty_process,not_human_reviewed,1,1,ok_v4_silver_not_in_unique_gold_v2,涿鹿县2023年事业单位公开招聘工作人员公告
1988-s0294,1988,Public,1,1,0,0,0,1,0,empty_process,not_human_reviewed,1,1,ok_v4_silver_not_in_unique_gold_v2,涿鹿县2023年事业单位公开招聘工作人员公告
1988-s0295,1988,Public,1,1,0,0,0,1,0,empty_process,not_human_reviewed,1,1,ok_v4_silver_not_in_unique_gold_v2,涿鹿县2023年事业单位公开招聘工作人员公告
1988-s0296,1988,Public,1,1,0,0,0,1,0,rule_v4,not_human_reviewed,0,1,ok_v4_silver_not_in_unique_gold_v2,涿鹿县2023年事业单位公开招聘工作人员公告
1988-s0297,1988,Public,1,1,0,0,0,1,0,rule_v4,not_human_reviewed,0,1,ok_v4_silver_not_in_unique_gold_v2,涿鹿县2023年事业单位公开招聘工作人员公告
1988-s0298,1988,Public,1,1,0,0,0,1,0,rule_v4,not_human_reviewed,0,1,ok_v4_silver_not_in_unique_gold_v2,涿鹿县2023年事业单位公开招聘工作人员公告
1988-s0299,1988,Public,1,1,0,0,0,1,0,rule_v4,not_human_reviewed,0,1,ok_v4_silver_not_in_unique_gold_v2,涿鹿县2023年事业单位公开招聘工作人员公告
1988-s0300,1988,Public,1,1,0,0,0,1,0,rule_v4,not_human_reviewed,0,1,ok_v4_silver_not_in_unique_gold_v2,涿鹿县2023年事业单位公开招聘工作人员公告
1988-s0301,1988,Public,1,1,0,0,0,1,0,rule_v4,not_human_reviewed,0,1,ok_v4_silver_not_in_unique_gold_v2,涿鹿县2023年事业单位公开招聘工作人员公告
1988-s0302,1988,Public,1,1,0,0,0,1,0,rule_v4,not_human_reviewed,0,1,ok_v4_silver_not_in_unique_gold_v2,涿鹿县2023年事业单位公开招聘工作人员公告
1988-s0303,1988,Public,1,1,0,0,0,1,0,rule_v4,not_human_reviewed,0,1,ok_v4_silver_not_in_unique_gold_v2,涿鹿县2023年事业单位公开招聘工作人员公告
1988-s0304,1988,Public,1,1,0,0,0,1,1,rule_v4,not_human_reviewed,1,1,ok_v4_silver_not_in_unique_gold_v2,涿鹿县2023年事业单位公开招聘工作人员公告
1988-s0305,1988,Public,1,1,0,0,0,1,1,rule_v4,not_human_reviewed,1,1,ok_v4_silver_not_in_unique_gold_v2,涿鹿县2023年事业单位公开招聘工作人员公告
1988-s0306,1988,Public,1,1,0,0,0,1,0,empty_process,not_human_reviewed,0,1,ok_v4_silver_not_in_unique_gold_v2,涿鹿县2023年事业单位公开招聘工作人员公告
1988-s0307,1988,Public,1,1,0,0,0,1,0,empty_process,not_human_reviewed,0,1,ok_v4_silver_not_in_unique_gold_v2,涿鹿县2023年事业单位公开招聘工作人员公告
1988-s0308,1988,Public,1,1,0,0,0,1,0,empty_process,not_human_reviewed,1,1,ok_v4_silver_not_in_unique_gold_v2,涿鹿县2023年事业单位公开招聘工作人员公告
1988-s0309,1988,Public,1,1,0,0,0,1,0,empty_process,not_human_reviewed,1,1,ok_v4_silver_not_in_unique_gold_v2,涿鹿县2023年事业单位公开招聘工作人员公告
1988-s0310,1988,Public,1,1,0,0,0,1,1,rule_v4,not_human_reviewed,1,1,ok_v4_silver_not_in_unique_gold_v2,涿鹿县2023年事业单位公开招聘工作人员公告
1988-s0311,1988,Public,1,1,0,0,0,1,3,rule_v4,not_human_reviewed,1,1,ok_v4_silver_not_in_unique_gold_v2,涿鹿县2023年事业单位公开招聘工作人员公告
1988-s0312,1988,Public,1,1,0,0,0,1,1,rule_v4,not_human_reviewed,1,1,ok_v4_silver_not_in_unique_gold_v2,涿鹿县2023年事业单位公开招聘工作人员公告
1988-s0313,1988,Public,1,1,0,0,0,1,1,rule_v4,not_human_reviewed,1,1,ok_v4_silver_not_in_unique_gold_v2,涿鹿县2023年事业单位公开招聘工作人员公告
1988-s0314,1988,Public,1,1,0,0,0,1,1,rule_v4,not_human_reviewed,1,1,ok_v4_silver_not_in_unique_gold_v2,涿鹿县2023年事业单位公开招聘工作人员公告
1988-s0315,1988,Public,1,1,0,0,0,1,0,rule_v4,not_human_reviewed,0,1,ok_v4_silver_not_in_unique_gold_v2,涿鹿县2023年事业单位公开招聘工作人员公告
1988-s0316,1988,Public,1,1,0,0,0,1,0,rule_v4,not_human_reviewed,0,1,ok_v4_silver_not_in_unique_gold_v2,涿鹿县2023年事业单位公开招聘工作人员公告
1988-s0317,1988,Public,1,1,0,0,0,1,0,rule_v4,not_human_reviewed,0,1,ok_v4_silver_not_in_unique_gold_v2,涿鹿县2023年事业单位公开招聘工作人员公告
1988-s0318,1988,Public,1,1,0,0,0,1,0,empty_process,not_human_reviewed,0,1,ok_v4_silver_not_in_unique_gold_v2,涿鹿县2023年事业单位公开招聘工作人员公告
1988-s0319,1988,Public,1,1,0,0,0,1,0,empty_process,not_human_reviewed,0,1,ok_v4_silver_not_in_unique_gold_v2,涿鹿县2023年事业单位公开招聘工作人员公告
1988-s0320,1988,Public,1,1,0,0,0,1,0,empty_process,not_human_reviewed,0,1,ok_v4_silver_not_in_unique_gold_v2,涿鹿县2023年事业单位公开招聘工作人员公告
1988-s0321,1988,Public,1,1,0,0,0,1,0,empty_process,not_human_reviewed,0,1,ok_v4_silver_not_in_unique_gold_v2,涿鹿县2023年事业单位公开招聘工作人员公告
1988-s0322,1988,Public,1,1,0,0,0,1,0,empty_process,not_human_reviewed,0,1,ok_v4_silver_not_in_unique_gold_v2,涿鹿县2023年事业单位公开招聘工作人员公告
1988-s0323,1988,Public,1,1,0,0,0,1,0,empty_process,not_human_reviewed,0,1,ok_v4_silver_not_in_unique_gold_v2,涿鹿县2023年事业单位公开招聘工作人员公告
1988-s0324,1988,Public,1,1,0,0,0,1,0,rule_v4,not_human_reviewed,0,1,ok_v4_silver_not_in_unique_gold_v2,涿鹿县2023年事业单位公开招聘工作人员公告
1988-s0325,1988,Public,1,1,0,0,0,1,0,rule_v4,not_human_reviewed,0,1,ok_v4_silver_not_in_unique_gold_v2,涿鹿县2023年事业单位公开招聘工作人员公告
1988-s0326,1988,Public,1,1,0,0,0,1,0,rule_v4,not_human_reviewed,0,1,ok_v4_silver_not_in_unique_gold_v2,涿鹿县2023年事业单位公开招聘工作人员公告
1988-s0327,1988,Public,1,1,0,0,0,1,1,rule_v4,not_human_reviewed,1,1,ok_v4_silver_not_in_unique_gold_v2,涿鹿县2023年事业单位公开招聘工作人员公告
1988-s0328,1988,Public,1,1,0,0,0,1,0,rule_v4,not_human_reviewed,0,1,ok_v4_silver_not_in_unique_gold_v2,涿鹿县2023年事业单位公开招聘工作人员公告
1988-s0329,1988,Public,1,1,0,0,0,1,5,rule_v4,not_human_reviewed,1,1,ok_v4_silver_not_in_unique_gold_v2,涿鹿县2023年事业单位公开招聘工作人员公告
1988-s0330,1988,Public,1,1,0,0,0,1,0,rule_v4,not_human_reviewed,0,1,ok_v4_silver_not_in_unique_gold_v2,涿鹿县2023年事业单位公开招聘工作人员公告
1988-s0331,1988,Public,1,1,0,0,0,1,0,rule_v4,not_human_reviewed,0,1,ok_v4_silver_not_in_unique_gold_v2,涿鹿县2023年事业单位公开招聘工作人员公告
1988-s0332,1988,Public,1,1,0,0,0,1,0,rule_v4,not_human_reviewed,0,1,ok_v4_silver_not_in_unique_gold_v2,涿鹿县2023年事业单位公开招聘工作人员公告
1988-s0333,1988,Public,1,1,0,0,0,1,0,empty_process,not_human_reviewed,0,1,ok_v4_silver_not_in_unique_gold_v2,涿鹿县2023年事业单位公开招聘工作人员公告
1988-s0334,1988,Public,1,1,0,0,0,1,0,empty_process,not_human_reviewed,0,1,ok_v4_silver_not_in_unique_gold_v2,涿鹿县2023年事业单位公开招聘工作人员公告
1988-s0335,1988,Public,1,1,0,0,0,1,0,empty_process,not_human_reviewed,0,1,ok_v4_silver_not_in_unique_gold_v2,涿鹿县2023年事业单位公开招聘工作人员公告
1989-s0031,1989,Public,1,1,0,0,0,1,0,empty_process,not_human_reviewed,0,1,ok_v4_silver_not_in_unique_gold_v2,深圳市福田区人民政府-华富街道办2023年7月公开选用机关事业单位辅助人员和社区专职工作者体检、...
1989-s0032,1989,Public,1,1,0,0,0,1,0,empty_process,not_human_reviewed,0,1,ok_v4_silver_not_in_unique_gold_v2,深圳市福田区人民政府-华富街道办2023年7月公开选用机关事业单位辅助人员和社区专职工作者体检、...
1989-s0033,1989,Public,1,1,0,0,0,1,0,empty_process,not_human_reviewed,0,1,ok_v4_silver_not_in_unique_gold_v2,深圳市福田区人民政府-华富街道办2023年7月公开选用机关事业单位辅助人员和社区专职工作者体检、...
1989-s0034,1989,Public,1,1,0,0,0,1,0,empty_process,not_human_reviewed,0,1,ok_v4_silver_not_in_unique_gold_v2,深圳市福田区人民政府-华富街道办2023年7月公开选用机关事业单位辅助人员和社区专职工作者体检、...
1989-s0035,1989,Public,1,1,0,0,0,1,0,empty_process,not_human_reviewed,0,1,ok_v4_silver_not_in_unique_gold_v2,深圳市福田区人民政府-华富街道办2023年7月公开选用机关事业单位辅助人员和社区专职工作者体检、...
1989-s0036,1989,Public,1,1,0,0,0,1,0,empty_process,not_human_reviewed,0,1,ok_v4_silver_not_in_unique_gold_v2,深圳市福田区人民政府-华富街道办2023年7月公开选用机关事业单位辅助人员和社区专职工作者体检、...
1989-s0037,1989,Public,1,1,0,0,0,1,0,empty_process,not_human_reviewed,0,1,ok_v4_silver_not_in_unique_gold_v2,深圳市福田区人民政府-华富街道办2023年7月公开选用机关事业单位辅助人员和社区专职工作者体检、...
1989-s0038,1989,Public,1,1,0,0,0,1,0,empty_process,not_human_reviewed,0,1,ok_v4_silver_not_in_unique_gold_v2,深圳市福田区人民政府-华富街道办2023年7月公开选用机关事业单位辅助人员和社区专职工作者体检、...
1989-s0039,1989,Public,1,1,0,0,0,1,0,empty_process,not_human_reviewed,0,1,ok_v4_silver_not_in_unique_gold_v2,深圳市福田区人民政府-华富街道办2023年7月公开选用机关事业单位辅助人员和社区专职工作者体检、...
1989-s0040,1989,Public,1,1,0,0,0,1,0,empty_process,not_human_reviewed,0,1,ok_v4_silver_not_in_unique_gold_v2,深圳市福田区人民政府-华富街道办2023年7月公开选用机关事业单位辅助人员和社区专职工作者体检、...
1989-s0041,1989,Public,1,1,0,0,0,1,0,empty_process,not_human_reviewed,0,1,ok_v4_silver_not_in_unique_gold_v2,深圳市福田区人民政府-华富街道办2023年7月公开选用机关事业单位辅助人员和社区专职工作者体检、...
1989-s0042,1989,Public,1,1,0,0,0,1,0,empty_process,not_human_reviewed,0,1,ok_v4_silver_not_in_unique_gold_v2,深圳市福田区人民政府-华富街道办2023年7月公开选用机关事业单位辅助人员和社区专职工作者体检、...
1989-s0043,1989,Public,1,1,0,0,0,1,0,empty_process,not_human_reviewed,0,1,ok_v4_silver_not_in_unique_gold_v2,深圳市福田区人民政府-华富街道办2023年7月公开选用机关事业单位辅助人员和社区专职工作者体检、...
1989-s0044,1989,Public,1,1,0,0,0,1,0,empty_process,not_human_reviewed,0,1,ok_v4_silver_not_in_unique_gold_v2,深圳市福田区人民政府-华富街道办2023年7月公开选用机关事业单位辅助人员和社区专职工作者体检、...
1989-s0045,1989,Public,1,1,0,0,0,1,0,empty_process,not_human_reviewed,0,1,ok_v4_silver_not_in_unique_gold_v2,深圳市福田区人民政府-华富街道办2023年7月公开选用机关事业单位辅助人员和社区专职工作者体检、...
1989-s0046,1989,Public,1,1,0,0,0,1,0,empty_process,not_human_reviewed,1,1,ok_v4_silver_not_in_unique_gold_v2,深圳市福田区人民政府-华富街道办2023年7月公开选用机关事业单位辅助人员和社区专职工作者体检、...
1989-s0047,1989,Public,1,1,0,0,0,1,0,empty_process,not_human_reviewed,0,1,ok_v4_silver_not_in_unique_gold_v2,深圳市福田区人民政府-华富街道办2023年7月公开选用机关事业单位辅助人员和社区专职工作者体检、...
1989-s0048,1989,Public,1,1,0,0,0,1,0,empty_process,not_human_reviewed,0,1,ok_v4_silver_not_in_unique_gold_v2,深圳市福田区人民政府-华富街道办2023年7月公开选用机关事业单位辅助人员和社区专职工作者体检、...
1989-s0049,1989,Public,1,1,0,0,0,1,0,empty_process,not_human_reviewed,0,1,ok_v4_silver_not_in_unique_gold_v2,深圳市福田区人民政府-华富街道办2023年7月公开选用机关事业单位辅助人员和社区专职工作者体检、...
1989-s0050,1989,Public,1,1,0,0,0,1,0,empty_process,not_human_reviewed,1,1,ok_v4_silver_not_in_unique_gold_v2,深圳市福田区人民政府-华富街道办2023年7月公开选用机关事业单位辅助人员和社区专职工作者体检、...
1989-s0051,1989,Public,1,1,0,0,0,1,0,empty_process,not_human_reviewed,1,1,ok_v4_silver_not_in_unique_gold_v2,深圳市福田区人民政府-华富街道办2023年7月公开选用机关事业单位辅助人员和社区专职工作者体检、...
1989-s0052,1989,Public,1,1,0,0,0,1,0,empty_process,not_human_reviewed,0,1,ok_v4_silver_not_in_unique_gold_v2,深圳市福田区人民政府-华富街道办2023年7月公开选用机关事业单位辅助人员和社区专职工作者体检、...
1989-s0053,1989,Public,1,1,0,0,0,1,0,empty_process,not_human_reviewed,0,1,ok_v4_silver_not_in_unique_gold_v2,深圳市福田区人民政府-华富街道办2023年7月公开选用机关事业单位辅助人员和社区专职工作者体检、...
1989-s0054,1989,Public,1,1,0,0,0,1,0,empty_process,not_human_reviewed,0,1,ok_v4_silver_not_in_unique_gold_v2,深圳市福田区人民政府-华富街道办2023年7月公开选用机关事业单位辅助人员和社区专职工作者体检、...
1989-s0055,1989,Public,1,1,0,0,0,1,0,empty_process,not_human_reviewed,0,1,ok_v4_silver_not_in_unique_gold_v2,深圳市福田区人民政府-华富街道办2023年7月公开选用机关事业单位辅助人员和社区专职工作者体检、...
1989-s0056,1989,Public,1,1,0,0,0,1,0,rule_v4,not_human_reviewed,0,1,ok_v4_silver_not_in_unique_gold_v2,深圳市福田区人民政府-华富街道办2023年7月公开选用机关事业单位辅助人员和社区专职工作者体检、...
1989-s0057,1989,Public,1,1,0,0,0,1,0,rule_v4,not_human_reviewed,0,1,ok_v4_silver_not_in_unique_gold_v2,深圳市福田区人民政府-华富街道办2023年7月公开选用机关事业单位辅助人员和社区专职工作者体检、...
1989-s0058,1989,Public,1,1,0,0,0,1,0,empty_process,not_human_reviewed,1,1,ok_v4_silver_not_in_unique_gold_v2,深圳市福田区人民政府-华富街道办2023年7月公开选用机关事业单位辅助人员和社区专职工作者体检、...
1989-s0059,1989,Public,1,1,0,0,0,1,0,empty_process,not_human_reviewed,0,1,ok_v4_silver_not_in_unique_gold_v2,深圳市福田区人民政府-华富街道办2023年7月公开选用机关事业单位辅助人员和社区专职工作者体检、...
1989-s0060,1989,Public,1,1,0,0,0,1,0,rule_v4,not_human_reviewed,0,1,ok_v4_silver_not_in_unique_gold_v2,深圳市福田区人民政府-华富街道办2023年7月公开选用机关事业单位辅助人员和社区专职工作者体检、...
1989-s0061,1989,Public,1,1,0,0,0,1,0,rule_v4,not_human_reviewed,0,1,ok_v4_silver_not_in_unique_gold_v2,深圳市福田区人民政府-华富街道办2023年7月公开选用机关事业单位辅助人员和社区专职工作者体检、...
1989-s0062,1989,Public,1,1,0,0,0,1,0,rule_v4,not_human_reviewed,0,1,ok_v4_silver_not_in_unique_gold_v2,深圳市福田区人民政府-华富街道办2023年7月公开选用机关事业单位辅助人员和社区专职工作者体检、...
1989-s0063,1989,Public,1,1,0,0,0,1,0,rule_v4,not_human_reviewed,0,1,ok_v4_silver_not_in_unique_gold_v2,深圳市福田区人民政府-华富街道办2023年7月公开选用机关事业单位辅助人员和社区专职工作者体检、...
1989-s0064,1989,Public,1,1,0,0,0,1,0,empty_process,not_human_reviewed,0,1,ok_v4_silver_not_in_unique_gold_v2,深圳市福田区人民政府-华富街道办2023年7月公开选用机关事业单位辅助人员和社区专职工作者体检、...
1989-s0065,1989,Public,1,1,0,0,0,1,0,empty_process,not_human_reviewed,0,1,ok_v4_silver_not_in_unique_gold_v2,深圳市福田区人民政府-华富街道办2023年7月公开选用机关事业单位辅助人员和社区专职工作者体检、...
1989-s0066,1989,Public,1,1,0,0,0,1,0,rule_v4,not_human_reviewed,0,1,ok_v4_silver_not_in_unique_gold_v2,深圳市福田区人民政府-华富街道办2023年7月公开选用机关事业单位辅助人员和社区专职工作者体检、...
1989-s0067,1989,Public,1,1,0,0,0,1,0,rule_v4,not_human_reviewed,0,1,ok_v4_silver_not_in_unique_gold_v2,深圳市福田区人民政府-华富街道办2023年7月公开选用机关事业单位辅助人员和社区专职工作者体检、...
1989-s0068,1989,Public,1,1,0,0,0,1,0,empty_process,not_human_reviewed,0,1,ok_v4_silver_not_in_unique_gold_v2,深圳市福田区人民政府-华富街道办2023年7月公开选用机关事业单位辅助人员和社区专职工作者体检、...
1989-s0069,1989,Public,1,1,0,0,0,1,0,empty_process,not_human_reviewed,0,1,ok_v4_silver_not_in_unique_gold_v2,深圳市福田区人民政府-华富街道办2023年7月公开选用机关事业单位辅助人员和社区专职工作者体检、...
1989-s0070,1989,Public,1,1,0,0,0,1,0,empty_process,not_human_reviewed,0,1,ok_v4_silver_not_in_unique_gold_v2,深圳市福田区人民政府-华富街道办2023年7月公开选用机关事业单位辅助人员和社区专职工作者体检、...
1989-s0071,1989,Public,1,1,0,0,0,1,0,empty_process,not_human_reviewed,0,1,ok_v4_silver_not_in_unique_gold_v2,深圳市福田区人民政府-华富街道办2023年7月公开选用机关事业单位辅助人员和社区专职工作者体检、...
1989-s0072,1989,Public,1,1,0,0,0,1,0,empty_process,not_human_reviewed,0,1,ok_v4_silver_not_in_unique_gold_v2,深圳市福田区人民政府-华富街道办2023年7月公开选用机关事业单位辅助人员和社区专职工作者体检、...
1989-s0073,1989,Public,1,1,0,0,0,1,0,empty_process,not_human_reviewed,0,1,ok_v4_silver_not_in_unique_gold_v2,深圳市福田区人民政府-华富街道办2023年7月公开选用机关事业单位辅助人员和社区专职工作者体检、...
1990-s0025,1990,Public,1,1,0,0,0,1,0,rule_v4,not_human_reviewed,0,1,ok_v4_silver_not_in_unique_gold_v2,中国水产科学研究院黑龙江水产研究所2023年度第二批招聘公告
1990-s0026,1990,Public,1,1,0,0,0,1,0,empty_process,not_human_reviewed,0,1,ok_v4_silver_not_in_unique_gold_v2,中国水产科学研究院黑龙江水产研究所2023年度第二批招聘公告
1990-s0027,1990,Public,1,1,0,0,0,1,0,empty_process,not_human_reviewed,0,1,ok_v4_silver_not_in_unique_gold_v2,中国水产科学研究院黑龙江水产研究所2023年度第二批招聘公告
1990-s0028,1990,Public,1,1,0,0,0,1,0,empty_process,not_human_reviewed,0,1,ok_v4_silver_not_in_unique_gold_v2,中国水产科学研究院黑龙江水产研究所2023年度第二批招聘公告
1990-s0029,1990,Public,1,1,0,0,0,1,0,empty_process,not_human_reviewed,0,1,ok_v4_silver_not_in_unique_gold_v2,中国水产科学研究院黑龙江水产研究所2023年度第二批招聘公告
1990-s0030,1990,Public,1,1,0,0,0,1,0,empty_process,not_human_reviewed,0,1,ok_v4_silver_not_in_unique_gold_v2,中国水产科学研究院黑龙江水产研究所2023年度第二批招聘公告
1990-s0031,1990,Public,1,1,0,0,0,1,0,empty_process,not_human_reviewed,0,1,ok_v4_silver_not_in_unique_gold_v2,中国水产科学研究院黑龙江水产研究所2023年度第二批招聘公告
1990-s0032,1990,Public,1,1,0,0,0,1,0,rule_v4,not_human_reviewed,0,1,ok_v4_silver_not_in_unique_gold_v2,中国水产科学研究院黑龙江水产研究所2023年度第二批招聘公告
1990-s0033,1990,Public,1,1,0,0,0,1,0,rule_v4,not_human_reviewed,0,1,ok_v4_silver_not_in_unique_gold_v2,中国水产科学研究院黑龙江水产研究所2023年度第二批招聘公告
1990-s0034,1990,Public,1,1,0,0,0,1,0,rule_v4,not_human_reviewed,0,1,ok_v4_silver_not_in_unique_gold_v2,中国水产科学研究院黑龙江水产研究所2023年度第二批招聘公告
1990-s0035,1990,Public,1,1,0,0,0,1,0,rule_v4,not_human_reviewed,0,1,ok_v4_silver_not_in_unique_gold_v2,中国水产科学研究院黑龙江水产研究所2023年度第二批招聘公告
1990-s0036,1990,Public,1,1,0,0,0,1,0,rule_v4,not_human_reviewed,0,1,ok_v4_silver_not_in_unique_gold_v2,中国水产科学研究院黑龙江水产研究所2023年度第二批招聘公告
1990-s0037,1990,Public,1,1,0,0,0,1,0,rule_v4,not_human_reviewed,0,1,ok_v4_silver_not_in_unique_gold_v2,中国水产科学研究院黑龙江水产研究所2023年度第二批招聘公告
1990-s0038,1990,Public,1,1,0,0,0,1,0,empty_shiye_process,not_human_reviewed,0,1,ok_v4_silver_not_in_unique_gold_v2,中国水产科学研究院黑龙江水产研究所2023年度第二批招聘公告
1990-s0039,1990,Public,1,1,0,0,0,1,0,empty_shiye_process,not_human_reviewed,0,1,ok_v4_silver_not_in_unique_gold_v2,中国水产科学研究院黑龙江水产研究所2023年度第二批招聘公告
1990-s0040,1990,Public,1,1,0,0,0,1,0,empty_welfare,not_human_reviewed,0,1,ok_v4_silver_not_in_unique_gold_v2,中国水产科学研究院黑龙江水产研究所2023年度第二批招聘公告
1990-s0041,1990,Public,1,1,0,0,0,1,0,empty_welfare,not_human_reviewed,0,1,ok_v4_silver_not_in_unique_gold_v2,中国水产科学研究院黑龙江水产研究所2023年度第二批招聘公告
1990-s0042,1990,Public,1,1,0,0,0,1,0,rule_v4,not_human_reviewed,0,1,ok_v4_silver_not_in_unique_gold_v2,中国水产科学研究院黑龙江水产研究所2023年度第二批招聘公告
1990-s0043,1990,Public,1,1,0,0,0,1,0,rule_v4,not_human_reviewed,0,1,ok_v4_silver_not_in_unique_gold_v2,中国水产科学研究院黑龙江水产研究所2023年度第二批招聘公告
1990-s0044,1990,Public,1,1,0,0,0,1,0,rule_v4,not_human_reviewed,0,1,ok_v4_silver_not_in_unique_gold_v2,中国水产科学研究院黑龙江水产研究所2023年度第二批招聘公告
1990-s0045,1990,Public,1,1,0,0,0,1,0,rule_v4,not_human_reviewed,0,1,ok_v4_silver_not_in_unique_gold_v2,中国水产科学研究院黑龙江水产研究所2023年度第二批招聘公告
1990-s0046,1990,Public,1,1,0,0,0,1,1,rule_v4,not_human_reviewed,1,1,ok_v4_silver_not_in_unique_gold_v2,中国水产科学研究院黑龙江水产研究所2023年度第二批招聘公告
1990-s0047,1990,Public,1,1,0,0,0,1,2,rule_v4,not_human_reviewed,1,1,ok_v4_silver_not_in_unique_gold_v2,中国水产科学研究院黑龙江水产研究所2023年度第二批招聘公告
1990-s0048,1990,Public,1,1,0,0,0,1,0,empty_shiye_process,not_human_reviewed,1,1,ok_v4_silver_not_in_unique_gold_v2,中国水产科学研究院黑龙江水产研究所2023年度第二批招聘公告
1990-s0049,1990,Public,1,1,0,0,0,1,0,empty_shiye_process,not_human_reviewed,0,1,ok_v4_silver_not_in_unique_gold_v2,中国水产科学研究院黑龙江水产研究所2023年度第二批招聘公告
1991-s0048,1991,Public,1,1,0,0,0,1,0,rule_v4,not_human_reviewed,0,1,ok_v4_silver_not_in_unique_gold_v2,2023年海南琼海市招聘大学生乡村医生公告
1991-s0054,1991,Public,1,1,0,0,0,1,0,rule_v4,not_human_reviewed,0,1,ok_v4_silver_not_in_unique_gold_v2,2023年海南琼海市招聘大学生乡村医生公告
1991-s0058,1991,Public,1,1,0,0,0,1,0,rule_v4,not_human_reviewed,0,1,ok_v4_silver_not_in_unique_gold_v2,2023年海南琼海市招聘大学生乡村医生公告
1991-s0060,1991,Public,1,1,0,0,0,1,0,empty_process,not_human_reviewed,0,1,ok_v4_silver_not_in_unique_gold_v2,2023年海南琼海市招聘大学生乡村医生公告
1991-s0061,1991,Public,1,1,0,0,0,1,0,empty_process,not_human_reviewed,0,1,ok_v4_silver_not_in_unique_gold_v2,2023年海南琼海市招聘大学生乡村医生公告
1991-s0062,1991,Public,1,1,0,0,0,1,0,empty_process,not_human_reviewed,0,1,ok_v4_silver_not_in_unique_gold_v2,2023年海南琼海市招聘大学生乡村医生公告
1991-s0063,1991,Public,1,1,0,0,0,1,0,empty_process,not_human_reviewed,0,1,ok_v4_silver_not_in_unique_gold_v2,2023年海南琼海市招聘大学生乡村医生公告
1991-s0064,1991,Public,1,1,0,0,0,1,0,rule_v4,not_human_reviewed,0,1,ok_v4_silver_not_in_unique_gold_v2,2023年海南琼海市招聘大学生乡村医生公告
1991-s0065,1991,Public,1,1,0,0,0,1,0,rule_v4,not_human_reviewed,0,1,ok_v4_silver_not_in_unique_gold_v2,2023年海南琼海市招聘大学生乡村医生公告
1991-s0066,1991,Public,1,1,0,0,0,1,0,empty_process,not_human_reviewed,1,1,ok_v4_silver_not_in_unique_gold_v2,2023年海南琼海市招聘大学生乡村医生公告
1991-s0067,1991,Public,1,1,0,0,0,1,0,empty_process,not_human_reviewed,1,1,ok_v4_silver_not_in_unique_gold_v2,2023年海南琼海市招聘大学生乡村医生公告
1991-s0068,1991,Public,1,1,0,0,0,1,0,rule_v4,not_human_reviewed,0,1,ok_v4_silver_not_in_unique_gold_v2,2023年海南琼海市招聘大学生乡村医生公告
1991-s0069,1991,Public,1,1,0,0,0,1,0,rule_v4,not_human_reviewed,0,1,ok_v4_silver_not_in_unique_gold_v2,2023年海南琼海市招聘大学生乡村医生公告
1991-s0070,1991,Public,1,1,0,0,0,1,0,rule_v4,not_human_reviewed,0,1,ok_v4_silver_not_in_unique_gold_v2,2023年海南琼海市招聘大学生乡村医生公告
1991-s0071,1991,Public,1,1,0,0,0,1,0,rule_v4,not_human_reviewed,0,1,ok_v4_silver_not_in_unique_gold_v2,2023年海南琼海市招聘大学生乡村医生公告
1991-s0072,1991,Public,1,1,0,0,0,1,0,empty_process,not_human_reviewed,0,1,ok_v4_silver_not_in_unique_gold_v2,2023年海南琼海市招聘大学生乡村医生公告
1991-s0073,1991,Public,1,1,0,0,0,1,0,empty_process,not_human_reviewed,0,1,ok_v4_silver_not_in_unique_gold_v2,2023年海南琼海市招聘大学生乡村医生公告
1991-s0074,1991,Public,1,1,0,0,0,1,0,empty_process,not_human_reviewed,0,1,ok_v4_silver_not_in_unique_gold_v2,2023年海南琼海市招聘大学生乡村医生公告
1991-s0075,1991,Public,1,1,0,0,0,1,0,empty_process,not_human_reviewed,0,1,ok_v4_silver_not_in_unique_gold_v2,2023年海南琼海市招聘大学生乡村医生公告
1991-s0076,1991,Public,1,1,0,0,0,1,0,empty_process,not_human_reviewed,0,1,ok_v4_silver_not_in_unique_gold_v2,2023年海南琼海市招聘大学生乡村医生公告
1991-s0077,1991,Public,1,1,0,0,0,1,0,empty_process,not_human_reviewed,0,1,ok_v4_silver_not_in_unique_gold_v2,2023年海南琼海市招聘大学生乡村医生公告
1991-s0078,1991,Public,1,1,0,0,0,1,0,empty_process,not_human_reviewed,0,1,ok_v4_silver_not_in_unique_gold_v2,2023年海南琼海市招聘大学生乡村医生公告
1991-s0079,1991,Public,1,1,0,0,0,1,0,empty_process,not_human_reviewed,0,1,ok_v4_silver_not_in_unique_gold_v2,2023年海南琼海市招聘大学生乡村医生公告
1991-s0080,1991,Public,1,1,0,0,0,1,0,rule_v4,not_human_reviewed,0,1,ok_v4_silver_not_in_unique_gold_v2,2023年海南琼海市招聘大学生乡村医生公告
1991-s0081,1991,Public,1,1,0,0,0,1,0,rule_v4,not_human_reviewed,0,1,ok_v4_silver_not_in_unique_gold_v2,2023年海南琼海市招聘大学生乡村医生公告
1991-s0082,1991,Public,1,1,0,0,0,1,0,rule_v4,not_human_reviewed,0,1,ok_v4_silver_not_in_unique_gold_v2,2023年海南琼海市招聘大学生乡村医生公告
1991-s0083,1991,Public,1,1,0,0,0,1,0,rule_v4,not_human_reviewed,0,1,ok_v4_silver_not_in_unique_gold_v2,2023年海南琼海市招聘大学生乡村医生公告
1991-s0084,1991,Public,1,1,0,0,0,1,0,empty_shiye_process,not_human_reviewed,1,1,ok_v4_silver_not_in_unique_gold_v2,2023年海南琼海市招聘大学生乡村医生公告
1991-s0085,1991,Public,1,1,0,0,0,1,0,empty_shiye_process,not_human_reviewed,1,1,ok_v4_silver_not_in_unique_gold_v2,2023年海南琼海市招聘大学生乡村医生公告
1991-s0086,1991,Public,1,1,0,0,0,1,0,empty_process,not_human_reviewed,0,1,ok_v4_silver_not_in_unique_gold_v2,2023年海南琼海市招聘大学生乡村医生公告
1991-s0087,1991,Public,1,1,0,0,0,1,0,empty_process,not_human_reviewed,0,1,ok_v4_silver_not_in_unique_gold_v2,2023年海南琼海市招聘大学生乡村医生公告
1991-s0088,1991,Public,1,1,0,0,0,1,0,rule_v4,not_human_reviewed,0,1,ok_v4_silver_not_in_unique_gold_v2,2023年海南琼海市招聘大学生乡村医生公告
1991-s0089,1991,Public,1,1,0,0,0,1,1,rule_v4,not_human_reviewed,1,1,ok_v4_silver_not_in_unique_gold_v2,2023年海南琼海市招聘大学生乡村医生公告
1991-s0090,1991,Public,1,1,0,0,0,1,0,rule_v4,not_human_reviewed,0,1,ok_v4_silver_not_in_unique_gold_v2,2023年海南琼海市招聘大学生乡村医生公告
1991-s0091,1991,Public,1,1,0,0,0,1,0,rule_v4,not_human_reviewed,0,1,ok_v4_silver_not_in_unique_gold_v2,2023年海南琼海市招聘大学生乡村医生公告
1991-s0092,1991,Public,1,1,0,0,0,1,1,rule_v4,not_human_reviewed,1,1,ok_v4_silver_not_in_unique_gold_v2,2023年海南琼海市招聘大学生乡村医生公告
1991-s0093,1991,Public,1,1,0,0,0,1,1,rule_v4,not_human_reviewed,1,1,ok_v4_silver_not_in_unique_gold_v2,2023年海南琼海市招聘大学生乡村医生公告
1991-s0094,1991,Public,1,1,0,0,0,1,0,rule_v4,not_human_reviewed,0,1,ok_v4_silver_not_in_unique_gold_v2,2023年海南琼海市招聘大学生乡村医生公告
1991-s0095,1991,Public,1,1,0,0,0,1,0,rule_v4,not_human_reviewed,0,1,ok_v4_silver_not_in_unique_gold_v2,2023年海南琼海市招聘大学生乡村医生公告
1991-s0096,1991,Public,1,1,0,0,0,1,0,rule_v4,not_human_reviewed,0,1,ok_v4_silver_not_in_unique_gold_v2,2023年海南琼海市招聘大学生乡村医生公告
1991-s0097,1991,Public,1,1,0,0,0,1,0,rule_v4,not_human_reviewed,0,1,ok_v4_silver_not_in_unique_gold_v2,2023年海南琼海市招聘大学生乡村医生公告
1991-s0098,1991,Public,1,1,0,0,0,1,0,rule_v4,not_human_reviewed,0,1,ok_v4_silver_not_in_unique_gold_v2,2023年海南琼海市招聘大学生乡村医生公告
1991-s0099,1991,Public,1,1,0,0,0,1,0,rule_v4,not_human_reviewed,0,1,ok_v4_silver_not_in_unique_gold_v2,2023年海南琼海市招聘大学生乡村医生公告
1991-s0100,1991,Public,1,1,0,0,0,1,2,rule_v4,not_human_reviewed,1,1,ok_v4_silver_not_in_unique_gold_v2,2023年海南琼海市招聘大学生乡村医生公告
1991-s0101,1991,Public,1,1,0,0,0,1,0,rule_v4,not_human_reviewed,0,1,ok_v4_silver_not_in_unique_gold_v2,2023年海南琼海市招聘大学生乡村医生公告
1991-s0102,1991,Public,1,1,0,0,0,1,0,rule_v4,not_human_reviewed,0,1,ok_v4_silver_not_in_unique_gold_v2,2023年海南琼海市招聘大学生乡村医生公告
1991-s0103,1991,Public,1,1,0,0,0,1,0,rule_v4,not_human_reviewed,0,1,ok_v4_silver_not_in_unique_gold_v2,2023年海南琼海市招聘大学生乡村医生公告
1991-s0104,1991,Public,1,1,0,0,0,1,0,rule_v4,not_human_reviewed,0,1,ok_v4_silver_not_in_unique_gold_v2,2023年海南琼海市招聘大学生乡村医生公告
1991-s0105,1991,Public,1,1,0,0,0,1,0,rule_v4,not_human_reviewed,0,1,ok_v4_silver_not_in_unique_gold_v2,2023年海南琼海市招聘大学生乡村医生公告
1991-s0106,1991,Public,1,1,0,0,0,1,0,empty_process,not_human_reviewed,0,1,ok_v4_silver_not_in_unique_gold_v2,2023年海南琼海市招聘大学生乡村医生公告
1991-s0107,1991,Public,1,1,0,0,0,1,0,empty_process,not_human_reviewed,0,1,ok_v4_silver_not_in_unique_gold_v2,2023年海南琼海市招聘大学生乡村医生公告
1991-s0108,1991,Public,1,1,0,0,0,1,0,rule_v4,not_human_reviewed,0,1,ok_v4_silver_not_in_unique_gold_v2,2023年海南琼海市招聘大学生乡村医生公告
1991-s0109,1991,Public,1,1,0,0,0,1,0,rule_v4,not_human_reviewed,0,1,ok_v4_silver_not_in_unique_gold_v2,2023年海南琼海市招聘大学生乡村医生公告
1991-s0110,1991,Public,1,1,0,0,0,1,0,rule_v4,not_human_reviewed,0,1,ok_v4_silver_not_in_unique_gold_v2,2023年海南琼海市招聘大学生乡村医生公告
1991-s0111,1991,Public,1,1,0,0,0,1,0,rule_v4,not_human_reviewed,0,1,ok_v4_silver_not_in_unique_gold_v2,2023年海南琼海市招聘大学生乡村医生公告
1991-s0112,1991,Public,1,1,0,0,0,1,0,rule_v4,not_human_reviewed,0,1,ok_v4_silver_not_in_unique_gold_v2,2023年海南琼海市招聘大学生乡村医生公告
1991-s0113,1991,Public,1,1,0,0,0,1,0,rule_v4,not_human_reviewed,0,1,ok_v4_silver_not_in_unique_gold_v2,2023年海南琼海市招聘大学生乡村医生公告
1991-s0114,1991,Public,1,1,0,0,0,1,0,rule_v4,not_human_reviewed,0,1,ok_v4_silver_not_in_unique_gold_v2,2023年海南琼海市招聘大学生乡村医生公告
1991-s0115,1991,Public,1,1,0,0,0,1,0,rule_v4,not_human_reviewed,0,1,ok_v4_silver_not_in_unique_gold_v2,2023年海南琼海市招聘大学生乡村医生公告
1991-s0116,1991,Public,1,1,0,0,0,1,0,rule_v4,not_human_reviewed,0,1,ok_v4_silver_not_in_unique_gold_v2,2023年海南琼海市招聘大学生乡村医生公告
1991-s0117,1991,Public,1,1,0,0,0,1,0,rule_v4,not_human_reviewed,0,1,ok_v4_silver_not_in_unique_gold_v2,2023年海南琼海市招聘大学生乡村医生公告
1991-s0118,1991,Public,1,1,0,0,0,1,0,rule_v4,not_human_reviewed,0,1,ok_v4_silver_not_in_unique_gold_v2,2023年海南琼海市招聘大学生乡村医生公告
1991-s0119,1991,Public,1,1,0,0,0,1,0,rule_v4,not_human_reviewed,0,1,ok_v4_silver_not_in_unique_gold_v2,2023年海南琼海市招聘大学生乡村医生公告
1992-s0008,1992,Public,1,1,0,0,0,1,0,rule_v4,not_human_reviewed,0,1,ok_v4_silver_not_in_unique_gold_v2,江苏省省级机关医院总务科技术人员招聘公告
1992-s0009,1992,Public,1,1,0,0,0,1,0,rule_v4,not_human_reviewed,0,1,ok_v4_silver_not_in_unique_gold_v2,江苏省省级机关医院总务科技术人员招聘公告
1992-s0010,1992,Public,1,1,0,0,0,1,0,rule_v4,not_human_reviewed,0,1,ok_v4_silver_not_in_unique_gold_v2,江苏省省级机关医院总务科技术人员招聘公告
1992-s0011,1992,Public,1,1,0,0,0,1,0,rule_v4,not_human_reviewed,0,1,ok_v4_silver_not_in_unique_gold_v2,江苏省省级机关医院总务科技术人员招聘公告
1992-s0012,1992,Public,1,1,0,0,0,1,0,rule_v4,not_human_reviewed,0,1,ok_v4_silver_not_in_unique_gold_v2,江苏省省级机关医院总务科技术人员招聘公告
1992-s0013,1992,Public,1,1,0,0,0,1,0,rule_v4,not_human_reviewed,0,1,ok_v4_silver_not_in_unique_gold_v2,江苏省省级机关医院总务科技术人员招聘公告
1992-s0014,1992,Public,1,1,0,0,0,1,0,empty_process,not_human_reviewed,0,1,ok_v4_silver_not_in_unique_gold_v2,江苏省省级机关医院总务科技术人员招聘公告
1992-s0015,1992,Public,1,1,0,0,0,1,0,empty_process,not_human_reviewed,0,1,ok_v4_silver_not_in_unique_gold_v2,江苏省省级机关医院总务科技术人员招聘公告
1993-s0012,1993,Public,1,1,0,0,0,1,0,rule_v4,not_human_reviewed,0,1,ok_v4_silver_not_in_unique_gold_v2,北京协和医院张博研究员课题组招聘科研助理启示
1993-s0013,1993,Public,1,1,0,0,0,1,0,rule_v4,not_human_reviewed,0,1,ok_v4_silver_not_in_unique_gold_v2,北京协和医院张博研究员课题组招聘科研助理启示
1993-s0014,1993,Public,1,1,0,0,0,1,8,rule_v4,not_human_reviewed,1,1,ok_v4_silver_not_in_unique_gold_v2,北京协和医院张博研究员课题组招聘科研助理启示
1993-s0015,1993,Public,1,1,0,0,0,1,8,rule_v4,not_human_reviewed,1,1,ok_v4_silver_not_in_unique_gold_v2,北京协和医院张博研究员课题组招聘科研助理启示
1993-s0016,1993,Public,1,1,0,0,0,1,0,empty_welfare,not_human_reviewed,0,1,ok_v4_silver_not_in_unique_gold_v2,北京协和医院张博研究员课题组招聘科研助理启示
1993-s0017,1993,Public,1,1,0,0,0,1,0,empty_welfare,not_human_reviewed,0,1,ok_v4_silver_not_in_unique_gold_v2,北京协和医院张博研究员课题组招聘科研助理启示
1993-s0018,1993,Public,1,1,0,0,0,1,0,rule_v4,not_human_reviewed,0,1,ok_v4_silver_not_in_unique_gold_v2,北京协和医院张博研究员课题组招聘科研助理启示
1993-s0019,1993,Public,1,1,0,0,0,1,0,rule_v4,not_human_reviewed,0,1,ok_v4_silver_not_in_unique_gold_v2,北京协和医院张博研究员课题组招聘科研助理启示
1993-s0020,1993,Public,1,1,0,0,0,1,0,rule_v4,not_human_reviewed,0,1,ok_v4_silver_not_in_unique_gold_v2,北京协和医院张博研究员课题组招聘科研助理启示
1993-s0021,1993,Public,1,1,0,0,0,1,0,rule_v4,not_human_reviewed,0,1,ok_v4_silver_not_in_unique_gold_v2,北京协和医院张博研究员课题组招聘科研助理启示
1993-s0022,1993,Public,1,1,0,0,0,1,0,empty_shiye_process,not_human_reviewed,1,1,ok_v4_silver_not_in_unique_gold_v2,北京协和医院张博研究员课题组招聘科研助理启示
1993-s0023,1993,Public,1,1,0,0,0,1,0,empty_shiye_process,not_human_reviewed,1,1,ok_v4_silver_not_in_unique_gold_v2,北京协和医院张博研究员课题组招聘科研助理启示
1994-s0007,1994,Public,1,1,0,0,0,1,0,empty_process,not_human_reviewed,0,1,ok_v4_silver_not_in_unique_gold_v2,儋州市2023年公开招聘中小学教师公告（第十一号）
1994-s0008,1994,Public,1,1,0,0,0,1,0,empty_process,not_human_reviewed,0,1,ok_v4_silver_not_in_unique_gold_v2,儋州市2023年公开招聘中小学教师公告（第十一号）
1994-s0009,1994,Public,1,1,0,0,0,1,0,empty_process,not_human_reviewed,0,1,ok_v4_silver_not_in_unique_gold_v2,儋州市2023年公开招聘中小学教师公告（第十一号）
1994-s0010,1994,Public,1,1,0,0,0,1,0,rule_v4,not_human_reviewed,0,1,ok_v4_silver_not_in_unique_gold_v2,儋州市2023年公开招聘中小学教师公告（第十一号）
1994-s0011,1994,Public,1,1,0,0,0,1,0,rule_v4,not_human_reviewed,0,1,ok_v4_silver_not_in_unique_gold_v2,儋州市2023年公开招聘中小学教师公告（第十一号）
1994-s0012,1994,Public,1,1,0,0,0,1,0,empty_process,not_human_reviewed,0,1,ok_v4_silver_not_in_unique_gold_v2,儋州市2023年公开招聘中小学教师公告（第十一号）
1994-s0013,1994,Public,1,1,0,0,0,1,0,empty_process,not_human_reviewed,0,1,ok_v4_silver_not_in_unique_gold_v2,儋州市2023年公开招聘中小学教师公告（第十一号）
1995-s0047,1995,Public,1,1,0,0,0,1,1,rule_v4,not_human_reviewed,1,1,ok_v4_silver_not_in_unique_gold_v2,2023年东北电力大学公开招聘工作人员公告（1号）
1995-s0068,1995,Public,1,1,0,0,0,1,0,rule_v4,not_human_reviewed,0,1,ok_v4_silver_not_in_unique_gold_v2,2023年东北电力大学公开招聘工作人员公告（1号）
1995-s0088,1995,Public,1,1,0,0,0,1,0,empty_process,not_human_reviewed,0,1,ok_v4_silver_not_in_unique_gold_v2,2023年东北电力大学公开招聘工作人员公告（1号）
1995-s0089,1995,Public,1,1,0,0,0,1,0,empty_process,not_human_reviewed,0,1,ok_v4_silver_not_in_unique_gold_v2,2023年东北电力大学公开招聘工作人员公告（1号）
1995-s0090,1995,Public,1,1,0,0,0,1,5,rule_v4,not_human_reviewed,1,1,ok_v4_silver_not_in_unique_gold_v2,2023年东北电力大学公开招聘工作人员公告（1号）
1995-s0091,1995,Public,1,1,0,0,0,1,4,rule_v4,not_human_reviewed,1,1,ok_v4_silver_not_in_unique_gold_v2,2023年东北电力大学公开招聘工作人员公告（1号）
1995-s0092,1995,Public,1,1,0,0,0,1,0,empty_process,not_human_reviewed,0,1,ok_v4_silver_not_in_unique_gold_v2,2023年东北电力大学公开招聘工作人员公告（1号）
1995-s0093,1995,Public,1,1,0,0,0,1,0,empty_process,not_human_reviewed,0,1,ok_v4_silver_not_in_unique_gold_v2,2023年东北电力大学公开招聘工作人员公告（1号）
1995-s0094,1995,Public,1,1,0,0,0,1,0,empty_process,not_human_reviewed,0,1,ok_v4_silver_not_in_unique_gold_v2,2023年东北电力大学公开招聘工作人员公告（1号）
1995-s0095,1995,Public,1,1,0,0,0,1,0,empty_process,not_human_reviewed,0,1,ok_v4_silver_not_in_unique_gold_v2,2023年东北电力大学公开招聘工作人员公告（1号）
1995-s0096,1995,Public,1,1,0,0,0,1,0,empty_process,not_human_reviewed,1,1,ok_v4_silver_not_in_unique_gold_v2,2023年东北电力大学公开招聘工作人员公告（1号）
1995-s0097,1995,Public,1,1,0,0,0,1,0,empty_process,not_human_reviewed,1,1,ok_v4_silver_not_in_unique_gold_v2,2023年东北电力大学公开招聘工作人员公告（1号）
1995-s0098,1995,Public,1,1,0,0,0,1,0,rule_v4,not_human_reviewed,0,1,ok_v4_silver_not_in_unique_gold_v2,2023年东北电力大学公开招聘工作人员公告（1号）
1995-s0099,1995,Public,1,1,0,0,0,1,0,rule_v4,not_human_reviewed,0,1,ok_v4_silver_not_in_unique_gold_v2,2023年东北电力大学公开招聘工作人员公告（1号）
1995-s0100,1995,Public,1,1,0,0,0,1,0,rule_v4,not_human_reviewed,0,1,ok_v4_silver_not_in_unique_gold_v2,2023年东北电力大学公开招聘工作人员公告（1号）
1995-s0101,1995,Public,1,1,0,0,0,1,0,rule_v4,not_human_reviewed,0,1,ok_v4_silver_not_in_unique_gold_v2,2023年东北电力大学公开招聘工作人员公告（1号）
1995-s0102,1995,Public,1,1,0,0,0,1,0,rule_v4,not_human_reviewed,0,1,ok_v4_silver_not_in_unique_gold_v2,2023年东北电力大学公开招聘工作人员公告（1号）
1995-s0103,1995,Public,1,1,0,0,0,1,0,rule_v4,not_human_reviewed,0,1,ok_v4_silver_not_in_unique_gold_v2,2023年东北电力大学公开招聘工作人员公告（1号）
1995-s0104,1995,Public,1,1,0,0,0,1,0,rule_v4,not_human_reviewed,0,1,ok_v4_silver_not_in_unique_gold_v2,2023年东北电力大学公开招聘工作人员公告（1号）
1995-s0105,1995,Public,1,1,0,0,0,1,0,rule_v4,not_human_reviewed,0,1,ok_v4_silver_not_in_unique_gold_v2,2023年东北电力大学公开招聘工作人员公告（1号）
1995-s0106,1995,Public,1,1,0,0,0,1,0,rule_v4,not_human_reviewed,0,1,ok_v4_silver_not_in_unique_gold_v2,2023年东北电力大学公开招聘工作人员公告（1号）
1995-s0107,1995,Public,1,1,0,0,0,1,0,rule_v4,not_human_reviewed,0,1,ok_v4_silver_not_in_unique_gold_v2,2023年东北电力大学公开招聘工作人员公告（1号）
1995-s0108,1995,Public,1,1,0,0,0,1,0,rule_v4,not_human_reviewed,0,1,ok_v4_silver_not_in_unique_gold_v2,2023年东北电力大学公开招聘工作人员公告（1号）
1995-s0109,1995,Public,1,1,0,0,0,1,0,rule_v4,not_human_reviewed,0,1,ok_v4_silver_not_in_unique_gold_v2,2023年东北电力大学公开招聘工作人员公告（1号）
1995-s0110,1995,Public,1,1,0,0,0,1,0,rule_v4,not_human_reviewed,0,1,ok_v4_silver_not_in_unique_gold_v2,2023年东北电力大学公开招聘工作人员公告（1号）
1995-s0111,1995,Public,1,1,0,0,0,1,0,rule_v4,not_human_reviewed,0,1,ok_v4_silver_not_in_unique_gold_v2,2023年东北电力大学公开招聘工作人员公告（1号）
1995-s0112,1995,Public,1,1,0,0,0,1,1,rule_v4,not_human_reviewed,1,1,ok_v4_silver_not_in_unique_gold_v2,2023年东北电力大学公开招聘工作人员公告（1号）
1995-s0113,1995,Public,1,1,0,0,0,1,1,rule_v4,not_human_reviewed,1,1,ok_v4_silver_not_in_unique_gold_v2,2023年东北电力大学公开招聘工作人员公告（1号）
1995-s0114,1995,Public,1,1,0,0,0,1,0,rule_v4,not_human_reviewed,0,1,ok_v4_silver_not_in_unique_gold_v2,2023年东北电力大学公开招聘工作人员公告（1号）
1995-s0115,1995,Public,1,1,0,0,0,1,0,rule_v4,not_human_reviewed,0,1,ok_v4_silver_not_in_unique_gold_v2,2023年东北电力大学公开招聘工作人员公告（1号）
1995-s0116,1995,Public,1,1,0,0,0,1,0,empty_shiye_process,not_human_reviewed,0,1,ok_v4_silver_not_in_unique_gold_v2,2023年东北电力大学公开招聘工作人员公告（1号）
1995-s0117,1995,Public,1,1,0,0,0,1,0,empty_shiye_process,not_human_reviewed,0,1,ok_v4_silver_not_in_unique_gold_v2,2023年东北电力大学公开招聘工作人员公告（1号）
1995-s0118,1995,Public,1,1,0,0,0,1,0,rule_v4,not_human_reviewed,0,1,ok_v4_silver_not_in_unique_gold_v2,2023年东北电力大学公开招聘工作人员公告（1号）
1995-s0119,1995,Public,1,1,0,0,0,1,0,rule_v4,not_human_reviewed,0,1,ok_v4_silver_not_in_unique_gold_v2,2023年东北电力大学公开招聘工作人员公告（1号）
1995-s0120,1995,Public,1,1,0,0,0,1,0,empty_process,not_human_reviewed,1,1,ok_v4_silver_not_in_unique_gold_v2,2023年东北电力大学公开招聘工作人员公告（1号）
1995-s0121,1995,Public,1,1,0,0,0,1,0,empty_process,not_human_reviewed,1,1,ok_v4_silver_not_in_unique_gold_v2,2023年东北电力大学公开招聘工作人员公告（1号）
1995-s0122,1995,Public,1,1,0,0,0,1,4,rule_v4,not_human_reviewed,1,1,ok_v4_silver_not_in_unique_gold_v2,2023年东北电力大学公开招聘工作人员公告（1号）
1995-s0123,1995,Public,1,1,0,0,0,1,2,rule_v4,not_human_reviewed,1,1,ok_v4_silver_not_in_unique_gold_v2,2023年东北电力大学公开招聘工作人员公告（1号）
1995-s0124,1995,Public,1,1,0,0,0,1,0,rule_v4,not_human_reviewed,0,1,ok_v4_silver_not_in_unique_gold_v2,2023年东北电力大学公开招聘工作人员公告（1号）
1995-s0125,1995,Public,1,1,0,0,0,1,0,rule_v4,not_human_reviewed,0,1,ok_v4_silver_not_in_unique_gold_v2,2023年东北电力大学公开招聘工作人员公告（1号）
1995-s0126,1995,Public,1,1,0,0,0,1,0,rule_v4,not_human_reviewed,0,1,ok_v4_silver_not_in_unique_gold_v2,2023年东北电力大学公开招聘工作人员公告（1号）
1995-s0127,1995,Public,1,1,0,0,0,1,0,rule_v4,not_human_reviewed,0,1,ok_v4_silver_not_in_unique_gold_v2,2023年东北电力大学公开招聘工作人员公告（1号）
1995-s0128,1995,Public,1,1,0,0,0,1,0,empty_process,not_human_reviewed,0,1,ok_v4_silver_not_in_unique_gold_v2,2023年东北电力大学公开招聘工作人员公告（1号）
1995-s0129,1995,Public,1,1,0,0,0,1,0,empty_process,not_human_reviewed,0,1,ok_v4_silver_not_in_unique_gold_v2,2023年东北电力大学公开招聘工作人员公告（1号）
1995-s0130,1995,Public,1,1,0,0,0,1,0,rule_v4,not_human_reviewed,0,1,ok_v4_silver_not_in_unique_gold_v2,2023年东北电力大学公开招聘工作人员公告（1号）
1995-s0131,1995,Public,1,1,0,0,0,1,1,rule_v4,not_human_reviewed,1,1,ok_v4_silver_not_in_unique_gold_v2,2023年东北电力大学公开招聘工作人员公告（1号）
1995-s0132,1995,Public,1,1,0,0,0,1,0,empty_process,not_human_reviewed,1,1,ok_v4_silver_not_in_unique_gold_v2,2023年东北电力大学公开招聘工作人员公告（1号）
1995-s0133,1995,Public,1,1,0,0,0,1,0,empty_process,not_human_reviewed,1,1,ok_v4_silver_not_in_unique_gold_v2,2023年东北电力大学公开招聘工作人员公告（1号）
1995-s0134,1995,Public,1,1,0,0,0,1,0,empty_process,not_human_reviewed,1,1,ok_v4_silver_not_in_unique_gold_v2,2023年东北电力大学公开招聘工作人员公告（1号）
1995-s0135,1995,Public,1,1,0,0,0,1,0,empty_process,not_human_reviewed,1,1,ok_v4_silver_not_in_unique_gold_v2,2023年东北电力大学公开招聘工作人员公告（1号）
1995-s0136,1995,Public,1,1,0,0,0,1,0,empty_shiye_process,not_human_reviewed,1,1,ok_v4_silver_not_in_unique_gold_v2,2023年东北电力大学公开招聘工作人员公告（1号）
1995-s0137,1995,Public,1,1,0,0,0,1,0,empty_shiye_process,not_human_reviewed,1,1,ok_v4_silver_not_in_unique_gold_v2,2023年东北电力大学公开招聘工作人员公告（1号）
1995-s0138,1995,Public,1,1,0,0,0,1,0,empty_process,not_human_reviewed,0,1,ok_v4_silver_not_in_unique_gold_v2,2023年东北电力大学公开招聘工作人员公告（1号）
1995-s0139,1995,Public,1,1,0,0,0,1,0,empty_process,not_human_reviewed,0,1,ok_v4_silver_not_in_unique_gold_v2,2023年东北电力大学公开招聘工作人员公告（1号）
1995-s0140,1995,Public,1,1,0,0,0,1,0,empty_process,not_human_reviewed,0,1,ok_v4_silver_not_in_unique_gold_v2,2023年东北电力大学公开招聘工作人员公告（1号）
1995-s0141,1995,Public,1,1,0,0,0,1,0,empty_process,not_human_reviewed,0,1,ok_v4_silver_not_in_unique_gold_v2,2023年东北电力大学公开招聘工作人员公告（1号）
1995-s0142,1995,Public,1,1,0,0,0,1,0,empty_process,not_human_reviewed,0,1,ok_v4_silver_not_in_unique_gold_v2,2023年东北电力大学公开招聘工作人员公告（1号）
1995-s0143,1995,Public,1,1,0,0,0,1,0,empty_process,not_human_reviewed,0,1,ok_v4_silver_not_in_unique_gold_v2,2023年东北电力大学公开招聘工作人员公告（1号）
1995-s0144,1995,Public,1,1,0,0,0,1,0,empty_process,not_human_reviewed,1,1,ok_v4_silver_not_in_unique_gold_v2,2023年东北电力大学公开招聘工作人员公告（1号）
1995-s0145,1995,Public,1,1,0,0,0,1,0,empty_process,not_human_reviewed,0,1,ok_v4_silver_not_in_unique_gold_v2,2023年东北电力大学公开招聘工作人员公告（1号）
1995-s0146,1995,Public,1,1,0,0,0,1,1,rule_v4,not_human_reviewed,1,1,ok_v4_silver_not_in_unique_gold_v2,2023年东北电力大学公开招聘工作人员公告（1号）
1995-s0147,1995,Public,1,1,0,0,0,1,0,rule_v4,not_human_reviewed,0,1,ok_v4_silver_not_in_unique_gold_v2,2023年东北电力大学公开招聘工作人员公告（1号）
1995-s0148,1995,Public,1,1,0,0,0,1,0,empty_process,not_human_reviewed,0,1,ok_v4_silver_not_in_unique_gold_v2,2023年东北电力大学公开招聘工作人员公告（1号）
1995-s0149,1995,Public,1,1,0,0,0,1,0,empty_process,not_human_reviewed,0,1,ok_v4_silver_not_in_unique_gold_v2,2023年东北电力大学公开招聘工作人员公告（1号）
1995-s0150,1995,Public,1,1,0,0,0,1,0,rule_v4,not_human_reviewed,0,1,ok_v4_silver_not_in_unique_gold_v2,2023年东北电力大学公开招聘工作人员公告（1号）
1995-s0151,1995,Public,1,1,0,0,0,1,0,rule_v4,not_human_reviewed,0,1,ok_v4_silver_not_in_unique_gold_v2,2023年东北电力大学公开招聘工作人员公告（1号）
1995-s0152,1995,Public,1,1,0,0,0,1,0,empty_process,not_human_reviewed,0,1,ok_v4_silver_not_in_unique_gold_v2,2023年东北电力大学公开招聘工作人员公告（1号）
1995-s0153,1995,Public,1,1,0,0,0,1,0,empty_process,not_human_reviewed,0,1,ok_v4_silver_not_in_unique_gold_v2,2023年东北电力大学公开招聘工作人员公告（1号）
1995-s0154,1995,Public,1,1,0,0,0,1,0,empty_process,not_human_reviewed,0,1,ok_v4_silver_not_in_unique_gold_v2,2023年东北电力大学公开招聘工作人员公告（1号）
1995-s0155,1995,Public,1,1,0,0,0,1,0,empty_process,not_human_reviewed,0,1,ok_v4_silver_not_in_unique_gold_v2,2023年东北电力大学公开招聘工作人员公告（1号）
1995-s0156,1995,Public,1,1,0,0,0,1,0,empty_process,not_human_reviewed,1,1,ok_v4_silver_not_in_unique_gold_v2,2023年东北电力大学公开招聘工作人员公告（1号）
1995-s0157,1995,Public,1,1,0,0,0,1,0,empty_process,not_human_reviewed,1,1,ok_v4_silver_not_in_unique_gold_v2,2023年东北电力大学公开招聘工作人员公告（1号）
1995-s0158,1995,Public,1,1,0,0,0,1,0,empty_process,not_human_reviewed,0,1,ok_v4_silver_not_in_unique_gold_v2,2023年东北电力大学公开招聘工作人员公告（1号）
1995-s0159,1995,Public,1,1,0,0,0,1,0,empty_process,not_human_reviewed,0,1,ok_v4_silver_not_in_unique_gold_v2,2023年东北电力大学公开招聘工作人员公告（1号）
1995-s0160,1995,Public,1,1,0,0,0,1,1,rule_v4,not_human_reviewed,1,1,ok_v4_silver_not_in_unique_gold_v2,2023年东北电力大学公开招聘工作人员公告（1号）
1995-s0161,1995,Public,1,1,0,0,0,1,1,rule_v4,not_human_reviewed,1,1,ok_v4_silver_not_in_unique_gold_v2,2023年东北电力大学公开招聘工作人员公告（1号）
1995-s0162,1995,Public,1,1,0,0,0,1,0,rule_v4,not_human_reviewed,0,1,ok_v4_silver_not_in_unique_gold_v2,2023年东北电力大学公开招聘工作人员公告（1号）
1995-s0163,1995,Public,1,1,0,0,0,1,0,rule_v4,not_human_reviewed,0,1,ok_v4_silver_not_in_unique_gold_v2,2023年东北电力大学公开招聘工作人员公告（1号）
1995-s0164,1995,Public,1,1,0,0,0,1,0,rule_v4,not_human_reviewed,0,1,ok_v4_silver_not_in_unique_gold_v2,2023年东北电力大学公开招聘工作人员公告（1号）
1995-s0165,1995,Public,1,1,0,0,0,1,0,rule_v4,not_human_reviewed,0,1,ok_v4_silver_not_in_unique_gold_v2,2023年东北电力大学公开招聘工作人员公告（1号）
1995-s0166,1995,Public,1,1,0,0,0,1,0,empty_process,not_human_reviewed,0,1,ok_v4_silver_not_in_unique_gold_v2,2023年东北电力大学公开招聘工作人员公告（1号）
1995-s0167,1995,Public,1,1,0,0,0,1,0,empty_process,not_human_reviewed,0,1,ok_v4_silver_not_in_unique_gold_v2,2023年东北电力大学公开招聘工作人员公告（1号）
1995-s0168,1995,Public,1,1,0,0,0,1,0,empty_process,not_human_reviewed,0,1,ok_v4_silver_not_in_unique_gold_v2,2023年东北电力大学公开招聘工作人员公告（1号）
1995-s0169,1995,Public,1,1,0,0,0,1,0,empty_process,not_human_reviewed,0,1,ok_v4_silver_not_in_unique_gold_v2,2023年东北电力大学公开招聘工作人员公告（1号）
1995-s0170,1995,Public,1,1,0,0,0,1,0,empty_process,not_human_reviewed,0,1,ok_v4_silver_not_in_unique_gold_v2,2023年东北电力大学公开招聘工作人员公告（1号）
1995-s0171,1995,Public,1,1,0,0,0,1,0,empty_process,not_human_reviewed,0,1,ok_v4_silver_not_in_unique_gold_v2,2023年东北电力大学公开招聘工作人员公告（1号）
1995-s0172,1995,Public,1,1,0,0,0,1,0,rule_v4,not_human_reviewed,0,1,ok_v4_silver_not_in_unique_gold_v2,2023年东北电力大学公开招聘工作人员公告（1号）
1995-s0173,1995,Public,1,1,0,0,0,1,0,rule_v4,not_human_reviewed,0,1,ok_v4_silver_not_in_unique_gold_v2,2023年东北电力大学公开招聘工作人员公告（1号）
1995-s0174,1995,Public,1,1,0,0,0,1,0,rule_v4,not_human_reviewed,0,1,ok_v4_silver_not_in_unique_gold_v2,2023年东北电力大学公开招聘工作人员公告（1号）
1995-s0175,1995,Public,1,1,0,0,0,1,0,rule_v4,not_human_reviewed,0,1,ok_v4_silver_not_in_unique_gold_v2,2023年东北电力大学公开招聘工作人员公告（1号）
1996-s0017,1996,Public,1,1,0,0,0,1,1,rule_v4,not_human_reviewed,1,1,ok_v4_silver_not_in_unique_gold_v2,西北工业大学保卫（公安）处招聘启事
1996-s0018,1996,Public,1,1,0,0,0,1,0,rule_v4,not_human_reviewed,0,1,ok_v4_silver_not_in_unique_gold_v2,西北工业大学保卫（公安）处招聘启事
1996-s0019,1996,Public,1,1,0,0,0,1,0,rule_v4,not_human_reviewed,0,1,ok_v4_silver_not_in_unique_gold_v2,西北工业大学保卫（公安）处招聘启事
1996-s0020,1996,Public,1,1,0,0,0,1,0,rule_v4,not_human_reviewed,0,1,ok_v4_silver_not_in_unique_gold_v2,西北工业大学保卫（公安）处招聘启事
1996-s0021,1996,Public,1,1,0,0,0,1,1,rule_v4,not_human_reviewed,1,1,ok_v4_silver_not_in_unique_gold_v2,西北工业大学保卫（公安）处招聘启事
1996-s0022,1996,Public,1,1,0,0,0,1,0,rule_v4,not_human_reviewed,0,1,ok_v4_silver_not_in_unique_gold_v2,西北工业大学保卫（公安）处招聘启事
1996-s0023,1996,Public,1,1,0,0,0,1,2,rule_v4,not_human_reviewed,1,1,ok_v4_silver_not_in_unique_gold_v2,西北工业大学保卫（公安）处招聘启事
1996-s0024,1996,Public,1,1,0,0,0,1,0,rule_v4,not_human_reviewed,0,1,ok_v4_silver_not_in_unique_gold_v2,西北工业大学保卫（公安）处招聘启事
1996-s0025,1996,Public,1,1,0,0,0,1,0,rule_v4,not_human_reviewed,0,1,ok_v4_silver_not_in_unique_gold_v2,西北工业大学保卫（公安）处招聘启事
1996-s0026,1996,Public,1,1,0,0,0,1,0,rule_v4,not_human_reviewed,0,1,ok_v4_silver_not_in_unique_gold_v2,西北工业大学保卫（公安）处招聘启事
1996-s0027,1996,Public,1,1,0,0,0,1,0,rule_v4,not_human_reviewed,0,1,ok_v4_silver_not_in_unique_gold_v2,西北工业大学保卫（公安）处招聘启事
1996-s0028,1996,Public,1,1,0,0,0,1,1,rule_v4,not_human_reviewed,1,1,ok_v4_silver_not_in_unique_gold_v2,西北工业大学保卫（公安）处招聘启事
1996-s0029,1996,Public,1,1,0,0,0,1,1,rule_v4,not_human_reviewed,1,1,ok_v4_silver_not_in_unique_gold_v2,西北工业大学保卫（公安）处招聘启事
1996-s0030,1996,Public,1,1,0,0,0,1,0,empty_process,not_human_reviewed,0,1,ok_v4_silver_not_in_unique_gold_v2,西北工业大学保卫（公安）处招聘启事
1996-s0031,1996,Public,1,1,0,0,0,1,0,empty_process,not_human_reviewed,0,1,ok_v4_silver_not_in_unique_gold_v2,西北工业大学保卫（公安）处招聘启事
1996-s0032,1996,Public,1,1,0,0,0,1,0,empty_process,not_human_reviewed,0,1,ok_v4_silver_not_in_unique_gold_v2,西北工业大学保卫（公安）处招聘启事
1996-s0033,1996,Public,1,1,0,0,0,1,0,empty_process,not_human_reviewed,0,1,ok_v4_silver_not_in_unique_gold_v2,西北工业大学保卫（公安）处招聘启事
1997-s0012,1997,Public,1,1,0,0,0,1,2,rule_v4,not_human_reviewed,1,1,ok_v4_silver_not_in_unique_gold_v2,复旦大学附属妇产科医院招聘放射科医生
1997-s0013,1997,Public,1,1,0,0,0,1,2,rule_v4,not_human_reviewed,1,1,ok_v4_silver_not_in_unique_gold_v2,复旦大学附属妇产科医院招聘放射科医生
1997-s0014,1997,Public,1,1,0,0,0,1,0,rule_v4,not_human_reviewed,0,1,ok_v4_silver_not_in_unique_gold_v2,复旦大学附属妇产科医院招聘放射科医生
1997-s0015,1997,Public,1,1,0,0,0,1,0,rule_v4,not_human_reviewed,0,1,ok_v4_silver_not_in_unique_gold_v2,复旦大学附属妇产科医院招聘放射科医生
1997-s0016,1997,Public,1,1,0,0,0,1,0,rule_v4,not_human_reviewed,0,1,ok_v4_silver_not_in_unique_gold_v2,复旦大学附属妇产科医院招聘放射科医生
1997-s0017,1997,Public,1,1,0,0,0,1,0,rule_v4,not_human_reviewed,0,1,ok_v4_silver_not_in_unique_gold_v2,复旦大学附属妇产科医院招聘放射科医生
1997-s0018,1997,Public,1,1,0,0,0,1,0,rule_v4,not_human_reviewed,0,1,ok_v4_silver_not_in_unique_gold_v2,复旦大学附属妇产科医院招聘放射科医生
1997-s0019,1997,Public,1,1,0,0,0,1,0,rule_v4,not_human_reviewed,0,1,ok_v4_silver_not_in_unique_gold_v2,复旦大学附属妇产科医院招聘放射科医生
1997-s0020,1997,Public,1,1,0,0,0,1,0,empty_process,not_human_reviewed,0,1,ok_v4_silver_not_in_unique_gold_v2,复旦大学附属妇产科医院招聘放射科医生
1997-s0021,1997,Public,1,1,0,0,0,1,0,empty_process,not_human_reviewed,0,1,ok_v4_silver_not_in_unique_gold_v2,复旦大学附属妇产科医院招聘放射科医生
1997-s0022,1997,Public,1,1,0,0,0,1,0,rule_v4,not_human_reviewed,0,1,ok_v4_silver_not_in_unique_gold_v2,复旦大学附属妇产科医院招聘放射科医生
1997-s0023,1997,Public,1,1,0,0,0,1,0,rule_v4,not_human_reviewed,0,1,ok_v4_silver_not_in_unique_gold_v2,复旦大学附属妇产科医院招聘放射科医生
1998-s0001,1998,Public,1,1,0,0,0,1,0,empty_process,not_human_reviewed,0,1,ok_v4_silver_not_in_unique_gold_v2,绍兴市诸暨市人民政府-诸暨市2023年事业单位工作人员公开招聘拟考察人选名单（二）
1999-s0077,1999,Public,1,1,0,0,0,1,0,rule_v4,not_human_reviewed,0,1,ok_v4_silver_not_in_unique_gold_v2,儋州市那大镇卫生院2023年面向社会公开招聘编外公共卫生专技人员公告（第一号）
1999-s0078,1999,Public,1,1,0,0,0,1,0,empty_process,not_human_reviewed,1,1,ok_v4_silver_not_in_unique_gold_v2,儋州市那大镇卫生院2023年面向社会公开招聘编外公共卫生专技人员公告（第一号）
1999-s0079,1999,Public,1,1,0,0,0,1,0,empty_process,not_human_reviewed,1,1,ok_v4_silver_not_in_unique_gold_v2,儋州市那大镇卫生院2023年面向社会公开招聘编外公共卫生专技人员公告（第一号）
1999-s0080,1999,Public,1,1,0,0,0,1,0,rule_v4,not_human_reviewed,0,1,ok_v4_silver_not_in_unique_gold_v2,儋州市那大镇卫生院2023年面向社会公开招聘编外公共卫生专技人员公告（第一号）
1999-s0081,1999,Public,1,1,0,0,0,1,0,rule_v4,not_human_reviewed,0,1,ok_v4_silver_not_in_unique_gold_v2,儋州市那大镇卫生院2023年面向社会公开招聘编外公共卫生专技人员公告（第一号）
1999-s0082,1999,Public,1,1,0,0,0,1,0,rule_v4,not_human_reviewed,0,1,ok_v4_silver_not_in_unique_gold_v2,儋州市那大镇卫生院2023年面向社会公开招聘编外公共卫生专技人员公告（第一号）
1999-s0083,1999,Public,1,1,0,0,0,1,0,rule_v4,not_human_reviewed,0,1,ok_v4_silver_not_in_unique_gold_v2,儋州市那大镇卫生院2023年面向社会公开招聘编外公共卫生专技人员公告（第一号）
1999-s0084,1999,Public,1,1,0,0,0,1,0,empty_process,not_human_reviewed,0,1,ok_v4_silver_not_in_unique_gold_v2,儋州市那大镇卫生院2023年面向社会公开招聘编外公共卫生专技人员公告（第一号）
1999-s0085,1999,Public,1,1,0,0,0,1,0,empty_process,not_human_reviewed,0,1,ok_v4_silver_not_in_unique_gold_v2,儋州市那大镇卫生院2023年面向社会公开招聘编外公共卫生专技人员公告（第一号）
1999-s0086,1999,Public,1,1,0,0,0,1,0,empty_process,not_human_reviewed,0,1,ok_v4_silver_not_in_unique_gold_v2,儋州市那大镇卫生院2023年面向社会公开招聘编外公共卫生专技人员公告（第一号）
1999-s0087,1999,Public,1,1,0,0,0,1,0,empty_process,not_human_reviewed,0,1,ok_v4_silver_not_in_unique_gold_v2,儋州市那大镇卫生院2023年面向社会公开招聘编外公共卫生专技人员公告（第一号）
1999-s0088,1999,Public,1,1,0,0,0,1,0,empty_process,not_human_reviewed,0,1,ok_v4_silver_not_in_unique_gold_v2,儋州市那大镇卫生院2023年面向社会公开招聘编外公共卫生专技人员公告（第一号）
1999-s0089,1999,Public,1,1,0,0,0,1,0,empty_process,not_human_reviewed,0,1,ok_v4_silver_not_in_unique_gold_v2,儋州市那大镇卫生院2023年面向社会公开招聘编外公共卫生专技人员公告（第一号）
1999-s0090,1999,Public,1,1,0,0,0,1,0,empty_process,not_human_reviewed,0,1,ok_v4_silver_not_in_unique_gold_v2,儋州市那大镇卫生院2023年面向社会公开招聘编外公共卫生专技人员公告（第一号）
1999-s0091,1999,Public,1,1,0,0,0,1,0,empty_process,not_human_reviewed,0,1,ok_v4_silver_not_in_unique_gold_v2,儋州市那大镇卫生院2023年面向社会公开招聘编外公共卫生专技人员公告（第一号）
1999-s0092,1999,Public,1,1,0,0,0,1,0,rule_v4,not_human_reviewed,0,1,ok_v4_silver_not_in_unique_gold_v2,儋州市那大镇卫生院2023年面向社会公开招聘编外公共卫生专技人员公告（第一号）
1999-s0093,1999,Public,1,1,0,0,0,1,0,rule_v4,not_human_reviewed,0,1,ok_v4_silver_not_in_unique_gold_v2,儋州市那大镇卫生院2023年面向社会公开招聘编外公共卫生专技人员公告（第一号）
1999-s0094,1999,Public,1,1,0,0,0,1,0,empty_process,not_human_reviewed,1,1,ok_v4_silver_not_in_unique_gold_v2,儋州市那大镇卫生院2023年面向社会公开招聘编外公共卫生专技人员公告（第一号）
1999-s0095,1999,Public,1,1,0,0,0,1,0,empty_process,not_human_reviewed,1,1,ok_v4_silver_not_in_unique_gold_v2,儋州市那大镇卫生院2023年面向社会公开招聘编外公共卫生专技人员公告（第一号）
1999-s0096,1999,Public,1,1,0,0,0,1,0,empty_process,not_human_reviewed,0,1,ok_v4_silver_not_in_unique_gold_v2,儋州市那大镇卫生院2023年面向社会公开招聘编外公共卫生专技人员公告（第一号）
1999-s0097,1999,Public,1,1,0,0,0,1,0,empty_process,not_human_reviewed,0,1,ok_v4_silver_not_in_unique_gold_v2,儋州市那大镇卫生院2023年面向社会公开招聘编外公共卫生专技人员公告（第一号）
1999-s0098,1999,Public,1,1,0,0,0,1,0,empty_process,not_human_reviewed,1,1,ok_v4_silver_not_in_unique_gold_v2,儋州市那大镇卫生院2023年面向社会公开招聘编外公共卫生专技人员公告（第一号）
1999-s0099,1999,Public,1,1,0,0,0,1,0,empty_process,not_human_reviewed,1,1,ok_v4_silver_not_in_unique_gold_v2,儋州市那大镇卫生院2023年面向社会公开招聘编外公共卫生专技人员公告（第一号）
1999-s0100,1999,Public,1,1,0,0,0,1,0,empty_process,not_human_reviewed,0,1,ok_v4_silver_not_in_unique_gold_v2,儋州市那大镇卫生院2023年面向社会公开招聘编外公共卫生专技人员公告（第一号）
1999-s0101,1999,Public,1,1,0,0,0,1,0,empty_process,not_human_reviewed,0,1,ok_v4_silver_not_in_unique_gold_v2,儋州市那大镇卫生院2023年面向社会公开招聘编外公共卫生专技人员公告（第一号）
1999-s0102,1999,Public,1,1,0,0,0,1,0,rule_v4,not_human_reviewed,0,1,ok_v4_silver_not_in_unique_gold_v2,儋州市那大镇卫生院2023年面向社会公开招聘编外公共卫生专技人员公告（第一号）
1999-s0103,1999,Public,1,1,0,0,0,1,0,rule_v4,not_human_reviewed,0,1,ok_v4_silver_not_in_unique_gold_v2,儋州市那大镇卫生院2023年面向社会公开招聘编外公共卫生专技人员公告（第一号）
1999-s0104,1999,Public,1,1,0,0,0,1,5,rule_v4,not_human_reviewed,1,1,ok_v4_silver_not_in_unique_gold_v2,儋州市那大镇卫生院2023年面向社会公开招聘编外公共卫生专技人员公告（第一号）
1999-s0105,1999,Public,1,1,0,0,0,1,5,rule_v4,not_human_reviewed,1,1,ok_v4_silver_not_in_unique_gold_v2,儋州市那大镇卫生院2023年面向社会公开招聘编外公共卫生专技人员公告（第一号）
1999-s0106,1999,Public,1,1,0,0,0,1,2,rule_v4,not_human_reviewed,1,1,ok_v4_silver_not_in_unique_gold_v2,儋州市那大镇卫生院2023年面向社会公开招聘编外公共卫生专技人员公告（第一号）
1999-s0107,1999,Public,1,1,0,0,0,1,0,rule_v4,not_human_reviewed,0,1,ok_v4_silver_not_in_unique_gold_v2,儋州市那大镇卫生院2023年面向社会公开招聘编外公共卫生专技人员公告（第一号）
1999-s0108,1999,Public,1,1,0,0,0,1,2,rule_v4,not_human_reviewed,1,1,ok_v4_silver_not_in_unique_gold_v2,儋州市那大镇卫生院2023年面向社会公开招聘编外公共卫生专技人员公告（第一号）
1999-s0109,1999,Public,1,1,0,0,0,1,1,rule_v4,not_human_reviewed,1,1,ok_v4_silver_not_in_unique_gold_v2,儋州市那大镇卫生院2023年面向社会公开招聘编外公共卫生专技人员公告（第一号）
1999-s0110,1999,Public,1,1,0,0,0,1,0,rule_v4,not_human_reviewed,0,1,ok_v4_silver_not_in_unique_gold_v2,儋州市那大镇卫生院2023年面向社会公开招聘编外公共卫生专技人员公告（第一号）
1999-s0111,1999,Public,1,1,0,0,0,1,0,rule_v4,not_human_reviewed,0,1,ok_v4_silver_not_in_unique_gold_v2,儋州市那大镇卫生院2023年面向社会公开招聘编外公共卫生专技人员公告（第一号）
1999-s0112,1999,Public,1,1,0,0,0,1,0,rule_v4,not_human_reviewed,0,1,ok_v4_silver_not_in_unique_gold_v2,儋州市那大镇卫生院2023年面向社会公开招聘编外公共卫生专技人员公告（第一号）
1999-s0113,1999,Public,1,1,0,0,0,1,0,rule_v4,not_human_reviewed,0,1,ok_v4_silver_not_in_unique_gold_v2,儋州市那大镇卫生院2023年面向社会公开招聘编外公共卫生专技人员公告（第一号）
1999-s0114,1999,Public,1,1,0,0,0,1,0,rule_v4,not_human_reviewed,0,1,ok_v4_silver_not_in_unique_gold_v2,儋州市那大镇卫生院2023年面向社会公开招聘编外公共卫生专技人员公告（第一号）
1999-s0115,1999,Public,1,1,0,0,0,1,0,rule_v4,not_human_reviewed,0,1,ok_v4_silver_not_in_unique_gold_v2,儋州市那大镇卫生院2023年面向社会公开招聘编外公共卫生专技人员公告（第一号）
1999-s0116,1999,Public,1,1,0,0,0,1,0,empty_process,not_human_reviewed,0,1,ok_v4_silver_not_in_unique_gold_v2,儋州市那大镇卫生院2023年面向社会公开招聘编外公共卫生专技人员公告（第一号）
1999-s0117,1999,Public,1,1,0,0,0,1,0,empty_process,not_human_reviewed,0,1,ok_v4_silver_not_in_unique_gold_v2,儋州市那大镇卫生院2023年面向社会公开招聘编外公共卫生专技人员公告（第一号）
1999-s0118,1999,Public,1,1,0,0,0,1,0,empty_process,not_human_reviewed,0,1,ok_v4_silver_not_in_unique_gold_v2,儋州市那大镇卫生院2023年面向社会公开招聘编外公共卫生专技人员公告（第一号）
1999-s0119,1999,Public,1,1,0,0,0,1,0,empty_process,not_human_reviewed,0,1,ok_v4_silver_not_in_unique_gold_v2,儋州市那大镇卫生院2023年面向社会公开招聘编外公共卫生专技人员公告（第一号）
1999-s0120,1999,Public,1,1,0,0,0,1,0,empty_process,not_human_reviewed,1,1,ok_v4_silver_not_in_unique_gold_v2,儋州市那大镇卫生院2023年面向社会公开招聘编外公共卫生专技人员公告（第一号）
1999-s0121,1999,Public,1,1,0,0,0,1,0,empty_process,not_human_reviewed,0,1,ok_v4_silver_not_in_unique_gold_v2,儋州市那大镇卫生院2023年面向社会公开招聘编外公共卫生专技人员公告（第一号）
1999-s0122,1999,Public,1,1,0,0,0,1,0,empty_process,not_human_reviewed,0,1,ok_v4_silver_not_in_unique_gold_v2,儋州市那大镇卫生院2023年面向社会公开招聘编外公共卫生专技人员公告（第一号）
1999-s0123,1999,Public,1,1,0,0,0,1,0,empty_process,not_human_reviewed,0,1,ok_v4_silver_not_in_unique_gold_v2,儋州市那大镇卫生院2023年面向社会公开招聘编外公共卫生专技人员公告（第一号）
1999-s0124,1999,Public,1,1,0,0,0,1,0,empty_process,not_human_reviewed,0,1,ok_v4_silver_not_in_unique_gold_v2,儋州市那大镇卫生院2023年面向社会公开招聘编外公共卫生专技人员公告（第一号）
1999-s0125,1999,Public,1,1,0,0,0,1,0,empty_process,not_human_reviewed,0,1,ok_v4_silver_not_in_unique_gold_v2,儋州市那大镇卫生院2023年面向社会公开招聘编外公共卫生专技人员公告（第一号）
1999-s0126,1999,Public,1,1,0,0,0,1,0,rule_v4,not_human_reviewed,0,1,ok_v4_silver_not_in_unique_gold_v2,儋州市那大镇卫生院2023年面向社会公开招聘编外公共卫生专技人员公告（第一号）
1999-s0127,1999,Public,1,1,0,0,0,1,0,rule_v4,not_human_reviewed,0,1,ok_v4_silver_not_in_unique_gold_v2,儋州市那大镇卫生院2023年面向社会公开招聘编外公共卫生专技人员公告（第一号）
1999-s0128,1999,Public,1,1,0,0,0,1,0,empty_process,not_human_reviewed,0,1,ok_v4_silver_not_in_unique_gold_v2,儋州市那大镇卫生院2023年面向社会公开招聘编外公共卫生专技人员公告（第一号）
1999-s0129,1999,Public,1,1,0,0,0,1,0,empty_process,not_human_reviewed,0,1,ok_v4_silver_not_in_unique_gold_v2,儋州市那大镇卫生院2023年面向社会公开招聘编外公共卫生专技人员公告（第一号）
1999-s0130,1999,Public,1,1,0,0,0,1,0,rule_v4,not_human_reviewed,0,1,ok_v4_silver_not_in_unique_gold_v2,儋州市那大镇卫生院2023年面向社会公开招聘编外公共卫生专技人员公告（第一号）
1999-s0131,1999,Public,1,1,0,0,0,1,0,rule_v4,not_human_reviewed,0,1,ok_v4_silver_not_in_unique_gold_v2,儋州市那大镇卫生院2023年面向社会公开招聘编外公共卫生专技人员公告（第一号）
1999-s0132,1999,Public,1,1,0,0,0,1,0,empty_process,not_human_reviewed,0,1,ok_v4_silver_not_in_unique_gold_v2,儋州市那大镇卫生院2023年面向社会公开招聘编外公共卫生专技人员公告（第一号）
1999-s0133,1999,Public,1,1,0,0,0,1,0,empty_process,not_human_reviewed,0,1,ok_v4_silver_not_in_unique_gold_v2,儋州市那大镇卫生院2023年面向社会公开招聘编外公共卫生专技人员公告（第一号）
1999-s0134,1999,Public,1,1,0,0,0,1,6,rule_v4,not_human_reviewed,1,1,ok_v4_silver_not_in_unique_gold_v2,儋州市那大镇卫生院2023年面向社会公开招聘编外公共卫生专技人员公告（第一号）
1999-s0135,1999,Public,1,1,0,0,0,1,0,rule_v4,not_human_reviewed,0,1,ok_v4_silver_not_in_unique_gold_v2,儋州市那大镇卫生院2023年面向社会公开招聘编外公共卫生专技人员公告（第一号）
1999-s0136,1999,Public,1,1,0,0,0,1,1,rule_v4,not_human_reviewed,1,1,ok_v4_silver_not_in_unique_gold_v2,儋州市那大镇卫生院2023年面向社会公开招聘编外公共卫生专技人员公告（第一号）
1999-s0137,1999,Public,1,1,0,0,0,1,1,rule_v4,not_human_reviewed,1,1,ok_v4_silver_not_in_unique_gold_v2,儋州市那大镇卫生院2023年面向社会公开招聘编外公共卫生专技人员公告（第一号）
1999-s0138,1999,Public,1,1,0,0,0,1,1,rule_v4,not_human_reviewed,1,1,ok_v4_silver_not_in_unique_gold_v2,儋州市那大镇卫生院2023年面向社会公开招聘编外公共卫生专技人员公告（第一号）
1999-s0139,1999,Public,1,1,0,0,0,1,0,rule_v4,not_human_reviewed,0,1,ok_v4_silver_not_in_unique_gold_v2,儋州市那大镇卫生院2023年面向社会公开招聘编外公共卫生专技人员公告（第一号）
1999-s0140,1999,Public,1,1,0,0,0,1,0,empty_process,not_human_reviewed,1,1,ok_v4_silver_not_in_unique_gold_v2,儋州市那大镇卫生院2023年面向社会公开招聘编外公共卫生专技人员公告（第一号）
1999-s0141,1999,Public,1,1,0,0,0,1,0,empty_process,not_human_reviewed,1,1,ok_v4_silver_not_in_unique_gold_v2,儋州市那大镇卫生院2023年面向社会公开招聘编外公共卫生专技人员公告（第一号）
1999-s0142,1999,Public,1,1,0,0,0,1,0,empty_process,not_human_reviewed,0,1,ok_v4_silver_not_in_unique_gold_v2,儋州市那大镇卫生院2023年面向社会公开招聘编外公共卫生专技人员公告（第一号）
1999-s0143,1999,Public,1,1,0,0,0,1,0,empty_process,not_human_reviewed,0,1,ok_v4_silver_not_in_unique_gold_v2,儋州市那大镇卫生院2023年面向社会公开招聘编外公共卫生专技人员公告（第一号）
1999-s0144,1999,Public,1,1,0,0,0,1,0,empty_process,not_human_reviewed,1,1,ok_v4_silver_not_in_unique_gold_v2,儋州市那大镇卫生院2023年面向社会公开招聘编外公共卫生专技人员公告（第一号）
1999-s0145,1999,Public,1,1,0,0,0,1,0,empty_process,not_human_reviewed,1,1,ok_v4_silver_not_in_unique_gold_v2,儋州市那大镇卫生院2023年面向社会公开招聘编外公共卫生专技人员公告（第一号）
1999-s0146,1999,Public,1,1,0,0,0,1,0,rule_v4,not_human_reviewed,0,1,ok_v4_silver_not_in_unique_gold_v2,儋州市那大镇卫生院2023年面向社会公开招聘编外公共卫生专技人员公告（第一号）
1999-s0147,1999,Public,1,1,0,0,0,1,0,rule_v4,not_human_reviewed,0,1,ok_v4_silver_not_in_unique_gold_v2,儋州市那大镇卫生院2023年面向社会公开招聘编外公共卫生专技人员公告（第一号）
1999-s0148,1999,Public,1,1,0,0,0,1,0,rule_v4,not_human_reviewed,0,1,ok_v4_silver_not_in_unique_gold_v2,儋州市那大镇卫生院2023年面向社会公开招聘编外公共卫生专技人员公告（第一号）
1999-s0149,1999,Public,1,1,0,0,0,1,0,rule_v4,not_human_reviewed,0,1,ok_v4_silver_not_in_unique_gold_v2,儋州市那大镇卫生院2023年面向社会公开招聘编外公共卫生专技人员公告（第一号）
1999-s0150,1999,Public,1,1,0,0,0,1,0,empty_process,not_human_reviewed,0,1,ok_v4_silver_not_in_unique_gold_v2,儋州市那大镇卫生院2023年面向社会公开招聘编外公共卫生专技人员公告（第一号）
1999-s0151,1999,Public,1,1,0,0,0,1,0,empty_process,not_human_reviewed,0,1,ok_v4_silver_not_in_unique_gold_v2,儋州市那大镇卫生院2023年面向社会公开招聘编外公共卫生专技人员公告（第一号）
1999-s0152,1999,Public,1,1,0,0,0,1,0,empty_process,not_human_reviewed,0,1,ok_v4_silver_not_in_unique_gold_v2,儋州市那大镇卫生院2023年面向社会公开招聘编外公共卫生专技人员公告（第一号）
1999-s0153,1999,Public,1,1,0,0,0,1,0,empty_process,not_human_reviewed,0,1,ok_v4_silver_not_in_unique_gold_v2,儋州市那大镇卫生院2023年面向社会公开招聘编外公共卫生专技人员公告（第一号）
2000-s0002,2000,Public,1,1,0,0,0,1,0,rule_v4,not_human_reviewed,0,1,ok_v4_silver_not_in_unique_gold_v2,关于调整2023年江苏省盐城市响水县人民医院赴牡丹江医学院校园招聘备案制工作人员岗位计划数的公告
2000-s0003,2000,Public,1,1,0,0,0,1,0,rule_v4,not_human_reviewed,0,1,ok_v4_silver_not_in_unique_gold_v2,关于调整2023年江苏省盐城市响水县人民医院赴牡丹江医学院校园招聘备案制工作人员岗位计划数的公告
