checkpoint_epoch,code_revision,config_file,config_sha256,dataset,dataset_revision,eval_n,eval_split,eval_unit,metric,metrics_file,metrics_sha256,model,model_revision,notes,precision,predictions_file,predictions_sha256,protocol_id,recall,scale,scorer_revision,seed,selection_split,status,subset,task,track,value
20,run_common_encoder.py,runs/full/skillspan/tags_skill/xlm-roberta-large/42/config.json,403327c1884c10cfa5ad7bf7798280e6968a3064a3112f074ced0629f6873235,skillspan,33062e6bd0e03a5e01ae299ce0518f4613ef4298,3569,test,sentence,typed_exact_micro_f1,runs/full/skillspan/tags_skill/xlm-roberta-large/42/result.json,ac2a1e659e790c93f5e03c7e62c418ae6658306d5d99695a317260970edfd4f8,FacebookAI/xlm-roberta-large,c23d21b0620b635a76227c604d44e43a9f0ee389,New linear first-subword BIO head; not MaChAmp-CRF/NNOSE. IEEE 10-epoch dumps are historical_reference_only.,0.5719626168224299,runs/full/skillspan/tags_skill/xlm-roberta-large/42/test_predictions.jsonl,37a32da8fb03f93a5ea6f2e1856b5de3b7546ad7cd0de76fa3ac94f09060ba32,common_encoder_linear_20260921,0.5609532538955087,0-1,audit_and_lexicon.entities,42,dev,completed,public_release,tags_skill,common,0.5664044423877834
20,run_common_encoder.py,runs/full/skillspan/tags_skill/xlm-roberta-large/43/config.json,441a14b8564d6f44c35dc629f01e360c4d850753ceaa01c1806d35220b9ee1fd,skillspan,33062e6bd0e03a5e01ae299ce0518f4613ef4298,3569,test,sentence,typed_exact_micro_f1,runs/full/skillspan/tags_skill/xlm-roberta-large/43/result.json,ce2f0f799c9c4cfe82dcad6077f3e6e85c376c6a86656a0736d6d822dd6df9b2,FacebookAI/xlm-roberta-large,c23d21b0620b635a76227c604d44e43a9f0ee389,New linear first-subword BIO head; not MaChAmp-CRF/NNOSE. IEEE 10-epoch dumps are historical_reference_only.,0.5666666666666667,runs/full/skillspan/tags_skill/xlm-roberta-large/43/test_predictions.jsonl,78043bc1b0ad0864866ef736bed8b13a347176a11499a892253ad2d3ae0bc7d6,common_encoder_linear_20260921,0.5453712190650779,0-1,audit_and_lexicon.entities,43,dev,completed,public_release,tags_skill,common,0.5558150397010743
20,run_common_encoder.py,runs/full/skillspan/tags_skill/xlm-roberta-large/44/config.json,9cabca4733c88af5e39b28e326bc7e0e9c7f5ba4d18dd4e10d7c25b6e3924b88,skillspan,33062e6bd0e03a5e01ae299ce0518f4613ef4298,3569,test,sentence,typed_exact_micro_f1,runs/full/skillspan/tags_skill/xlm-roberta-large/44/result.json,6a47c755ac4118e2a77cee9310415f211a9823d3a785d9918d9c93555adb352e,FacebookAI/xlm-roberta-large,c23d21b0620b635a76227c604d44e43a9f0ee389,New linear first-subword BIO head; not MaChAmp-CRF/NNOSE. IEEE 10-epoch dumps are historical_reference_only.,0.5841860465116279,runs/full/skillspan/tags_skill/xlm-roberta-large/44/test_predictions.jsonl,b925847a950ba7c40db903b7aafc4e11fb16d0f0b9117c6f6004a10a2a9943fb,common_encoder_linear_20260921,0.5756186984417965,0-1,audit_and_lexicon.entities,44,dev,completed,public_release,tags_skill,common,0.579870729455217
18,run_common_encoder.py,runs/full/skillspan/tags_skill/esco-xlm-roberta-large/42/config.json,8300e5333d41cce380a354291f2da4be0d2c695cfcd1b33bf2021172c54d95dd,skillspan,33062e6bd0e03a5e01ae299ce0518f4613ef4298,3569,test,sentence,typed_exact_micro_f1,runs/full/skillspan/tags_skill/esco-xlm-roberta-large/42/result.json,3f1a9568bbd3e49057725dc3761d5151fe7c740babab25222d6369780780cc68,jjzha/esco-xlm-roberta-large,8093cc37ac619a25c5166355acba7be878eb6402,New linear first-subword BIO head; not MaChAmp-CRF/NNOSE. IEEE 10-epoch dumps are historical_reference_only.,0.5764925373134329,runs/full/skillspan/tags_skill/esco-xlm-roberta-large/42/test_predictions.jsonl,0e542582fa5b7fc9062dca9b3cbae4948abc388b31af266bf82246005cf5e8bb,common_encoder_linear_20260921,0.5664527956003667,0-1,audit_and_lexicon.entities,42,dev,completed,public_release,tags_skill,common,0.5714285714285714
18,run_common_encoder.py,runs/full/skillspan/tags_skill/esco-xlm-roberta-large/43/config.json,bcd2788ed15d71a4628a17d0b9bcb4089991edc078b10b213aa77ad85c8f9887,skillspan,33062e6bd0e03a5e01ae299ce0518f4613ef4298,3569,test,sentence,typed_exact_micro_f1,runs/full/skillspan/tags_skill/esco-xlm-roberta-large/43/result.json,990b3019b7a2b48ba2ccdbc28d25d41e910973885ddc4256e3a377430d0b2799,jjzha/esco-xlm-roberta-large,8093cc37ac619a25c5166355acba7be878eb6402,New linear first-subword BIO head; not MaChAmp-CRF/NNOSE. IEEE 10-epoch dumps are historical_reference_only.,0.5768194070080862,runs/full/skillspan/tags_skill/esco-xlm-roberta-large/43/test_predictions.jsonl,6ee925007d7a093a7254935e2a8652dc49759ef24b0ae22d072030af5d29cbd7,common_encoder_linear_20260921,0.5884509624197983,0-1,audit_and_lexicon.entities,43,dev,completed,public_release,tags_skill,common,0.5825771324863884
18,run_common_encoder.py,runs/full/skillspan/tags_skill/esco-xlm-roberta-large/44/config.json,8ddb855657bbfe78244f48f6c6a35aab83b598fcf3036c9698ef7e5878c38db6,skillspan,33062e6bd0e03a5e01ae299ce0518f4613ef4298,3569,test,sentence,typed_exact_micro_f1,runs/full/skillspan/tags_skill/esco-xlm-roberta-large/44/result.json,db35db542c62c7f7948d0bdaa430e419ae7aed92c41328ccd02057c8e3da0b2a,jjzha/esco-xlm-roberta-large,8093cc37ac619a25c5166355acba7be878eb6402,New linear first-subword BIO head; not MaChAmp-CRF/NNOSE. IEEE 10-epoch dumps are historical_reference_only.,0.5791896869244936,runs/full/skillspan/tags_skill/esco-xlm-roberta-large/44/test_predictions.jsonl,8d87bc7c760173ad3ce716c15969436d80fb3ed59d2050dc977a9b6c90a3ad25,common_encoder_linear_20260921,0.5765352887259395,0-1,audit_and_lexicon.entities,44,dev,completed,public_release,tags_skill,common,0.577859439595774
18,run_common_encoder.py,runs/full/skillspan/tags_knowledge/xlm-roberta-large/42/config.json,53deed543e736b09b3908b55d5701736c630eeb064a6cc87e09ceda56b536012,skillspan,33062e6bd0e03a5e01ae299ce0518f4613ef4298,3569,test,sentence,typed_exact_micro_f1,runs/full/skillspan/tags_knowledge/xlm-roberta-large/42/result.json,0bcf9187011fa298cb775d6105ec0d9578289fbeef872018a7666ce2f165cf01,FacebookAI/xlm-roberta-large,c23d21b0620b635a76227c604d44e43a9f0ee389,New linear first-subword BIO head; not MaChAmp-CRF/NNOSE. IEEE 10-epoch dumps are historical_reference_only.,0.6869085173501577,runs/full/skillspan/tags_knowledge/xlm-roberta-large/42/test_predictions.jsonl,966a9f62fdfad947e83da05f51220f2eb2890422add9fd81f60ae3040ffc44fd,common_encoder_linear_20260921,0.74190800681431,0-1,audit_and_lexicon.entities,42,dev,completed,public_release,tags_knowledge,common,0.7133497133497133
11,run_common_encoder.py,runs/full/skillspan/tags_knowledge/xlm-roberta-large/43/config.json,c7a979472e78ec775ec6619976d4e422d5121920b15e9ed6c44c2444dc266c90,skillspan,33062e6bd0e03a5e01ae299ce0518f4613ef4298,3569,test,sentence,typed_exact_micro_f1,runs/full/skillspan/tags_knowledge/xlm-roberta-large/43/result.json,3f7f155b614488aa5d9d5c07f4edbf37b875a1d6b599d4f6fc7ebee028e72af7,FacebookAI/xlm-roberta-large,c23d21b0620b635a76227c604d44e43a9f0ee389,New linear first-subword BIO head; not MaChAmp-CRF/NNOSE. IEEE 10-epoch dumps are historical_reference_only.,0.68,runs/full/skillspan/tags_knowledge/xlm-roberta-large/43/test_predictions.jsonl,20fc94627bf803d3635086f1e5284cc6bb61f40d1962f01e32878e5d6d6ee393,common_encoder_linear_20260921,0.7385008517887564,0-1,audit_and_lexicon.entities,43,dev,completed,public_release,tags_knowledge,common,0.708044099632503
13,run_common_encoder.py,runs/full/skillspan/tags_knowledge/xlm-roberta-large/44/config.json,883ec0b08d2184a7f5f394c5792bd3706fa07e626fad4b473854c221d483001c,skillspan,33062e6bd0e03a5e01ae299ce0518f4613ef4298,3569,test,sentence,typed_exact_micro_f1,runs/full/skillspan/tags_knowledge/xlm-roberta-large/44/result.json,f595c993b3e2741f92457e2bd493d2ed2f69180626b2e587f692e439c2bb7f55,FacebookAI/xlm-roberta-large,c23d21b0620b635a76227c604d44e43a9f0ee389,New linear first-subword BIO head; not MaChAmp-CRF/NNOSE. IEEE 10-epoch dumps are historical_reference_only.,0.6424710424710425,runs/full/skillspan/tags_knowledge/xlm-roberta-large/44/test_predictions.jsonl,b25bb78f25615090992f09a431f0fb26014d1d645a8bab967c73db6bb25e990c,common_encoder_linear_20260921,0.7086882453151618,0-1,audit_and_lexicon.entities,44,dev,completed,public_release,tags_knowledge,common,0.6739570676387201
9,run_common_encoder.py,runs/full/skillspan/tags_knowledge/esco-xlm-roberta-large/42/config.json,4764909d4b64450be3f480fbee1320e65eda6c7d3116f4e8e5a407de298caa76,skillspan,33062e6bd0e03a5e01ae299ce0518f4613ef4298,3569,test,sentence,typed_exact_micro_f1,runs/full/skillspan/tags_knowledge/esco-xlm-roberta-large/42/result.json,fc1390614b2e92149d82bada7345ff4943557d268c31be005e255f93a19671df,jjzha/esco-xlm-roberta-large,8093cc37ac619a25c5166355acba7be878eb6402,New linear first-subword BIO head; not MaChAmp-CRF/NNOSE. IEEE 10-epoch dumps are historical_reference_only.,0.6511456023651145,runs/full/skillspan/tags_knowledge/esco-xlm-roberta-large/42/test_predictions.jsonl,b03820296dec37f0522b5c6f716b0a5daa6f4db4249c327c806cce4538b715b6,common_encoder_linear_20260921,0.7504258943781942,0-1,audit_and_lexicon.entities,42,dev,completed,public_release,tags_knowledge,common,0.6972694895132568
1,run_common_encoder.py,runs/full/skillspan/tags_knowledge/esco-xlm-roberta-large/43/config.json,cccc3cea32795ea31991449a439f26958fac7772c18fdea1cd9807b90388f77b,skillspan,33062e6bd0e03a5e01ae299ce0518f4613ef4298,3569,test,sentence,typed_exact_micro_f1,runs/full/skillspan/tags_knowledge/esco-xlm-roberta-large/43/result.json,c0de95bfc678a6dfdfd9daf1bfc6a8495ce7e440d9456b64d28f98399111e6e8,jjzha/esco-xlm-roberta-large,8093cc37ac619a25c5166355acba7be878eb6402,New linear first-subword BIO head; not MaChAmp-CRF/NNOSE. IEEE 10-epoch dumps are historical_reference_only.,0.5936,runs/full/skillspan/tags_knowledge/esco-xlm-roberta-large/43/test_predictions.jsonl,85487fea795e8e607add06c15f96f898b2fd9521d2d6f1af0cc826a275060985,common_encoder_linear_20260921,0.6320272572402045,0-1,audit_and_lexicon.entities,43,dev,completed,public_release,tags_knowledge,common,0.6122112211221122
19,run_common_encoder.py,runs/full/skillspan/tags_knowledge/esco-xlm-roberta-large/44/config.json,4ee9ab91fdb10d5ec5658dbad065cd99c662e39cbdc7aed3cf9b0a9b8211b894,skillspan,33062e6bd0e03a5e01ae299ce0518f4613ef4298,3569,test,sentence,typed_exact_micro_f1,runs/full/skillspan/tags_knowledge/esco-xlm-roberta-large/44/result.json,0c0d2bd2b920f75d0070e2cf07b847855ca3c021839b0da45a2a6aaedab88feb,jjzha/esco-xlm-roberta-large,8093cc37ac619a25c5166355acba7be878eb6402,New linear first-subword BIO head; not MaChAmp-CRF/NNOSE. IEEE 10-epoch dumps are historical_reference_only.,0.674166020170675,runs/full/skillspan/tags_knowledge/esco-xlm-roberta-large/44/test_predictions.jsonl,0f11011b9adce23d45549ba177eed33aa929892af36fc0eb6c8826fc6deb386d,common_encoder_linear_20260921,0.7402044293015332,0-1,audit_and_lexicon.entities,44,dev,completed,public_release,tags_knowledge,common,0.7056435241575315
18,run_common_encoder.py,runs/full/kompetencer/tags_skill/xlm-roberta-large/42/config.json,1f855b69741b80334ddc2ed025300d0c5aeb5df157b9907a201a6abab2e3005c,kompetencer,63121e046efa9d089bce38b31c5b7911b1573672,262,test,sentence,typed_exact_micro_f1,runs/full/kompetencer/tags_skill/xlm-roberta-large/42/result.json,a72125cca62de25e9e9dd48735c57c04c77f2ed464184a7e98e2a3c32ac66f26,FacebookAI/xlm-roberta-large,c23d21b0620b635a76227c604d44e43a9f0ee389,New linear first-subword BIO head; not MaChAmp-CRF/NNOSE. IEEE 10-epoch dumps are historical_reference_only.,0.4701492537313433,runs/full/kompetencer/tags_skill/xlm-roberta-large/42/test_predictions.jsonl,c1da85d05f4a8b98c492c3bca19e07dbb6889336b725cbc0caf508557fc9e2f9,common_encoder_linear_20260921,0.6,0-1,audit_and_lexicon.entities,42,dev,completed,public_release,tags_skill,common,0.5271966527196653
14,run_common_encoder.py,runs/full/kompetencer/tags_skill/xlm-roberta-large/43/config.json,1d8fd340476e122e2b821c044eb3c8cbcc85530963862e0990ba18d529b77e82,kompetencer,63121e046efa9d089bce38b31c5b7911b1573672,262,test,sentence,typed_exact_micro_f1,runs/full/kompetencer/tags_skill/xlm-roberta-large/43/result.json,01c2eb688303b00ea6a34c96f0dadf728caef4a740cde906dfa32be31c0b6f2c,FacebookAI/xlm-roberta-large,c23d21b0620b635a76227c604d44e43a9f0ee389,New linear first-subword BIO head; not MaChAmp-CRF/NNOSE. IEEE 10-epoch dumps are historical_reference_only.,0.5470085470085471,runs/full/kompetencer/tags_skill/xlm-roberta-large/43/test_predictions.jsonl,29e8d0bdac174c831e40c31977a085bba9bfb1ab8f041c6cf15d7637da172b89,common_encoder_linear_20260921,0.6095238095238096,0-1,audit_and_lexicon.entities,43,dev,completed,public_release,tags_skill,common,0.5765765765765766
18,run_common_encoder.py,runs/full/kompetencer/tags_skill/xlm-roberta-large/44/config.json,c03bf069ead03ff080d2b3c22f611190ac66c0c93b496f21f4729ec1c2b20288,kompetencer,63121e046efa9d089bce38b31c5b7911b1573672,262,test,sentence,typed_exact_micro_f1,runs/full/kompetencer/tags_skill/xlm-roberta-large/44/result.json,16df5a0644f0c3cdf9309b369991eceb098510b8da953175a7978e2758f91559,FacebookAI/xlm-roberta-large,c23d21b0620b635a76227c604d44e43a9f0ee389,New linear first-subword BIO head; not MaChAmp-CRF/NNOSE. IEEE 10-epoch dumps are historical_reference_only.,0.488,runs/full/kompetencer/tags_skill/xlm-roberta-large/44/test_predictions.jsonl,32850fae4e62f0ea73f2fd891b40a67e96e167b07bb04997858296ff85338385,common_encoder_linear_20260921,0.580952380952381,0-1,audit_and_lexicon.entities,44,dev,completed,public_release,tags_skill,common,0.5304347826086957
20,run_common_encoder.py,runs/full/kompetencer/tags_skill/esco-xlm-roberta-large/42/config.json,f61265222d29895c19a9217b7466dcd86b2cb6103a40434bd490e2a05a182905,kompetencer,63121e046efa9d089bce38b31c5b7911b1573672,262,test,sentence,typed_exact_micro_f1,runs/full/kompetencer/tags_skill/esco-xlm-roberta-large/42/result.json,575b4b5abd24bd1454e637edc8f24a44c6ffd587a5ef3421e96eb6670763b0d2,jjzha/esco-xlm-roberta-large,8093cc37ac619a25c5166355acba7be878eb6402,New linear first-subword BIO head; not MaChAmp-CRF/NNOSE. IEEE 10-epoch dumps are historical_reference_only.,0.4513888888888889,runs/full/kompetencer/tags_skill/esco-xlm-roberta-large/42/test_predictions.jsonl,6ab63ea067fd9639d1a1cbeda3eb0670c2022f919af9fb79b7c6360066e2da2e,common_encoder_linear_20260921,0.6190476190476191,0-1,audit_and_lexicon.entities,42,dev,completed,public_release,tags_skill,common,0.5220883534136547
16,run_common_encoder.py,runs/full/kompetencer/tags_skill/esco-xlm-roberta-large/43/config.json,18b3972d4ab147905ab16d2fa850dc6220e20c75835ff155b8b233d4e37ebe32,kompetencer,63121e046efa9d089bce38b31c5b7911b1573672,262,test,sentence,typed_exact_micro_f1,runs/full/kompetencer/tags_skill/esco-xlm-roberta-large/43/result.json,67576de720c3d0211cae3cf40edb4ed8da1c878ba91fdea81cb0323b0cb653a7,jjzha/esco-xlm-roberta-large,8093cc37ac619a25c5166355acba7be878eb6402,New linear first-subword BIO head; not MaChAmp-CRF/NNOSE. IEEE 10-epoch dumps are historical_reference_only.,0.4527027027027027,runs/full/kompetencer/tags_skill/esco-xlm-roberta-large/43/test_predictions.jsonl,58331bfcd9b322af26488c6666d1e3512a4bb028ca435b357766f9680f2f36fa,common_encoder_linear_20260921,0.638095238095238,0-1,audit_and_lexicon.entities,43,dev,completed,public_release,tags_skill,common,0.5296442687747036
13,run_common_encoder.py,runs/full/kompetencer/tags_skill/esco-xlm-roberta-large/44/config.json,8c526505fd3a45b28600c56939a4c7a5cdb223739a70111c05ecad3537168e72,kompetencer,63121e046efa9d089bce38b31c5b7911b1573672,262,test,sentence,typed_exact_micro_f1,runs/full/kompetencer/tags_skill/esco-xlm-roberta-large/44/result.json,1b3d75fc0235a67ef14ae9cc6f307836c8a4ec5ebb5a8f256e11d7dfeef9c12f,jjzha/esco-xlm-roberta-large,8093cc37ac619a25c5166355acba7be878eb6402,New linear first-subword BIO head; not MaChAmp-CRF/NNOSE. IEEE 10-epoch dumps are historical_reference_only.,0.4806201550387597,runs/full/kompetencer/tags_skill/esco-xlm-roberta-large/44/test_predictions.jsonl,a45e602464be0474365ed0105400e50a52d4cefdc9f1176621c2e587a89fdd20,common_encoder_linear_20260921,0.5904761904761905,0-1,audit_and_lexicon.entities,44,dev,completed,public_release,tags_skill,common,0.5299145299145299
15,run_common_encoder.py,runs/full/kompetencer/tags_knowledge/xlm-roberta-large/42/config.json,0fbbabbbe839e201b62485007c2c8fc2a8d95e216ff2adf1ae72a362676675aa,kompetencer,63121e046efa9d089bce38b31c5b7911b1573672,262,test,sentence,typed_exact_micro_f1,runs/full/kompetencer/tags_knowledge/xlm-roberta-large/42/result.json,7ddb2a3ca85021c3d2345137834e8f42abd32ea1dcb65bcfdd1c1e5944729f20,FacebookAI/xlm-roberta-large,c23d21b0620b635a76227c604d44e43a9f0ee389,New linear first-subword BIO head; not MaChAmp-CRF/NNOSE. IEEE 10-epoch dumps are historical_reference_only.,0.59375,runs/full/kompetencer/tags_knowledge/xlm-roberta-large/42/test_predictions.jsonl,4b4577fe4715066049aa7750839fc210413ad5c44120855d866ac5a117514956,common_encoder_linear_20260921,0.6333333333333333,0-1,audit_and_lexicon.entities,42,dev,completed,public_release,tags_knowledge,common,0.6129032258064516
6,run_common_encoder.py,runs/full/kompetencer/tags_knowledge/xlm-roberta-large/43/config.json,81dae0380f0a2bc7743dbb18052a7647371341abbe0830e9385d3de92b8a0242,kompetencer,63121e046efa9d089bce38b31c5b7911b1573672,262,test,sentence,typed_exact_micro_f1,runs/full/kompetencer/tags_knowledge/xlm-roberta-large/43/result.json,47aa95bf5fc6c95045e7595e42fff3bdc8e04fb06c59492676954894ad9d65d9,FacebookAI/xlm-roberta-large,c23d21b0620b635a76227c604d44e43a9f0ee389,New linear first-subword BIO head; not MaChAmp-CRF/NNOSE. IEEE 10-epoch dumps are historical_reference_only.,0.6071428571428571,runs/full/kompetencer/tags_knowledge/xlm-roberta-large/43/test_predictions.jsonl,2ec5caa899860400f25cb693f73c8b3b621ce240596f5c46947b57b312a94ae9,common_encoder_linear_20260921,0.5666666666666667,0-1,audit_and_lexicon.entities,43,dev,completed,public_release,tags_knowledge,common,0.5862068965517241
16,run_common_encoder.py,runs/full/kompetencer/tags_knowledge/xlm-roberta-large/44/config.json,b5d88922a81b3fdd07c1a5b0da773e7933c6b04dafb98f64e57831f04da72c88,kompetencer,63121e046efa9d089bce38b31c5b7911b1573672,262,test,sentence,typed_exact_micro_f1,runs/full/kompetencer/tags_knowledge/xlm-roberta-large/44/result.json,ff27ad1c9961da1db915f9f472d54977691cb982ee34d5862fd84224e59c9eae,FacebookAI/xlm-roberta-large,c23d21b0620b635a76227c604d44e43a9f0ee389,New linear first-subword BIO head; not MaChAmp-CRF/NNOSE. IEEE 10-epoch dumps are historical_reference_only.,0.6785714285714286,runs/full/kompetencer/tags_knowledge/xlm-roberta-large/44/test_predictions.jsonl,2c961b615dcc4cdbd8b1c532c3f965ed26bdc69c42d2fcb83b4e523837610d2b,common_encoder_linear_20260921,0.6333333333333333,0-1,audit_and_lexicon.entities,44,dev,completed,public_release,tags_knowledge,common,0.6551724137931034
15,run_common_encoder.py,runs/full/kompetencer/tags_knowledge/esco-xlm-roberta-large/42/config.json,0db8e501b498f39bcc5bfff5eb3be71cb1f5e0ee9cb65f37c32aa945432ef949,kompetencer,63121e046efa9d089bce38b31c5b7911b1573672,262,test,sentence,typed_exact_micro_f1,runs/full/kompetencer/tags_knowledge/esco-xlm-roberta-large/42/result.json,e1c0a72d06c2750d7f7bb9f8f03daf2fded9a38cc6cc302c0c42f7f5eb382c74,jjzha/esco-xlm-roberta-large,8093cc37ac619a25c5166355acba7be878eb6402,New linear first-subword BIO head; not MaChAmp-CRF/NNOSE. IEEE 10-epoch dumps are historical_reference_only.,0.5757575757575758,runs/full/kompetencer/tags_knowledge/esco-xlm-roberta-large/42/test_predictions.jsonl,39fcb957bae2792541829184ff619e521d6473aec2b892bbfcfbc694c08756df,common_encoder_linear_20260921,0.6333333333333333,0-1,audit_and_lexicon.entities,42,dev,completed,public_release,tags_knowledge,common,0.6031746031746031
14,run_common_encoder.py,runs/full/kompetencer/tags_knowledge/esco-xlm-roberta-large/43/config.json,ecea8f3e682133397aa866832b5b639b1908e6cbd55e3c9667278f9e14529fd3,kompetencer,63121e046efa9d089bce38b31c5b7911b1573672,262,test,sentence,typed_exact_micro_f1,runs/full/kompetencer/tags_knowledge/esco-xlm-roberta-large/43/result.json,8cbcf368e6b2a102e6323615ae46e6a9c4d7862ebbbe2ca750b7593f4410a625,jjzha/esco-xlm-roberta-large,8093cc37ac619a25c5166355acba7be878eb6402,New linear first-subword BIO head; not MaChAmp-CRF/NNOSE. IEEE 10-epoch dumps are historical_reference_only.,0.6,runs/full/kompetencer/tags_knowledge/esco-xlm-roberta-large/43/test_predictions.jsonl,de47c8f1c2e44aa89a159ba18016f0f23b8cfc046ad711ba39d1c274b33d0eac,common_encoder_linear_20260921,0.5,0-1,audit_and_lexicon.entities,43,dev,completed,public_release,tags_knowledge,common,0.5454545454545454
9,run_common_encoder.py,runs/full/kompetencer/tags_knowledge/esco-xlm-roberta-large/44/config.json,78bda7e94aa9da319923b16b5e303db49df64c202c69efcc25eff11ada2264c9,kompetencer,63121e046efa9d089bce38b31c5b7911b1573672,262,test,sentence,typed_exact_micro_f1,runs/full/kompetencer/tags_knowledge/esco-xlm-roberta-large/44/result.json,1f93716d27958e6592164f1e8d533844eaca2932d3a0bcbee123c7788c419685,jjzha/esco-xlm-roberta-large,8093cc37ac619a25c5166355acba7be878eb6402,New linear first-subword BIO head; not MaChAmp-CRF/NNOSE. IEEE 10-epoch dumps are historical_reference_only.,0.6666666666666666,runs/full/kompetencer/tags_knowledge/esco-xlm-roberta-large/44/test_predictions.jsonl,eaa3c6ac56982b411c279761888e45456b428320f71a57e7d95fe60de97ded1b,common_encoder_linear_20260921,0.6,0-1,audit_and_lexicon.entities,44,dev,completed,public_release,tags_knowledge,common,0.631578947368421
18,run_common_encoder.py,runs/full/gnehm/tags_skill/xlm-roberta-large/42/config.json,9761d4ec819bec2017b98158b13023961d945699b858c8bc2f72b4fe457b47b5,gnehm,12f90d1551d27f0a5cadf2c66d51160540956f89,2557,test,sentence,typed_exact_micro_f1,runs/full/gnehm/tags_skill/xlm-roberta-large/42/result.json,c709dacce5660d5974e290990673d5b6cbedb152b0b57720cfd6475b836df6fd,FacebookAI/xlm-roberta-large,c23d21b0620b635a76227c604d44e43a9f0ee389,New linear first-subword BIO head; not MaChAmp-CRF/NNOSE. IEEE 10-epoch dumps are historical_reference_only.,0.8919694072657743,runs/full/gnehm/tags_skill/xlm-roberta-large/42/test_predictions.jsonl,d9ff842feba4a9def4899361727dfa4164fb6dd4cb43b5c4d9c1a7feebc95031,common_encoder_linear_20260921,0.8919694072657743,0-1,audit_and_lexicon.entities,42,dev,completed,public_ict,tags_skill,common,0.8919694072657743
17,run_common_encoder.py,runs/full/gnehm/tags_skill/xlm-roberta-large/43/config.json,c4b9f595d42beca06b7fecbe4554cc5390268a0b9129f728a8ec30275f4d0982,gnehm,12f90d1551d27f0a5cadf2c66d51160540956f89,2557,test,sentence,typed_exact_micro_f1,runs/full/gnehm/tags_skill/xlm-roberta-large/43/result.json,ae44af44a5e37e6588815ed9e5624694ffb0c9967c73d1b0dd7c468a9be2960c,FacebookAI/xlm-roberta-large,c23d21b0620b635a76227c604d44e43a9f0ee389,New linear first-subword BIO head; not MaChAmp-CRF/NNOSE. IEEE 10-epoch dumps are historical_reference_only.,0.9011627906976745,runs/full/gnehm/tags_skill/xlm-roberta-large/43/test_predictions.jsonl,ff6b06bf885b502e0fd67a9fa9d156c2f19364124e2fecd12dacf12931ba560a,common_encoder_linear_20260921,0.8891013384321224,0-1,audit_and_lexicon.entities,43,dev,completed,public_ict,tags_skill,common,0.8950914340712224
8,run_common_encoder.py,runs/full/gnehm/tags_skill/xlm-roberta-large/44/config.json,9d2af607dc366c7935ec4bc46e9a23b37e25a63ef797d1bd68e10d99cc893684,gnehm,12f90d1551d27f0a5cadf2c66d51160540956f89,2557,test,sentence,typed_exact_micro_f1,runs/full/gnehm/tags_skill/xlm-roberta-large/44/result.json,dbcda055f5988cb5dd13d4466977c44492ebb45021b1e7237ad4e9a214b801a8,FacebookAI/xlm-roberta-large,c23d21b0620b635a76227c604d44e43a9f0ee389,New linear first-subword BIO head; not MaChAmp-CRF/NNOSE. IEEE 10-epoch dumps are historical_reference_only.,0.8937621832358674,runs/full/gnehm/tags_skill/xlm-roberta-large/44/test_predictions.jsonl,485487201a4b0db48676a970bf011241c438b959578c86298917c7cbc4b556d4,common_encoder_linear_20260921,0.8766730401529637,0-1,audit_and_lexicon.entities,44,dev,completed,public_ict,tags_skill,common,0.8851351351351351
2,run_common_encoder.py,runs/full/gnehm/tags_skill/esco-xlm-roberta-large/42/config.json,2a787e48a52c90f10dca80c67c6f1191524a496bc1563e7fce0f744423fc6834,gnehm,12f90d1551d27f0a5cadf2c66d51160540956f89,2557,test,sentence,typed_exact_micro_f1,runs/full/gnehm/tags_skill/esco-xlm-roberta-large/42/result.json,f93f0f040b98731d50cd550e7b94f96fdb0b17edd1b9e24c40a7b0f402ecd4ec,jjzha/esco-xlm-roberta-large,8093cc37ac619a25c5166355acba7be878eb6402,New linear first-subword BIO head; not MaChAmp-CRF/NNOSE. IEEE 10-epoch dumps are historical_reference_only.,0.8299904489016237,runs/full/gnehm/tags_skill/esco-xlm-roberta-large/42/test_predictions.jsonl,32a45c1ebce1f44f095425a86b51cf9509b0965add0b69f7b697e45e2db6c3bb,common_encoder_linear_20260921,0.8307839388145315,0-1,audit_and_lexicon.entities,42,dev,completed,public_ict,tags_skill,common,0.8303870043000477
14,run_common_encoder.py,runs/full/gnehm/tags_skill/esco-xlm-roberta-large/43/config.json,0de70b03de14db6bc6a4fc15150f1e42494fe09eebcf93629f6be6859f01a548,gnehm,12f90d1551d27f0a5cadf2c66d51160540956f89,2557,test,sentence,typed_exact_micro_f1,runs/full/gnehm/tags_skill/esco-xlm-roberta-large/43/result.json,67d725c2131856f1f59e0a8ca62cc5ede04ff6a69df1da40a77f430efb31f045,jjzha/esco-xlm-roberta-large,8093cc37ac619a25c5166355acba7be878eb6402,New linear first-subword BIO head; not MaChAmp-CRF/NNOSE. IEEE 10-epoch dumps are historical_reference_only.,0.8897485493230174,runs/full/gnehm/tags_skill/esco-xlm-roberta-large/43/test_predictions.jsonl,57853009e4e0cc95c6519fd01db337fba20c1acd1e5fca9b0b7e74808eff2185,common_encoder_linear_20260921,0.8795411089866156,0-1,audit_and_lexicon.entities,43,dev,completed,public_ict,tags_skill,common,0.8846153846153846
19,run_common_encoder.py,runs/full/gnehm/tags_skill/esco-xlm-roberta-large/44/config.json,d4732359ddbbdf4d2a9fae40132cf0d2f5fad81d06ffc647c9c89d33a6ddc498,gnehm,12f90d1551d27f0a5cadf2c66d51160540956f89,2557,test,sentence,typed_exact_micro_f1,runs/full/gnehm/tags_skill/esco-xlm-roberta-large/44/result.json,6b5908dcd28dd16edb613aed3eb38528ba34668cbba68aaecba363cd653af9a6,jjzha/esco-xlm-roberta-large,8093cc37ac619a25c5166355acba7be878eb6402,New linear first-subword BIO head; not MaChAmp-CRF/NNOSE. IEEE 10-epoch dumps are historical_reference_only.,0.8789868667917449,runs/full/gnehm/tags_skill/esco-xlm-roberta-large/44/test_predictions.jsonl,4e93d008327e08ba98b161020a21ae1db04c4e2c4331d3613d23c3cfc4fc2935,common_encoder_linear_20260921,0.8957934990439771,0-1,audit_and_lexicon.entities,44,dev,completed,public_ict,tags_skill,common,0.8873106060606061
11,run_common_encoder.py,runs/full/green/tags_skill/xlm-roberta-large/42/config.json,4fb6be624de67696711c623054ed17109b40b9cafc0bc7fa1ef277b98013a316,green,a3500da00e98b04ba7af65a230586f6432755bb7,335,test,sentence,typed_exact_micro_f1,runs/full/green/tags_skill/xlm-roberta-large/42/result.json,e6de84487417a656aed044c3a35c05bd920a5ebd6deba9bd9222b5a24264472b,FacebookAI/xlm-roberta-large,c23d21b0620b635a76227c604d44e43a9f0ee389,New linear first-subword BIO head; not MaChAmp-CRF/NNOSE. IEEE 10-epoch dumps are historical_reference_only.,0.5283251231527094,runs/full/green/tags_skill/xlm-roberta-large/42/test_predictions.jsonl,9917b536775921163a572a19270f299807d90a2bf8f41a5c12e800ae3bf3770a,common_encoder_linear_20260921,0.47613762486126526,0-1,audit_and_lexicon.entities,42,dev,completed,public_release,tags_skill,common,0.500875656742557
14,run_common_encoder.py,runs/full/green/tags_skill/xlm-roberta-large/43/config.json,0688c84aaed60a706738d190060bf7c183d5f1a3c22b5a573ab3290fb38d4afb,green,a3500da00e98b04ba7af65a230586f6432755bb7,335,test,sentence,typed_exact_micro_f1,runs/full/green/tags_skill/xlm-roberta-large/43/result.json,c078bc1ceb88111423bea6edba5f0491543e5e2527c76b5eca80ff45914fb1fa,FacebookAI/xlm-roberta-large,c23d21b0620b635a76227c604d44e43a9f0ee389,New linear first-subword BIO head; not MaChAmp-CRF/NNOSE. IEEE 10-epoch dumps are historical_reference_only.,0.5298804780876494,runs/full/green/tags_skill/xlm-roberta-large/43/test_predictions.jsonl,a36be596ed980f3a12063c123a77b448c16f5f18bff769ecf6ffa4aedc983087,common_encoder_linear_20260921,0.4428412874583796,0-1,audit_and_lexicon.entities,43,dev,completed,public_release,tags_skill,common,0.48246674727932287
7,run_common_encoder.py,runs/full/green/tags_skill/xlm-roberta-large/44/config.json,57bb7b3491ad1c7dd1867ae4aa06043744180d1a387c0b23cf5f3b60ddb1b8a4,green,a3500da00e98b04ba7af65a230586f6432755bb7,335,test,sentence,typed_exact_micro_f1,runs/full/green/tags_skill/xlm-roberta-large/44/result.json,8b984bc5b88eb1e3726e660de0c0fe49ee0763795ebff59faf8082c2d5b3cca3,FacebookAI/xlm-roberta-large,c23d21b0620b635a76227c604d44e43a9f0ee389,New linear first-subword BIO head; not MaChAmp-CRF/NNOSE. IEEE 10-epoch dumps are historical_reference_only.,0.541501976284585,runs/full/green/tags_skill/xlm-roberta-large/44/test_predictions.jsonl,a7c3007f8683d5abe548d5806ffff97f6fe6c49dfa2f05516ebf5146200a8086,common_encoder_linear_20260921,0.45615982241953384,0-1,audit_and_lexicon.entities,44,dev,completed,public_release,tags_skill,common,0.4951807228915663
8,run_common_encoder.py,runs/full/green/tags_skill/esco-xlm-roberta-large/42/config.json,086ea724e564928befb751ce5b88b2bb7a9d2cfebbb9fbd5eb170d980ecf7680,green,a3500da00e98b04ba7af65a230586f6432755bb7,335,test,sentence,typed_exact_micro_f1,runs/full/green/tags_skill/esco-xlm-roberta-large/42/result.json,c9731dcc2a4b1c647b6c06ffeb48d0b332f4e55dded13ca0d756d2f1a76fcd2a,jjzha/esco-xlm-roberta-large,8093cc37ac619a25c5166355acba7be878eb6402,New linear first-subword BIO head; not MaChAmp-CRF/NNOSE. IEEE 10-epoch dumps are historical_reference_only.,0.5247395833333334,runs/full/green/tags_skill/esco-xlm-roberta-large/42/test_predictions.jsonl,e33ab7a6d8e90225fc3ee5f61d42a152fe3b18e299f3c8b0ea8646439bb66a8d,common_encoder_linear_20260921,0.44728079911209767,0-1,audit_and_lexicon.entities,42,dev,completed,public_release,tags_skill,common,0.4829239065308568
9,run_common_encoder.py,runs/full/green/tags_skill/esco-xlm-roberta-large/43/config.json,8d92965399a98033abb97dd112842d763f62f5f9df2a586fad0bf5b0a718fdf5,green,a3500da00e98b04ba7af65a230586f6432755bb7,335,test,sentence,typed_exact_micro_f1,runs/full/green/tags_skill/esco-xlm-roberta-large/43/result.json,8c6473f57c5ba85981e4b7ef0753a52056e52984376827a92926883af950fbd9,jjzha/esco-xlm-roberta-large,8093cc37ac619a25c5166355acba7be878eb6402,New linear first-subword BIO head; not MaChAmp-CRF/NNOSE. IEEE 10-epoch dumps are historical_reference_only.,0.5428194993412385,runs/full/green/tags_skill/esco-xlm-roberta-large/43/test_predictions.jsonl,a8ee7e6c9c85ae2626b7ec33d4d1ba63c4e7f96f0e33bd61382fd453eca3a7e0,common_encoder_linear_20260921,0.4572697003329634,0-1,audit_and_lexicon.entities,43,dev,completed,public_release,tags_skill,common,0.4963855421686747
20,run_common_encoder.py,runs/full/green/tags_skill/esco-xlm-roberta-large/44/config.json,eee30b278500bade83a6ae8af622e2c8d56d7efba853df02daa041bb4a8fed86,green,a3500da00e98b04ba7af65a230586f6432755bb7,335,test,sentence,typed_exact_micro_f1,runs/full/green/tags_skill/esco-xlm-roberta-large/44/result.json,220867f87f17708d6b3a5b3ff495a8c833b9c640c6b4f4aeeb2ebbe475ddef60,jjzha/esco-xlm-roberta-large,8093cc37ac619a25c5166355acba7be878eb6402,New linear first-subword BIO head; not MaChAmp-CRF/NNOSE. IEEE 10-epoch dumps are historical_reference_only.,0.5399737876802096,runs/full/green/tags_skill/esco-xlm-roberta-large/44/test_predictions.jsonl,87c4677c9d64f46fd723761ba5b062aaf4cbb0ec554af311d095a0b54fb1fe55,common_encoder_linear_20260921,0.4572697003329634,0-1,audit_and_lexicon.entities,44,dev,completed,public_release,tags_skill,common,0.4951923076923077
17,run_common_encoder.py,runs/full/sayfullina/tags_skill/xlm-roberta-large/42/config.json,b9ef35e0ed6dfa61b7abc07b14f8e3f800e8eb6bb4b11f4f7af57ff7f4480cba,sayfullina,624b4f8ff58be7de4c5df1565b998cd8c8fd92f7,1851,test,sentence,typed_exact_micro_f1,runs/full/sayfullina/tags_skill/xlm-roberta-large/42/result.json,f372595f602756504122c302e001083f769ff60906901718494c2e9f545e20f3,FacebookAI/xlm-roberta-large,c23d21b0620b635a76227c604d44e43a9f0ee389,New linear first-subword BIO head; not MaChAmp-CRF/NNOSE. IEEE 10-epoch dumps are historical_reference_only.,0.9133689839572192,runs/full/sayfullina/tags_skill/xlm-roberta-large/42/test_predictions.jsonl,ecdefd82665e932d6e9bb543e9f8e8c9a115b14ff091c6c753f29ed2c1dec78b,common_encoder_linear_20260921,0.9197630586968228,0-1,audit_and_lexicon.entities,42,dev,completed,public_release,tags_skill,common,0.916554869868527
16,run_common_encoder.py,runs/full/sayfullina/tags_skill/xlm-roberta-large/43/config.json,4569234a579d52f0b04ecd3a93461b923e160480cc7b4a68caaedc4d167f0085,sayfullina,624b4f8ff58be7de4c5df1565b998cd8c8fd92f7,1851,test,sentence,typed_exact_micro_f1,runs/full/sayfullina/tags_skill/xlm-roberta-large/43/result.json,ea0db91ca4c5e693fa9d09f951adba1518c5c0b01f294483b611154b0f49eab0,FacebookAI/xlm-roberta-large,c23d21b0620b635a76227c604d44e43a9f0ee389,New linear first-subword BIO head; not MaChAmp-CRF/NNOSE. IEEE 10-epoch dumps are historical_reference_only.,0.9114997350291468,runs/full/sayfullina/tags_skill/xlm-roberta-large/43/test_predictions.jsonl,b9cdd61a27593d75fc2845b6138fa6623743ae9f70a04ae8012fd5668d0e5d8a,common_encoder_linear_20260921,0.9262250942380184,0-1,audit_and_lexicon.entities,43,dev,completed,public_release,tags_skill,common,0.9188034188034188
14,run_common_encoder.py,runs/full/sayfullina/tags_skill/xlm-roberta-large/44/config.json,4b38d5dcca525698cb79393fcb51c5020bb1b889a96c5d308ad5ac416359d532,sayfullina,624b4f8ff58be7de4c5df1565b998cd8c8fd92f7,1851,test,sentence,typed_exact_micro_f1,runs/full/sayfullina/tags_skill/xlm-roberta-large/44/result.json,779daed8bd4092a6c499cd5e70f3ebd2c3733797bcf6aa0dbf1bf245ba95c82d,FacebookAI/xlm-roberta-large,c23d21b0620b635a76227c604d44e43a9f0ee389,New linear first-subword BIO head; not MaChAmp-CRF/NNOSE. IEEE 10-epoch dumps are historical_reference_only.,0.9194236926360726,runs/full/sayfullina/tags_skill/xlm-roberta-large/44/test_predictions.jsonl,86f99eb459c4e979fa256cc39cfc29403359b1bd57d0137c9ac3774b0a0d8178,common_encoder_linear_20260921,0.9278406031233172,0-1,audit_and_lexicon.entities,44,dev,completed,public_release,tags_skill,common,0.9236129723934602
18,run_common_encoder.py,runs/full/sayfullina/tags_skill/esco-xlm-roberta-large/42/config.json,9ef2316e0f160d29f3cf6f02a495ad7f3600e53fa6859154abda5a1e0e010231,sayfullina,624b4f8ff58be7de4c5df1565b998cd8c8fd92f7,1851,test,sentence,typed_exact_micro_f1,runs/full/sayfullina/tags_skill/esco-xlm-roberta-large/42/result.json,0f9f1b11772bbeeb72b1d28269ae5d5fd94c0ff6ba3eed1676a9535c93c51862,jjzha/esco-xlm-roberta-large,8093cc37ac619a25c5166355acba7be878eb6402,New linear first-subword BIO head; not MaChAmp-CRF/NNOSE. IEEE 10-epoch dumps are historical_reference_only.,0.917558886509636,runs/full/sayfullina/tags_skill/esco-xlm-roberta-large/42/test_predictions.jsonl,371b26811e0704ca4345718432818749d9708455963f4b217a4e595d07755780,common_encoder_linear_20260921,0.9229940764674206,0-1,audit_and_lexicon.entities,42,dev,completed,public_release,tags_skill,common,0.9202684563758389
19,run_common_encoder.py,runs/full/sayfullina/tags_skill/esco-xlm-roberta-large/43/config.json,d96c9c7a27958ea84fa455f6d4d79d9c8170415ca23942dde2c508bd3b4c7675,sayfullina,624b4f8ff58be7de4c5df1565b998cd8c8fd92f7,1851,test,sentence,typed_exact_micro_f1,runs/full/sayfullina/tags_skill/esco-xlm-roberta-large/43/result.json,e2d0f0009a8cabc337d07d579a88afe22f32adf413ab5f1c578741840eb8efd5,jjzha/esco-xlm-roberta-large,8093cc37ac619a25c5166355acba7be878eb6402,New linear first-subword BIO head; not MaChAmp-CRF/NNOSE. IEEE 10-epoch dumps are historical_reference_only.,0.9234065345474023,runs/full/sayfullina/tags_skill/esco-xlm-roberta-large/43/test_predictions.jsonl,da5b50aae74ac43e4e51a26bdd560f007f8aa2af1fa799a5d18d5e9754284e3b,common_encoder_linear_20260921,0.9283791060850834,0-1,audit_and_lexicon.entities,43,dev,completed,public_release,tags_skill,common,0.9258861439312567
19,run_common_encoder.py,runs/full/sayfullina/tags_skill/esco-xlm-roberta-large/44/config.json,06a77e76ab8930e2f4a293ea3d1faaf1301b30c566df5aa52413ba7b5d19c309,sayfullina,624b4f8ff58be7de4c5df1565b998cd8c8fd92f7,1851,test,sentence,typed_exact_micro_f1,runs/full/sayfullina/tags_skill/esco-xlm-roberta-large/44/result.json,14edd3d067cb89b6253d2cd68b5eb8e885d6dc88f681f43539fa1af8bd731955,jjzha/esco-xlm-roberta-large,8093cc37ac619a25c5166355acba7be878eb6402,New linear first-subword BIO head; not MaChAmp-CRF/NNOSE. IEEE 10-epoch dumps are historical_reference_only.,0.9281115879828327,runs/full/sayfullina/tags_skill/esco-xlm-roberta-large/44/test_predictions.jsonl,e7b9a3e190cca73834a09ec5e725ae8b98ff06a495417566eedc2d7c2ba12805,common_encoder_linear_20260921,0.9316101238556812,0-1,audit_and_lexicon.entities,44,dev,completed,public_release,tags_skill,common,0.9298575651706531
12,run_common_encoder.py,runs/full/fijo/tags_skill/xlm-roberta-large/42/config.json,18fb3ecb81f414a6eb45e42026283c4fe85b7edf8743a6692d3c92c2347bfd97,fijo,e7d92822e240b2afabb106ab3972016e70e5a337,50,test,sentence,typed_exact_micro_f1,runs/full/fijo/tags_skill/xlm-roberta-large/42/result.json,2658978422608e413e9ef25d3b71eb317b54a64aa65b34cd5d059324fb0d0182,FacebookAI/xlm-roberta-large,c23d21b0620b635a76227c604d44e43a9f0ee389,New linear first-subword BIO head; not MaChAmp-CRF/NNOSE. IEEE 10-epoch dumps are historical_reference_only.,0.2712765957446808,runs/full/fijo/tags_skill/xlm-roberta-large/42/test_predictions.jsonl,478a2539a07367200587f1d834974a27898ed3d86e8dd26f43bc2f2fd6402829,common_encoder_linear_20260921,0.4146341463414634,0-1,audit_and_lexicon.entities,42,dev,completed,public_release,tags_skill,common,0.3279742765273312
11,run_common_encoder.py,runs/full/fijo/tags_skill/xlm-roberta-large/43/config.json,1a8a7e76d1e5cd3a773c2d3ebbbedaf924cbc45ec8289ac5cbc06be6ea6f15cc,fijo,e7d92822e240b2afabb106ab3972016e70e5a337,50,test,sentence,typed_exact_micro_f1,runs/full/fijo/tags_skill/xlm-roberta-large/43/result.json,662ae63523bbd743d5e656b2af282b3a0eb0ddbe54c2ebe58f109db82ecb2ae5,FacebookAI/xlm-roberta-large,c23d21b0620b635a76227c604d44e43a9f0ee389,New linear first-subword BIO head; not MaChAmp-CRF/NNOSE. IEEE 10-epoch dumps are historical_reference_only.,0.2833333333333333,runs/full/fijo/tags_skill/xlm-roberta-large/43/test_predictions.jsonl,2f1356c82ff8c179c009ca82f6db39166a8161ca200793f17d18ea764a758d35,common_encoder_linear_20260921,0.4146341463414634,0-1,audit_and_lexicon.entities,43,dev,completed,public_release,tags_skill,common,0.33663366336633666
14,run_common_encoder.py,runs/full/fijo/tags_skill/xlm-roberta-large/44/config.json,da1cc6c54f043a8a13256f5071970f17d84cc6405e0534a36f96eb63fe01daba,fijo,e7d92822e240b2afabb106ab3972016e70e5a337,50,test,sentence,typed_exact_micro_f1,runs/full/fijo/tags_skill/xlm-roberta-large/44/result.json,cee05c435f0031f819e69af392b20dd6941e36b41437d9c1cde45e692c1cbf88,FacebookAI/xlm-roberta-large,c23d21b0620b635a76227c604d44e43a9f0ee389,New linear first-subword BIO head; not MaChAmp-CRF/NNOSE. IEEE 10-epoch dumps are historical_reference_only.,0.30726256983240224,runs/full/fijo/tags_skill/xlm-roberta-large/44/test_predictions.jsonl,9b756b76fafd67cb5b0f906ea7b31da2a92f1d9774761902643443d3030f958f,common_encoder_linear_20260921,0.44715447154471544,0-1,audit_and_lexicon.entities,44,dev,completed,public_release,tags_skill,common,0.36423841059602646
13,run_common_encoder.py,runs/full/fijo/tags_skill/esco-xlm-roberta-large/42/config.json,f914d5ad16e2c24e8d5bed60ee85210e565af22e0c6707d9d0a511f52b222bab,fijo,e7d92822e240b2afabb106ab3972016e70e5a337,50,test,sentence,typed_exact_micro_f1,runs/full/fijo/tags_skill/esco-xlm-roberta-large/42/result.json,d538d3e9340474a2cb19a630a52a1152cfcfbb2549167d42b7d96001f37db725,jjzha/esco-xlm-roberta-large,8093cc37ac619a25c5166355acba7be878eb6402,New linear first-subword BIO head; not MaChAmp-CRF/NNOSE. IEEE 10-epoch dumps are historical_reference_only.,0.27932960893854747,runs/full/fijo/tags_skill/esco-xlm-roberta-large/42/test_predictions.jsonl,3ff8a711ec51d25691f4f4b7b24ac52b9c4348f3f6bb2a2a4811308c1f3df8d5,common_encoder_linear_20260921,0.4065040650406504,0-1,audit_and_lexicon.entities,42,dev,completed,public_release,tags_skill,common,0.33112582781456956
15,run_common_encoder.py,runs/full/fijo/tags_skill/esco-xlm-roberta-large/43/config.json,b741655da768d78486a1b04121c1d1d37bc18cccd03d0fb642707a54e2106de8,fijo,e7d92822e240b2afabb106ab3972016e70e5a337,50,test,sentence,typed_exact_micro_f1,runs/full/fijo/tags_skill/esco-xlm-roberta-large/43/result.json,cf6a22d22aa084154bad49881dcc093c709c59d5f31048daac922d6848e9acf9,jjzha/esco-xlm-roberta-large,8093cc37ac619a25c5166355acba7be878eb6402,New linear first-subword BIO head; not MaChAmp-CRF/NNOSE. IEEE 10-epoch dumps are historical_reference_only.,0.29651162790697677,runs/full/fijo/tags_skill/esco-xlm-roberta-large/43/test_predictions.jsonl,26495469fdd4be2ab4dd91746f43bff2a25c2db7786db6428e1c0351d8d83443,common_encoder_linear_20260921,0.4146341463414634,0-1,audit_and_lexicon.entities,43,dev,completed,public_release,tags_skill,common,0.34576271186440677
15,run_common_encoder.py,runs/full/fijo/tags_skill/esco-xlm-roberta-large/44/config.json,d10a78a7963cf3b33f8983948ff53ea2b0bea2444d540f2783dd802b74605c7c,fijo,e7d92822e240b2afabb106ab3972016e70e5a337,50,test,sentence,typed_exact_micro_f1,runs/full/fijo/tags_skill/esco-xlm-roberta-large/44/result.json,751309e45ac1b987880eaf89715deae48968de393decc405936099ea7f7be0f8,jjzha/esco-xlm-roberta-large,8093cc37ac619a25c5166355acba7be878eb6402,New linear first-subword BIO head; not MaChAmp-CRF/NNOSE. IEEE 10-epoch dumps are historical_reference_only.,0.3,runs/full/fijo/tags_skill/esco-xlm-roberta-large/44/test_predictions.jsonl,52d0ce4b9b29de73a6e3a383387d56b8fb89e0a0b3e13227daa8ea5b02d3796a,common_encoder_linear_20260921,0.3902439024390244,0-1,audit_and_lexicon.entities,44,dev,completed,public_release,tags_skill,common,0.3392226148409894
11,run_chinese_encoder.py,runs/chinese/full/xlm-roberta-large/42/config.json,6a2f542df07d658a6568cf18a2453cf04c78ff841094c8cc931d46ca68b6975a,cnss_lskt,frozen_b2_gold150_sha_in_receipt,150,gold150,record,typed_exact_micro_f1,runs/chinese/full/xlm-roberta-large/42/gold150_official.json,9c847442f4869bf482811ce2fc959f759884739d1c7625c62187c3273b545f05,FacebookAI/xlm-roberta-large,c23d21b0620b635a76227c604d44e43a9f0ee389,"Gold150 diagnostic human reference, not a fresh blind test. n=3 required for main table. Do not mix with JobBERT-zh CRF.",,runs/chinese/full/xlm-roberta-large/42/gold150_predictions.jsonl,4a676e9bcf518d67e44792d15990109b636dc81f0176f6502a713f86966095d0,chinese_lskt_linear_b2_20260921,,0-1,cnss-lskt-1.2.0,42,dev_b2,completed,gold150_human_reference,lskt_span,chinese,0.49957662997459773
11,run_chinese_encoder.py,runs/chinese/full/xlm-roberta-large/42/config.json,6a2f542df07d658a6568cf18a2453cf04c78ff841094c8cc931d46ca68b6975a,cnss_lskt,frozen_b2_gold150_sha_in_receipt,150,gold150,record,typed_relaxed_micro_f1,runs/chinese/full/xlm-roberta-large/42/gold150_official.json,9c847442f4869bf482811ce2fc959f759884739d1c7625c62187c3273b545f05,FacebookAI/xlm-roberta-large,c23d21b0620b635a76227c604d44e43a9f0ee389,"Gold150 diagnostic human reference, not a fresh blind test. n=3 required for main table. Do not mix with JobBERT-zh CRF.",,runs/chinese/full/xlm-roberta-large/42/gold150_predictions.jsonl,4a676e9bcf518d67e44792d15990109b636dc81f0176f6502a713f86966095d0,chinese_lskt_linear_b2_20260921,,0-1,cnss-lskt-1.2.0,42,dev_b2,completed,gold150_human_reference,lskt_span,chinese,0.6265876375952584
11,run_chinese_encoder.py,runs/chinese/full/xlm-roberta-large/42/config.json,6a2f542df07d658a6568cf18a2453cf04c78ff841094c8cc931d46ca68b6975a,cnss_lskt,frozen_b2_gold150_sha_in_receipt,150,gold150,record,collapsed_exact_boundary_f1,runs/chinese/full/xlm-roberta-large/42/gold150_official.json,9c847442f4869bf482811ce2fc959f759884739d1c7625c62187c3273b545f05,FacebookAI/xlm-roberta-large,c23d21b0620b635a76227c604d44e43a9f0ee389,"Gold150 diagnostic human reference, not a fresh blind test. n=3 required for main table. Do not mix with JobBERT-zh CRF.",,runs/chinese/full/xlm-roberta-large/42/gold150_predictions.jsonl,4a676e9bcf518d67e44792d15990109b636dc81f0176f6502a713f86966095d0,chinese_lskt_linear_b2_20260921,,0-1,cnss-lskt-1.2.0,42,dev_b2,completed,gold150_human_reference,lskt_span,chinese,0.5520745131244708
11,run_chinese_encoder.py,runs/chinese/full/xlm-roberta-large/42/config.json,6a2f542df07d658a6568cf18a2453cf04c78ff841094c8cc931d46ca68b6975a,cnss_lskt,frozen_b2_gold150_sha_in_receipt,150,gold150,record,macro_f1_LKST,runs/chinese/full/xlm-roberta-large/42/gold150_official.json,9c847442f4869bf482811ce2fc959f759884739d1c7625c62187c3273b545f05,FacebookAI/xlm-roberta-large,c23d21b0620b635a76227c604d44e43a9f0ee389,"Gold150 diagnostic human reference, not a fresh blind test. n=3 required for main table. Do not mix with JobBERT-zh CRF.",,runs/chinese/full/xlm-roberta-large/42/gold150_predictions.jsonl,4a676e9bcf518d67e44792d15990109b636dc81f0176f6502a713f86966095d0,chinese_lskt_linear_b2_20260921,,0-1,cnss-lskt-1.2.0,42,dev_b2,completed,gold150_human_reference,lskt_span,chinese,0.591162319850845
14,run_chinese_encoder.py,runs/chinese/full/xlm-roberta-large/43/config.json,0fcd43c21434487224046c65a4927a6d7b6f355872e55733f99872f0132f6a89,cnss_lskt,frozen_b2_gold150_sha_in_receipt,150,gold150,record,typed_exact_micro_f1,runs/chinese/full/xlm-roberta-large/43/gold150_official.json,856e3502536461889486f2f7725280ad90cb1b046b6bcc210359d4fef426ddf8,FacebookAI/xlm-roberta-large,c23d21b0620b635a76227c604d44e43a9f0ee389,"Gold150 diagnostic human reference, not a fresh blind test. n=3 required for main table. Do not mix with JobBERT-zh CRF.",,runs/chinese/full/xlm-roberta-large/43/gold150_predictions.jsonl,30e2ae5e3cd9eb30a46fd4320914276f3e40715c09fbb2bc9e5173698d6939a9,chinese_lskt_linear_b2_20260921,,0-1,cnss-lskt-1.2.0,43,dev_b2,completed,gold150_human_reference,lskt_span,chinese,0.5224489795918368
14,run_chinese_encoder.py,runs/chinese/full/xlm-roberta-large/43/config.json,0fcd43c21434487224046c65a4927a6d7b6f355872e55733f99872f0132f6a89,cnss_lskt,frozen_b2_gold150_sha_in_receipt,150,gold150,record,typed_relaxed_micro_f1,runs/chinese/full/xlm-roberta-large/43/gold150_official.json,856e3502536461889486f2f7725280ad90cb1b046b6bcc210359d4fef426ddf8,FacebookAI/xlm-roberta-large,c23d21b0620b635a76227c604d44e43a9f0ee389,"Gold150 diagnostic human reference, not a fresh blind test. n=3 required for main table. Do not mix with JobBERT-zh CRF.",,runs/chinese/full/xlm-roberta-large/43/gold150_predictions.jsonl,30e2ae5e3cd9eb30a46fd4320914276f3e40715c09fbb2bc9e5173698d6939a9,chinese_lskt_linear_b2_20260921,,0-1,cnss-lskt-1.2.0,43,dev_b2,completed,gold150_human_reference,lskt_span,chinese,0.6546938775510205
14,run_chinese_encoder.py,runs/chinese/full/xlm-roberta-large/43/config.json,0fcd43c21434487224046c65a4927a6d7b6f355872e55733f99872f0132f6a89,cnss_lskt,frozen_b2_gold150_sha_in_receipt,150,gold150,record,collapsed_exact_boundary_f1,runs/chinese/full/xlm-roberta-large/43/gold150_official.json,856e3502536461889486f2f7725280ad90cb1b046b6bcc210359d4fef426ddf8,FacebookAI/xlm-roberta-large,c23d21b0620b635a76227c604d44e43a9f0ee389,"Gold150 diagnostic human reference, not a fresh blind test. n=3 required for main table. Do not mix with JobBERT-zh CRF.",,runs/chinese/full/xlm-roberta-large/43/gold150_predictions.jsonl,30e2ae5e3cd9eb30a46fd4320914276f3e40715c09fbb2bc9e5173698d6939a9,chinese_lskt_linear_b2_20260921,,0-1,cnss-lskt-1.2.0,43,dev_b2,completed,gold150_human_reference,lskt_span,chinese,0.5665306122448979
14,run_chinese_encoder.py,runs/chinese/full/xlm-roberta-large/43/config.json,0fcd43c21434487224046c65a4927a6d7b6f355872e55733f99872f0132f6a89,cnss_lskt,frozen_b2_gold150_sha_in_receipt,150,gold150,record,macro_f1_LKST,runs/chinese/full/xlm-roberta-large/43/gold150_official.json,856e3502536461889486f2f7725280ad90cb1b046b6bcc210359d4fef426ddf8,FacebookAI/xlm-roberta-large,c23d21b0620b635a76227c604d44e43a9f0ee389,"Gold150 diagnostic human reference, not a fresh blind test. n=3 required for main table. Do not mix with JobBERT-zh CRF.",,runs/chinese/full/xlm-roberta-large/43/gold150_predictions.jsonl,30e2ae5e3cd9eb30a46fd4320914276f3e40715c09fbb2bc9e5173698d6939a9,chinese_lskt_linear_b2_20260921,,0-1,cnss-lskt-1.2.0,43,dev_b2,completed,gold150_human_reference,lskt_span,chinese,0.6070475605860114
14,run_chinese_encoder.py,runs/chinese/full/xlm-roberta-large/44/config.json,794b541715b9a4717855496a5ebfcd7a45b188dd0fc6e1f3624972e9b53d5689,cnss_lskt,frozen_b2_gold150_sha_in_receipt,150,gold150,record,typed_exact_micro_f1,runs/chinese/full/xlm-roberta-large/44/gold150_official.json,4e2cf7066dd71e545556d11687efcb30a3e85fe736a70c4f4a9648d0a1509acb,FacebookAI/xlm-roberta-large,c23d21b0620b635a76227c604d44e43a9f0ee389,"Gold150 diagnostic human reference, not a fresh blind test. n=3 required for main table. Do not mix with JobBERT-zh CRF.",,runs/chinese/full/xlm-roberta-large/44/gold150_predictions.jsonl,6174141656f1a55d8957bc4dd2b9113503421871dbb279c66423c68a89f89bfd,chinese_lskt_linear_b2_20260921,,0-1,cnss-lskt-1.2.0,44,dev_b2,completed,gold150_human_reference,lskt_span,chinese,0.5445705024311183
14,run_chinese_encoder.py,runs/chinese/full/xlm-roberta-large/44/config.json,794b541715b9a4717855496a5ebfcd7a45b188dd0fc6e1f3624972e9b53d5689,cnss_lskt,frozen_b2_gold150_sha_in_receipt,150,gold150,record,typed_relaxed_micro_f1,runs/chinese/full/xlm-roberta-large/44/gold150_official.json,4e2cf7066dd71e545556d11687efcb30a3e85fe736a70c4f4a9648d0a1509acb,FacebookAI/xlm-roberta-large,c23d21b0620b635a76227c604d44e43a9f0ee389,"Gold150 diagnostic human reference, not a fresh blind test. n=3 required for main table. Do not mix with JobBERT-zh CRF.",,runs/chinese/full/xlm-roberta-large/44/gold150_predictions.jsonl,6174141656f1a55d8957bc4dd2b9113503421871dbb279c66423c68a89f89bfd,chinese_lskt_linear_b2_20260921,,0-1,cnss-lskt-1.2.0,44,dev_b2,completed,gold150_human_reference,lskt_span,chinese,0.6677471636952999
14,run_chinese_encoder.py,runs/chinese/full/xlm-roberta-large/44/config.json,794b541715b9a4717855496a5ebfcd7a45b188dd0fc6e1f3624972e9b53d5689,cnss_lskt,frozen_b2_gold150_sha_in_receipt,150,gold150,record,collapsed_exact_boundary_f1,runs/chinese/full/xlm-roberta-large/44/gold150_official.json,4e2cf7066dd71e545556d11687efcb30a3e85fe736a70c4f4a9648d0a1509acb,FacebookAI/xlm-roberta-large,c23d21b0620b635a76227c604d44e43a9f0ee389,"Gold150 diagnostic human reference, not a fresh blind test. n=3 required for main table. Do not mix with JobBERT-zh CRF.",,runs/chinese/full/xlm-roberta-large/44/gold150_predictions.jsonl,6174141656f1a55d8957bc4dd2b9113503421871dbb279c66423c68a89f89bfd,chinese_lskt_linear_b2_20260921,,0-1,cnss-lskt-1.2.0,44,dev_b2,completed,gold150_human_reference,lskt_span,chinese,0.5948136142625607
14,run_chinese_encoder.py,runs/chinese/full/xlm-roberta-large/44/config.json,794b541715b9a4717855496a5ebfcd7a45b188dd0fc6e1f3624972e9b53d5689,cnss_lskt,frozen_b2_gold150_sha_in_receipt,150,gold150,record,macro_f1_LKST,runs/chinese/full/xlm-roberta-large/44/gold150_official.json,4e2cf7066dd71e545556d11687efcb30a3e85fe736a70c4f4a9648d0a1509acb,FacebookAI/xlm-roberta-large,c23d21b0620b635a76227c604d44e43a9f0ee389,"Gold150 diagnostic human reference, not a fresh blind test. n=3 required for main table. Do not mix with JobBERT-zh CRF.",,runs/chinese/full/xlm-roberta-large/44/gold150_predictions.jsonl,6174141656f1a55d8957bc4dd2b9113503421871dbb279c66423c68a89f89bfd,chinese_lskt_linear_b2_20260921,,0-1,cnss-lskt-1.2.0,44,dev_b2,completed,gold150_human_reference,lskt_span,chinese,0.6222907790244727
19,run_chinese_encoder.py,runs/chinese/full/esco-xlm-roberta-large/42/config.json,2b1b1eb378c6eb688ca0c10c418a600ae5042ae18d4b5a8c4fb671d3a0970265,cnss_lskt,frozen_b2_gold150_sha_in_receipt,150,gold150,record,typed_exact_micro_f1,runs/chinese/full/esco-xlm-roberta-large/42/gold150_official.json,de7cdc3c76f5780e11bf4702781a47d54a0ffc50831e6bfcea648473186a76ba,jjzha/esco-xlm-roberta-large,8093cc37ac619a25c5166355acba7be878eb6402,"Gold150 diagnostic human reference, not a fresh blind test. n=3 required for main table. Do not mix with JobBERT-zh CRF.",,runs/chinese/full/esco-xlm-roberta-large/42/gold150_predictions.jsonl,2accb721edde8f001a9bc2ee77dbe5d63dba074f6ec8b4922eb2f4bb012fa12a,chinese_lskt_linear_b2_20260921,,0-1,cnss-lskt-1.2.0,42,dev_b2,completed,gold150_human_reference,lskt_span,chinese,0.5160758450123661
19,run_chinese_encoder.py,runs/chinese/full/esco-xlm-roberta-large/42/config.json,2b1b1eb378c6eb688ca0c10c418a600ae5042ae18d4b5a8c4fb671d3a0970265,cnss_lskt,frozen_b2_gold150_sha_in_receipt,150,gold150,record,typed_relaxed_micro_f1,runs/chinese/full/esco-xlm-roberta-large/42/gold150_official.json,de7cdc3c76f5780e11bf4702781a47d54a0ffc50831e6bfcea648473186a76ba,jjzha/esco-xlm-roberta-large,8093cc37ac619a25c5166355acba7be878eb6402,"Gold150 diagnostic human reference, not a fresh blind test. n=3 required for main table. Do not mix with JobBERT-zh CRF.",,runs/chinese/full/esco-xlm-roberta-large/42/gold150_predictions.jsonl,2accb721edde8f001a9bc2ee77dbe5d63dba074f6ec8b4922eb2f4bb012fa12a,chinese_lskt_linear_b2_20260921,,0-1,cnss-lskt-1.2.0,42,dev_b2,completed,gold150_human_reference,lskt_span,chinese,0.6380873866446826
19,run_chinese_encoder.py,runs/chinese/full/esco-xlm-roberta-large/42/config.json,2b1b1eb378c6eb688ca0c10c418a600ae5042ae18d4b5a8c4fb671d3a0970265,cnss_lskt,frozen_b2_gold150_sha_in_receipt,150,gold150,record,collapsed_exact_boundary_f1,runs/chinese/full/esco-xlm-roberta-large/42/gold150_official.json,de7cdc3c76f5780e11bf4702781a47d54a0ffc50831e6bfcea648473186a76ba,jjzha/esco-xlm-roberta-large,8093cc37ac619a25c5166355acba7be878eb6402,"Gold150 diagnostic human reference, not a fresh blind test. n=3 required for main table. Do not mix with JobBERT-zh CRF.",,runs/chinese/full/esco-xlm-roberta-large/42/gold150_predictions.jsonl,2accb721edde8f001a9bc2ee77dbe5d63dba074f6ec8b4922eb2f4bb012fa12a,chinese_lskt_linear_b2_20260921,,0-1,cnss-lskt-1.2.0,42,dev_b2,completed,gold150_human_reference,lskt_span,chinese,0.560593569661995
19,run_chinese_encoder.py,runs/chinese/full/esco-xlm-roberta-large/42/config.json,2b1b1eb378c6eb688ca0c10c418a600ae5042ae18d4b5a8c4fb671d3a0970265,cnss_lskt,frozen_b2_gold150_sha_in_receipt,150,gold150,record,macro_f1_LKST,runs/chinese/full/esco-xlm-roberta-large/42/gold150_official.json,de7cdc3c76f5780e11bf4702781a47d54a0ffc50831e6bfcea648473186a76ba,jjzha/esco-xlm-roberta-large,8093cc37ac619a25c5166355acba7be878eb6402,"Gold150 diagnostic human reference, not a fresh blind test. n=3 required for main table. Do not mix with JobBERT-zh CRF.",,runs/chinese/full/esco-xlm-roberta-large/42/gold150_predictions.jsonl,2accb721edde8f001a9bc2ee77dbe5d63dba074f6ec8b4922eb2f4bb012fa12a,chinese_lskt_linear_b2_20260921,,0-1,cnss-lskt-1.2.0,42,dev_b2,completed,gold150_human_reference,lskt_span,chinese,0.6114547553353229
15,run_chinese_encoder.py,runs/chinese/full/esco-xlm-roberta-large/43/config.json,3129cafba2a95c91743b5f7f438bf097262f960f48be388d74e51cafc3d79aa1,cnss_lskt,frozen_b2_gold150_sha_in_receipt,150,gold150,record,typed_exact_micro_f1,runs/chinese/full/esco-xlm-roberta-large/43/gold150_official.json,0e798381836d9cbfb447856f5e080ec9da43dd9dcdde4333296166d5ea36a2b4,jjzha/esco-xlm-roberta-large,8093cc37ac619a25c5166355acba7be878eb6402,"Gold150 diagnostic human reference, not a fresh blind test. n=3 required for main table. Do not mix with JobBERT-zh CRF.",,runs/chinese/full/esco-xlm-roberta-large/43/gold150_predictions.jsonl,dc81fbdcf177c32e8ffe2ae38601deefdac5cd231ad29264a5e1853f79b0dcb0,chinese_lskt_linear_b2_20260921,,0-1,cnss-lskt-1.2.0,43,dev_b2,completed,gold150_human_reference,lskt_span,chinese,0.5401459854014599
15,run_chinese_encoder.py,runs/chinese/full/esco-xlm-roberta-large/43/config.json,3129cafba2a95c91743b5f7f438bf097262f960f48be388d74e51cafc3d79aa1,cnss_lskt,frozen_b2_gold150_sha_in_receipt,150,gold150,record,typed_relaxed_micro_f1,runs/chinese/full/esco-xlm-roberta-large/43/gold150_official.json,0e798381836d9cbfb447856f5e080ec9da43dd9dcdde4333296166d5ea36a2b4,jjzha/esco-xlm-roberta-large,8093cc37ac619a25c5166355acba7be878eb6402,"Gold150 diagnostic human reference, not a fresh blind test. n=3 required for main table. Do not mix with JobBERT-zh CRF.",,runs/chinese/full/esco-xlm-roberta-large/43/gold150_predictions.jsonl,dc81fbdcf177c32e8ffe2ae38601deefdac5cd231ad29264a5e1853f79b0dcb0,chinese_lskt_linear_b2_20260921,,0-1,cnss-lskt-1.2.0,43,dev_b2,completed,gold150_human_reference,lskt_span,chinese,0.6666666666666666
15,run_chinese_encoder.py,runs/chinese/full/esco-xlm-roberta-large/43/config.json,3129cafba2a95c91743b5f7f438bf097262f960f48be388d74e51cafc3d79aa1,cnss_lskt,frozen_b2_gold150_sha_in_receipt,150,gold150,record,collapsed_exact_boundary_f1,runs/chinese/full/esco-xlm-roberta-large/43/gold150_official.json,0e798381836d9cbfb447856f5e080ec9da43dd9dcdde4333296166d5ea36a2b4,jjzha/esco-xlm-roberta-large,8093cc37ac619a25c5166355acba7be878eb6402,"Gold150 diagnostic human reference, not a fresh blind test. n=3 required for main table. Do not mix with JobBERT-zh CRF.",,runs/chinese/full/esco-xlm-roberta-large/43/gold150_predictions.jsonl,dc81fbdcf177c32e8ffe2ae38601deefdac5cd231ad29264a5e1853f79b0dcb0,chinese_lskt_linear_b2_20260921,,0-1,cnss-lskt-1.2.0,43,dev_b2,completed,gold150_human_reference,lskt_span,chinese,0.5790754257907542
15,run_chinese_encoder.py,runs/chinese/full/esco-xlm-roberta-large/43/config.json,3129cafba2a95c91743b5f7f438bf097262f960f48be388d74e51cafc3d79aa1,cnss_lskt,frozen_b2_gold150_sha_in_receipt,150,gold150,record,macro_f1_LKST,runs/chinese/full/esco-xlm-roberta-large/43/gold150_official.json,0e798381836d9cbfb447856f5e080ec9da43dd9dcdde4333296166d5ea36a2b4,jjzha/esco-xlm-roberta-large,8093cc37ac619a25c5166355acba7be878eb6402,"Gold150 diagnostic human reference, not a fresh blind test. n=3 required for main table. Do not mix with JobBERT-zh CRF.",,runs/chinese/full/esco-xlm-roberta-large/43/gold150_predictions.jsonl,dc81fbdcf177c32e8ffe2ae38601deefdac5cd231ad29264a5e1853f79b0dcb0,chinese_lskt_linear_b2_20260921,,0-1,cnss-lskt-1.2.0,43,dev_b2,completed,gold150_human_reference,lskt_span,chinese,0.6217281251872676
10,run_chinese_encoder.py,runs/chinese/full/esco-xlm-roberta-large/44/config.json,dc432648c3fed8e571c0e5727e06855d35d5e4bd91e25e6e07a5721160cde4bb,cnss_lskt,frozen_b2_gold150_sha_in_receipt,150,gold150,record,typed_exact_micro_f1,runs/chinese/full/esco-xlm-roberta-large/44/gold150_official.json,e3df1a271a1207e9c7f1351b458389d01e10a93764dc8d9e1d2ae722194f43ea,jjzha/esco-xlm-roberta-large,8093cc37ac619a25c5166355acba7be878eb6402,"Gold150 diagnostic human reference, not a fresh blind test. n=3 required for main table. Do not mix with JobBERT-zh CRF.",,runs/chinese/full/esco-xlm-roberta-large/44/gold150_predictions.jsonl,906c7a79a614afcff010b1a09518185c3827e32c556a8bca258d5b83a7c6606d,chinese_lskt_linear_b2_20260921,,0-1,cnss-lskt-1.2.0,44,dev_b2,completed,gold150_human_reference,lskt_span,chinese,0.5576763485477179
10,run_chinese_encoder.py,runs/chinese/full/esco-xlm-roberta-large/44/config.json,dc432648c3fed8e571c0e5727e06855d35d5e4bd91e25e6e07a5721160cde4bb,cnss_lskt,frozen_b2_gold150_sha_in_receipt,150,gold150,record,typed_relaxed_micro_f1,runs/chinese/full/esco-xlm-roberta-large/44/gold150_official.json,e3df1a271a1207e9c7f1351b458389d01e10a93764dc8d9e1d2ae722194f43ea,jjzha/esco-xlm-roberta-large,8093cc37ac619a25c5166355acba7be878eb6402,"Gold150 diagnostic human reference, not a fresh blind test. n=3 required for main table. Do not mix with JobBERT-zh CRF.",,runs/chinese/full/esco-xlm-roberta-large/44/gold150_predictions.jsonl,906c7a79a614afcff010b1a09518185c3827e32c556a8bca258d5b83a7c6606d,chinese_lskt_linear_b2_20260921,,0-1,cnss-lskt-1.2.0,44,dev_b2,completed,gold150_human_reference,lskt_span,chinese,0.6804979253112033
10,run_chinese_encoder.py,runs/chinese/full/esco-xlm-roberta-large/44/config.json,dc432648c3fed8e571c0e5727e06855d35d5e4bd91e25e6e07a5721160cde4bb,cnss_lskt,frozen_b2_gold150_sha_in_receipt,150,gold150,record,collapsed_exact_boundary_f1,runs/chinese/full/esco-xlm-roberta-large/44/gold150_official.json,e3df1a271a1207e9c7f1351b458389d01e10a93764dc8d9e1d2ae722194f43ea,jjzha/esco-xlm-roberta-large,8093cc37ac619a25c5166355acba7be878eb6402,"Gold150 diagnostic human reference, not a fresh blind test. n=3 required for main table. Do not mix with JobBERT-zh CRF.",,runs/chinese/full/esco-xlm-roberta-large/44/gold150_predictions.jsonl,906c7a79a614afcff010b1a09518185c3827e32c556a8bca258d5b83a7c6606d,chinese_lskt_linear_b2_20260921,,0-1,cnss-lskt-1.2.0,44,dev_b2,completed,gold150_human_reference,lskt_span,chinese,0.6074688796680499
10,run_chinese_encoder.py,runs/chinese/full/esco-xlm-roberta-large/44/config.json,dc432648c3fed8e571c0e5727e06855d35d5e4bd91e25e6e07a5721160cde4bb,cnss_lskt,frozen_b2_gold150_sha_in_receipt,150,gold150,record,macro_f1_LKST,runs/chinese/full/esco-xlm-roberta-large/44/gold150_official.json,e3df1a271a1207e9c7f1351b458389d01e10a93764dc8d9e1d2ae722194f43ea,jjzha/esco-xlm-roberta-large,8093cc37ac619a25c5166355acba7be878eb6402,"Gold150 diagnostic human reference, not a fresh blind test. n=3 required for main table. Do not mix with JobBERT-zh CRF.",,runs/chinese/full/esco-xlm-roberta-large/44/gold150_predictions.jsonl,906c7a79a614afcff010b1a09518185c3827e32c556a8bca258d5b83a7c6606d,chinese_lskt_linear_b2_20260921,,0-1,cnss-lskt-1.2.0,44,dev_b2,completed,gold150_human_reference,lskt_span,chinese,0.6314138582202811
19,,,,skillspan,,3570,test,sentence,span_f1_pooled_house_tech,runs/native/skillspan/bert/knowledge/3477689/result.json,7d64b51fb40c31f700f7990e9fdfebd371f2c85add722aa37152c1b85a4dff08,bert,,"MaChAmp seq_bio CRF; public HOUSE+TECH only; not BIG; not common linear-head protocol. Rescored 2026-09-22: predict files keep token/skill/knowledge columns; task tags are column 1 (skills) or 2 (knowledge), not the last column. machamp_eval is MaChAmp's per-site span_f1 on the same predictions.",,,,native_skillspan_machamp_20ep_20260922,,0-1,,3477689,dev,completed,public_house_tech,knowledge,native,0.639871382636656
20,,,,skillspan,,3570,test,sentence,span_f1_pooled_house_tech,runs/native/skillspan/bert/knowledge/4213916/result.json,0a9cebe3acf1a0cb3f19637ac60e69f0833d9d8cede89ebebda9be1786c6b764,bert,,"MaChAmp seq_bio CRF; public HOUSE+TECH only; not BIG; not common linear-head protocol. Rescored 2026-09-22: predict files keep token/skill/knowledge columns; task tags are column 1 (skills) or 2 (knowledge), not the last column. machamp_eval is MaChAmp's per-site span_f1 on the same predictions.",,,,native_skillspan_machamp_20ep_20260922,,0-1,,4213916,dev,completed,public_house_tech,knowledge,native,0.644515612489992
11,,,,skillspan,,3570,test,sentence,span_f1_pooled_house_tech,runs/native/skillspan/bert/knowledge/6828303/result.json,982b525b08eece380a81fcd0f9e4d711cef185178e08da9179ba079b408b5195,bert,,"MaChAmp seq_bio CRF; public HOUSE+TECH only; not BIG; not common linear-head protocol. Rescored 2026-09-22: predict files keep token/skill/knowledge columns; task tags are column 1 (skills) or 2 (knowledge), not the last column. machamp_eval is MaChAmp's per-site span_f1 on the same predictions.",,,,native_skillspan_machamp_20ep_20260922,,0-1,,6828303,dev,completed,public_house_tech,knowledge,native,0.6342412451361867
15,,,,skillspan,,3570,test,sentence,span_f1_pooled_house_tech,runs/native/skillspan/bert/knowledge/8749520/result.json,6d4551826aa88fd5cb15f59a20965c34f8a2a3bcf1aee07cfad5b7f94783b030,bert,,"MaChAmp seq_bio CRF; public HOUSE+TECH only; not BIG; not common linear-head protocol. Rescored 2026-09-22: predict files keep token/skill/knowledge columns; task tags are column 1 (skills) or 2 (knowledge), not the last column. machamp_eval is MaChAmp's per-site span_f1 on the same predictions.",,,,native_skillspan_machamp_20ep_20260922,,0-1,,8749520,dev,completed,public_house_tech,knowledge,native,0.6421052631578947
20,,,,skillspan,,3570,test,sentence,span_f1_pooled_house_tech,runs/native/skillspan/bert/knowledge/9364029/result.json,afed14259da17cb7244089d200a01766ec4254a82c8dc0d970dc715f4eab3723,bert,,"MaChAmp seq_bio CRF; public HOUSE+TECH only; not BIG; not common linear-head protocol. Rescored 2026-09-22: predict files keep token/skill/knowledge columns; task tags are column 1 (skills) or 2 (knowledge), not the last column. machamp_eval is MaChAmp's per-site span_f1 on the same predictions.",,,,native_skillspan_machamp_20ep_20260922,,0-1,,9364029,dev,completed,public_house_tech,knowledge,native,0.6347447566284131
20,,,,skillspan,,3570,test,sentence,span_f1_pooled_house_tech,runs/native/skillspan/bert/skills/3477689/result.json,1d215c5351f9955ab01a8f84def6bc059df060a44f1af2f6eeedd13605a13281,bert,,"MaChAmp seq_bio CRF; public HOUSE+TECH only; not BIG; not common linear-head protocol. Rescored 2026-09-22: predict files keep token/skill/knowledge columns; task tags are column 1 (skills) or 2 (knowledge), not the last column. machamp_eval is MaChAmp's per-site span_f1 on the same predictions.",,,,native_skillspan_machamp_20ep_20260922,,0-1,,3477689,dev,completed,public_house_tech,skills,native,0.49382716049382713
10,,,,skillspan,,3570,test,sentence,span_f1_pooled_house_tech,runs/native/skillspan/bert/skills/4213916/result.json,984d186d37e0936b071f48dbce3ca8389d39962d843a8e39f42dc940da06185d,bert,,"MaChAmp seq_bio CRF; public HOUSE+TECH only; not BIG; not common linear-head protocol. Rescored 2026-09-22: predict files keep token/skill/knowledge columns; task tags are column 1 (skills) or 2 (knowledge), not the last column. machamp_eval is MaChAmp's per-site span_f1 on the same predictions.",,,,native_skillspan_machamp_20ep_20260922,,0-1,,4213916,dev,completed,public_house_tech,skills,native,0.4777624942686841
14,,,,skillspan,,3570,test,sentence,span_f1_pooled_house_tech,runs/native/skillspan/bert/skills/6828303/result.json,2ed4fa576e478609ecfd6b1183279d8cffa9579d1f7b9f10fb59bc22f18c1705,bert,,"MaChAmp seq_bio CRF; public HOUSE+TECH only; not BIG; not common linear-head protocol. Rescored 2026-09-22: predict files keep token/skill/knowledge columns; task tags are column 1 (skills) or 2 (knowledge), not the last column. machamp_eval is MaChAmp's per-site span_f1 on the same predictions.",,,,native_skillspan_machamp_20ep_20260922,,0-1,,6828303,dev,completed,public_house_tech,skills,native,0.506137865911237
18,,,,skillspan,,3570,test,sentence,span_f1_pooled_house_tech,runs/native/skillspan/bert/skills/8749520/result.json,c150239575984df90d35569a31a3ec7fe26ad399b65f015d2c3086425bdd5456,bert,,"MaChAmp seq_bio CRF; public HOUSE+TECH only; not BIG; not common linear-head protocol. Rescored 2026-09-22: predict files keep token/skill/knowledge columns; task tags are column 1 (skills) or 2 (knowledge), not the last column. machamp_eval is MaChAmp's per-site span_f1 on the same predictions.",,,,native_skillspan_machamp_20ep_20260922,,0-1,,8749520,dev,completed,public_house_tech,skills,native,0.4973797046212482
18,,,,skillspan,,3570,test,sentence,span_f1_pooled_house_tech,runs/native/skillspan/bert/skills/9364029/result.json,8cbb1d6b94fbb67413619218c0cc50e7c4f172bda566c4c0afa97bd40f0b4d77,bert,,"MaChAmp seq_bio CRF; public HOUSE+TECH only; not BIG; not common linear-head protocol. Rescored 2026-09-22: predict files keep token/skill/knowledge columns; task tags are column 1 (skills) or 2 (knowledge), not the last column. machamp_eval is MaChAmp's per-site span_f1 on the same predictions.",,,,native_skillspan_machamp_20ep_20260922,,0-1,,9364029,dev,completed,public_house_tech,skills,native,0.49952874646559847
14,,,,skillspan,,3570,test,sentence,span_f1_pooled_house_tech,runs/native/skillspan/jobbert/knowledge/3477689/result.json,15348365f789ee97f9af734caca9d100acd2b36bd86672a4c7aa97c8b977907b,jobbert,,"MaChAmp seq_bio CRF; public HOUSE+TECH only; not BIG; not common linear-head protocol. Rescored 2026-09-22: predict files keep token/skill/knowledge columns; task tags are column 1 (skills) or 2 (knowledge), not the last column. machamp_eval is MaChAmp's per-site span_f1 on the same predictions.",,,,native_skillspan_machamp_20ep_20260922,,0-1,,3477689,dev,completed,public_house_tech,knowledge,native,0.6577603143418468
19,,,,skillspan,,3570,test,sentence,span_f1_pooled_house_tech,runs/native/skillspan/jobbert/knowledge/4213916/result.json,9ef8fe1c6c8c2498e0bab9a290642abea33bb8c52d31756d4f3c4254e4866a48,jobbert,,"MaChAmp seq_bio CRF; public HOUSE+TECH only; not BIG; not common linear-head protocol. Rescored 2026-09-22: predict files keep token/skill/knowledge columns; task tags are column 1 (skills) or 2 (knowledge), not the last column. machamp_eval is MaChAmp's per-site span_f1 on the same predictions.",,,,native_skillspan_machamp_20ep_20260922,,0-1,,4213916,dev,completed,public_house_tech,knowledge,native,0.6573998364677024
19,,,,skillspan,,3570,test,sentence,span_f1_pooled_house_tech,runs/native/skillspan/jobbert/knowledge/6828303/result.json,f2d1906836ae9f84767888d610d5f8d12bbddb78a25804de19e00147f1d6178f,jobbert,,"MaChAmp seq_bio CRF; public HOUSE+TECH only; not BIG; not common linear-head protocol. Rescored 2026-09-22: predict files keep token/skill/knowledge columns; task tags are column 1 (skills) or 2 (knowledge), not the last column. machamp_eval is MaChAmp's per-site span_f1 on the same predictions.",,,,native_skillspan_machamp_20ep_20260922,,0-1,,6828303,dev,completed,public_house_tech,knowledge,native,0.6508125247720967
20,,,,skillspan,,3570,test,sentence,span_f1_pooled_house_tech,runs/native/skillspan/jobbert/knowledge/8749520/result.json,a7f288a49bf2bfb1857895e6cec396515421f296ed477c8bb131431feb3cd297,jobbert,,"MaChAmp seq_bio CRF; public HOUSE+TECH only; not BIG; not common linear-head protocol. Rescored 2026-09-22: predict files keep token/skill/knowledge columns; task tags are column 1 (skills) or 2 (knowledge), not the last column. machamp_eval is MaChAmp's per-site span_f1 on the same predictions.",,,,native_skillspan_machamp_20ep_20260922,,0-1,,8749520,dev,completed,public_house_tech,knowledge,native,0.6540284360189573
15,,,,skillspan,,3570,test,sentence,span_f1_pooled_house_tech,runs/native/skillspan/jobbert/knowledge/9364029/result.json,97db3700dc2fbd9095c622cf06cdfeceb3d98dfb8280ffdb451dd5f7021a62c0,jobbert,,"MaChAmp seq_bio CRF; public HOUSE+TECH only; not BIG; not common linear-head protocol. Rescored 2026-09-22: predict files keep token/skill/knowledge columns; task tags are column 1 (skills) or 2 (knowledge), not the last column. machamp_eval is MaChAmp's per-site span_f1 on the same predictions.",,,,native_skillspan_machamp_20ep_20260922,,0-1,,9364029,dev,completed,public_house_tech,knowledge,native,0.650649862150453
15,,,,skillspan,,3570,test,sentence,span_f1_pooled_house_tech,runs/native/skillspan/jobbert/skills/3477689/result.json,0d52e2d8abca89711237be62b859e687f027f64c03a5ecb0f6dd0eef3362a4e3,jobbert,,"MaChAmp seq_bio CRF; public HOUSE+TECH only; not BIG; not common linear-head protocol. Rescored 2026-09-22: predict files keep token/skill/knowledge columns; task tags are column 1 (skills) or 2 (knowledge), not the last column. machamp_eval is MaChAmp's per-site span_f1 on the same predictions.",,,,native_skillspan_machamp_20ep_20260922,,0-1,,3477689,dev,completed,public_house_tech,skills,native,0.5222634508348795
19,,,,skillspan,,3570,test,sentence,span_f1_pooled_house_tech,runs/native/skillspan/jobbert/skills/4213916/result.json,709a8fe81ffbf342fb5bcc937b65ec65165b27c8e5017ebcc72c445dbfb3f1cc,jobbert,,"MaChAmp seq_bio CRF; public HOUSE+TECH only; not BIG; not common linear-head protocol. Rescored 2026-09-22: predict files keep token/skill/knowledge columns; task tags are column 1 (skills) or 2 (knowledge), not the last column. machamp_eval is MaChAmp's per-site span_f1 on the same predictions.",,,,native_skillspan_machamp_20ep_20260922,,0-1,,4213916,dev,completed,public_house_tech,skills,native,0.5330254041570439
10,,,,skillspan,,3570,test,sentence,span_f1_pooled_house_tech,runs/native/skillspan/jobbert/skills/6828303/result.json,d023b95848f211440c50878ef8cbaf21e7e25a0d32ac9d51adc5bf55cab1a16d,jobbert,,"MaChAmp seq_bio CRF; public HOUSE+TECH only; not BIG; not common linear-head protocol. Rescored 2026-09-22: predict files keep token/skill/knowledge columns; task tags are column 1 (skills) or 2 (knowledge), not the last column. machamp_eval is MaChAmp's per-site span_f1 on the same predictions.",,,,native_skillspan_machamp_20ep_20260922,,0-1,,6828303,dev,completed,public_house_tech,skills,native,0.5144508670520231
12,,,,skillspan,,3570,test,sentence,span_f1_pooled_house_tech,runs/native/skillspan/jobbert/skills/8749520/result.json,7083f33f9968125645ec4c11c0f46bac6c50075974bd633d057f252a9b1d9687,jobbert,,"MaChAmp seq_bio CRF; public HOUSE+TECH only; not BIG; not common linear-head protocol. Rescored 2026-09-22: predict files keep token/skill/knowledge columns; task tags are column 1 (skills) or 2 (knowledge), not the last column. machamp_eval is MaChAmp's per-site span_f1 on the same predictions.",,,,native_skillspan_machamp_20ep_20260922,,0-1,,8749520,dev,completed,public_house_tech,skills,native,0.5234264079507809
20,,,,skillspan,,3570,test,sentence,span_f1_pooled_house_tech,runs/native/skillspan/jobbert/skills/9364029/result.json,8499c60828d5ed28bd9c38e4b14c873fd04302b53e4ef501ddcddb121e1d7292,jobbert,,"MaChAmp seq_bio CRF; public HOUSE+TECH only; not BIG; not common linear-head protocol. Rescored 2026-09-22: predict files keep token/skill/knowledge columns; task tags are column 1 (skills) or 2 (knowledge), not the last column. machamp_eval is MaChAmp's per-site span_f1 on the same predictions.",,,,native_skillspan_machamp_20ep_20260922,,0-1,,9364029,dev,completed,public_house_tech,skills,native,0.5326540064844836
15,,,,skillspan,,3570,test,sentence,span_f1_pooled_house_tech,runs/native/skillspan/jobspanbert/knowledge/3477689/result.json,110d9e878d4d9b90a0d31d005c99126c8446f5bbc87d8c1fb123692080413bd2,jobspanbert,,"MaChAmp seq_bio CRF; public HOUSE+TECH only; not BIG; not common linear-head protocol. Rescored 2026-09-22: predict files keep token/skill/knowledge columns; task tags are column 1 (skills) or 2 (knowledge), not the last column. machamp_eval is MaChAmp's per-site span_f1 on the same predictions.",,,,native_skillspan_machamp_20ep_20260922,,0-1,,3477689,dev,completed,public_house_tech,knowledge,native,0.6185819070904646
12,,,,skillspan,,3570,test,sentence,span_f1_pooled_house_tech,runs/native/skillspan/jobspanbert/knowledge/4213916/result.json,62fe94e118ada68d5404ae369715179a7cd5b4705c01bfc632a87de51443f65a,jobspanbert,,"MaChAmp seq_bio CRF; public HOUSE+TECH only; not BIG; not common linear-head protocol. Rescored 2026-09-22: predict files keep token/skill/knowledge columns; task tags are column 1 (skills) or 2 (knowledge), not the last column. machamp_eval is MaChAmp's per-site span_f1 on the same predictions.",,,,native_skillspan_machamp_20ep_20260922,,0-1,,4213916,dev,completed,public_house_tech,knowledge,native,0.6294754371357202
20,,,,skillspan,,3570,test,sentence,span_f1_pooled_house_tech,runs/native/skillspan/jobspanbert/knowledge/6828303/result.json,095c3152606cf8e676a0dddee1af8de4caeef3d8e76f42bedc4ef83c5dbe8bb3,jobspanbert,,"MaChAmp seq_bio CRF; public HOUSE+TECH only; not BIG; not common linear-head protocol. Rescored 2026-09-22: predict files keep token/skill/knowledge columns; task tags are column 1 (skills) or 2 (knowledge), not the last column. machamp_eval is MaChAmp's per-site span_f1 on the same predictions.",,,,native_skillspan_machamp_20ep_20260922,,0-1,,6828303,dev,completed,public_house_tech,knowledge,native,0.6388888888888888
17,,,,skillspan,,3570,test,sentence,span_f1_pooled_house_tech,runs/native/skillspan/jobspanbert/knowledge/8749520/result.json,46f50ea8990e495406ddf747bfe9f93e22e420358be6fe3a8c9f32c68c58c31a,jobspanbert,,"MaChAmp seq_bio CRF; public HOUSE+TECH only; not BIG; not common linear-head protocol. Rescored 2026-09-22: predict files keep token/skill/knowledge columns; task tags are column 1 (skills) or 2 (knowledge), not the last column. machamp_eval is MaChAmp's per-site span_f1 on the same predictions.",,,,native_skillspan_machamp_20ep_20260922,,0-1,,8749520,dev,completed,public_house_tech,knowledge,native,0.6288100208768267
20,,,,skillspan,,3570,test,sentence,span_f1_pooled_house_tech,runs/native/skillspan/jobspanbert/knowledge/9364029/result.json,a4da91966a8bbffdf964918e624a8d265e3ff31ea08338c0bd31c698a26771e1,jobspanbert,,"MaChAmp seq_bio CRF; public HOUSE+TECH only; not BIG; not common linear-head protocol. Rescored 2026-09-22: predict files keep token/skill/knowledge columns; task tags are column 1 (skills) or 2 (knowledge), not the last column. machamp_eval is MaChAmp's per-site span_f1 on the same predictions.",,,,native_skillspan_machamp_20ep_20260922,,0-1,,9364029,dev,completed,public_house_tech,knowledge,native,0.6224489795918368
20,,,,skillspan,,3570,test,sentence,span_f1_pooled_house_tech,runs/native/skillspan/jobspanbert/skills/3477689/result.json,f0e532030237bbb6ab4dcdd4be8c063e7bff921d9bf07ead4f1821920b74a3ff,jobspanbert,,"MaChAmp seq_bio CRF; public HOUSE+TECH only; not BIG; not common linear-head protocol. Rescored 2026-09-22: predict files keep token/skill/knowledge columns; task tags are column 1 (skills) or 2 (knowledge), not the last column. machamp_eval is MaChAmp's per-site span_f1 on the same predictions.",,,,native_skillspan_machamp_20ep_20260922,,0-1,,3477689,dev,completed,public_house_tech,skills,native,0.5158371040723982
16,,,,skillspan,,3570,test,sentence,span_f1_pooled_house_tech,runs/native/skillspan/jobspanbert/skills/4213916/result.json,c461b00edb286decf23729e54ea7c877b21823aad9bfc3cb406554ee84a0e774,jobspanbert,,"MaChAmp seq_bio CRF; public HOUSE+TECH only; not BIG; not common linear-head protocol. Rescored 2026-09-22: predict files keep token/skill/knowledge columns; task tags are column 1 (skills) or 2 (knowledge), not the last column. machamp_eval is MaChAmp's per-site span_f1 on the same predictions.",,,,native_skillspan_machamp_20ep_20260922,,0-1,,4213916,dev,completed,public_house_tech,skills,native,0.5125815470643057
19,,,,skillspan,,3570,test,sentence,span_f1_pooled_house_tech,runs/native/skillspan/jobspanbert/skills/6828303/result.json,e73c57a3cfdee0bd283084f82a23f2919183fbeccc905b14aaeebe6babf7eebc,jobspanbert,,"MaChAmp seq_bio CRF; public HOUSE+TECH only; not BIG; not common linear-head protocol. Rescored 2026-09-22: predict files keep token/skill/knowledge columns; task tags are column 1 (skills) or 2 (knowledge), not the last column. machamp_eval is MaChAmp's per-site span_f1 on the same predictions.",,,,native_skillspan_machamp_20ep_20260922,,0-1,,6828303,dev,completed,public_house_tech,skills,native,0.5306513409961686
19,,,,skillspan,,3570,test,sentence,span_f1_pooled_house_tech,runs/native/skillspan/jobspanbert/skills/8749520/result.json,94678854a40ee5e4877f1329bd8609321d8af688f0d3ea085a7affa3de779349,jobspanbert,,"MaChAmp seq_bio CRF; public HOUSE+TECH only; not BIG; not common linear-head protocol. Rescored 2026-09-22: predict files keep token/skill/knowledge columns; task tags are column 1 (skills) or 2 (knowledge), not the last column. machamp_eval is MaChAmp's per-site span_f1 on the same predictions.",,,,native_skillspan_machamp_20ep_20260922,,0-1,,8749520,dev,completed,public_house_tech,skills,native,0.5273722627737226
20,,,,skillspan,,3570,test,sentence,span_f1_pooled_house_tech,runs/native/skillspan/jobspanbert/skills/9364029/result.json,5a6e15548207f0eed3eeeddbfba7a55c11fb316b7a5d03d681a1f497ef3fc8f3,jobspanbert,,"MaChAmp seq_bio CRF; public HOUSE+TECH only; not BIG; not common linear-head protocol. Rescored 2026-09-22: predict files keep token/skill/knowledge columns; task tags are column 1 (skills) or 2 (knowledge), not the last column. machamp_eval is MaChAmp's per-site span_f1 on the same predictions.",,,,native_skillspan_machamp_20ep_20260922,,0-1,,9364029,dev,completed,public_house_tech,skills,native,0.5242270419935394
19,,,,skillspan,,3570,test,sentence,span_f1_pooled_house_tech,runs/native/skillspan/spanbert/knowledge/3477689/result.json,a866351582c61b7727b720a39a5ae5c6a999a9b82dadcc6d30ac4b04255695d7,spanbert,,"MaChAmp seq_bio CRF; public HOUSE+TECH only; not BIG; not common linear-head protocol. Rescored 2026-09-22: predict files keep token/skill/knowledge columns; task tags are column 1 (skills) or 2 (knowledge), not the last column. machamp_eval is MaChAmp's per-site span_f1 on the same predictions.",,,,native_skillspan_machamp_20ep_20260922,,0-1,,3477689,dev,completed,public_house_tech,knowledge,native,0.6213432220848785
20,,,,skillspan,,3570,test,sentence,span_f1_pooled_house_tech,runs/native/skillspan/spanbert/knowledge/4213916/result.json,881b82f2ad5a0a31ca61ec95062746cc0c08962c9855a5ae4327012e380eee15,spanbert,,"MaChAmp seq_bio CRF; public HOUSE+TECH only; not BIG; not common linear-head protocol. Rescored 2026-09-22: predict files keep token/skill/knowledge columns; task tags are column 1 (skills) or 2 (knowledge), not the last column. machamp_eval is MaChAmp's per-site span_f1 on the same predictions.",,,,native_skillspan_machamp_20ep_20260922,,0-1,,4213916,dev,completed,public_house_tech,knowledge,native,0.6309904153354633
18,,,,skillspan,,3570,test,sentence,span_f1_pooled_house_tech,runs/native/skillspan/spanbert/knowledge/6828303/result.json,96ca187d9f65452aac0fe64ed364b325063747f114d22a21d4c52cadd3f631e9,spanbert,,"MaChAmp seq_bio CRF; public HOUSE+TECH only; not BIG; not common linear-head protocol. Rescored 2026-09-22: predict files keep token/skill/knowledge columns; task tags are column 1 (skills) or 2 (knowledge), not the last column. machamp_eval is MaChAmp's per-site span_f1 on the same predictions.",,,,native_skillspan_machamp_20ep_20260922,,0-1,,6828303,dev,completed,public_house_tech,knowledge,native,0.6420878210439105
20,,,,skillspan,,3570,test,sentence,span_f1_pooled_house_tech,runs/native/skillspan/spanbert/knowledge/8749520/result.json,2af03c7f45e96f06d1ef0e1f18500340e828a0c62a89803936151a001ef0c0d2,spanbert,,"MaChAmp seq_bio CRF; public HOUSE+TECH only; not BIG; not common linear-head protocol. Rescored 2026-09-22: predict files keep token/skill/knowledge columns; task tags are column 1 (skills) or 2 (knowledge), not the last column. machamp_eval is MaChAmp's per-site span_f1 on the same predictions.",,,,native_skillspan_machamp_20ep_20260922,,0-1,,8749520,dev,completed,public_house_tech,knowledge,native,0.6392657621707901
20,,,,skillspan,,3570,test,sentence,span_f1_pooled_house_tech,runs/native/skillspan/spanbert/knowledge/9364029/result.json,43abe0ee6e08c15e514cdbb5eebc8ebb135c2179fb1a6a7ac3371a7a71e50e43,spanbert,,"MaChAmp seq_bio CRF; public HOUSE+TECH only; not BIG; not common linear-head protocol. Rescored 2026-09-22: predict files keep token/skill/knowledge columns; task tags are column 1 (skills) or 2 (knowledge), not the last column. machamp_eval is MaChAmp's per-site span_f1 on the same predictions.",,,,native_skillspan_machamp_20ep_20260922,,0-1,,9364029,dev,completed,public_house_tech,knowledge,native,0.6251497005988024
19,,,,skillspan,,3570,test,sentence,span_f1_pooled_house_tech,runs/native/skillspan/spanbert/skills/3477689/result.json,d8f1ff3756ffeaff76c4357026d85d663a5488241f22971519775d3b908375cf,spanbert,,"MaChAmp seq_bio CRF; public HOUSE+TECH only; not BIG; not common linear-head protocol. Rescored 2026-09-22: predict files keep token/skill/knowledge columns; task tags are column 1 (skills) or 2 (knowledge), not the last column. machamp_eval is MaChAmp's per-site span_f1 on the same predictions.",,,,native_skillspan_machamp_20ep_20260922,,0-1,,3477689,dev,completed,public_house_tech,skills,native,0.5126522961574508
16,,,,skillspan,,3570,test,sentence,span_f1_pooled_house_tech,runs/native/skillspan/spanbert/skills/4213916/result.json,cfced88110c8d322b12f0f6423318bcbf40fe51ceeb40d9ec9409e89a13f9f4a,spanbert,,"MaChAmp seq_bio CRF; public HOUSE+TECH only; not BIG; not common linear-head protocol. Rescored 2026-09-22: predict files keep token/skill/knowledge columns; task tags are column 1 (skills) or 2 (knowledge), not the last column. machamp_eval is MaChAmp's per-site span_f1 on the same predictions.",,,,native_skillspan_machamp_20ep_20260922,,0-1,,4213916,dev,completed,public_house_tech,skills,native,0.523444976076555
8,,,,skillspan,,3570,test,sentence,span_f1_pooled_house_tech,runs/native/skillspan/spanbert/skills/6828303/result.json,47c7e5d4713f4d61b630c69c6a3d237e3102afbcf1138cb54bce1ceaeafd92da,spanbert,,"MaChAmp seq_bio CRF; public HOUSE+TECH only; not BIG; not common linear-head protocol. Rescored 2026-09-22: predict files keep token/skill/knowledge columns; task tags are column 1 (skills) or 2 (knowledge), not the last column. machamp_eval is MaChAmp's per-site span_f1 on the same predictions.",,,,native_skillspan_machamp_20ep_20260922,,0-1,,6828303,dev,completed,public_house_tech,skills,native,0.4918815663801337
19,,,,skillspan,,3570,test,sentence,span_f1_pooled_house_tech,runs/native/skillspan/spanbert/skills/8749520/result.json,de6d960921d0da39bbbd5699dcb62c6956124cfa1f9ef1b954efc142a482a254,spanbert,,"MaChAmp seq_bio CRF; public HOUSE+TECH only; not BIG; not common linear-head protocol. Rescored 2026-09-22: predict files keep token/skill/knowledge columns; task tags are column 1 (skills) or 2 (knowledge), not the last column. machamp_eval is MaChAmp's per-site span_f1 on the same predictions.",,,,native_skillspan_machamp_20ep_20260922,,0-1,,8749520,dev,completed,public_house_tech,skills,native,0.5124823363165332
20,,,,skillspan,,3570,test,sentence,span_f1_pooled_house_tech,runs/native/skillspan/spanbert/skills/9364029/result.json,de828fdb4d46c441af084c3dfbefa1a08292778b649d79b982948c39a5cc6979,spanbert,,"MaChAmp seq_bio CRF; public HOUSE+TECH only; not BIG; not common linear-head protocol. Rescored 2026-09-22: predict files keep token/skill/knowledge columns; task tags are column 1 (skills) or 2 (knowledge), not the last column. machamp_eval is MaChAmp's per-site span_f1 on the same predictions.",,,,native_skillspan_machamp_20ep_20260922,,0-1,,9364029,dev,completed,public_house_tech,skills,native,0.5146705146705147
5,,,,gnehm,,2557,test,sentence,span_f1,runs/native/gnehm_ict/escoxlmr/276800/result.json,92f78a23ff3f8022ff90e29b5bae5031390f07b9816d9cda5eb81d0c4ecfa6a3,escoxlmr,,Public ICT CoNLL only. Not Gnehm 2022 EDU/EXP/LNG. jobBERT-de uses SkillSpan MaChAmp 20-epoch template; ESCOXLM-R uses original 5-epoch Gnehm config.,,,,native_gnehm_escoxlmr_machamp_5ep_20260922,,0-1,,276800,dev,completed,public_ict,ict_span,native,0.8907801418439716
5,,,,gnehm,,2557,test,sentence,span_f1,runs/native/gnehm_ict/escoxlmr/381552/result.json,11525d4a8f0ad93890382892d1909637da58dc8530c4e877a28847fb7e0388fd,escoxlmr,,Public ICT CoNLL only. Not Gnehm 2022 EDU/EXP/LNG. jobBERT-de uses SkillSpan MaChAmp 20-epoch template; ESCOXLM-R uses original 5-epoch Gnehm config.,,,,native_gnehm_escoxlmr_machamp_5ep_20260922,,0-1,,381552,dev,completed,public_ict,ict_span,native,0.8847441415590627
5,,,,gnehm,,2557,test,sentence,span_f1,runs/native/gnehm_ict/escoxlmr/497646/result.json,d551f7db1e46bfa8270583fc199d7d4b90b23ded4437b3c034e481eaf367d440,escoxlmr,,Public ICT CoNLL only. Not Gnehm 2022 EDU/EXP/LNG. jobBERT-de uses SkillSpan MaChAmp 20-epoch template; ESCOXLM-R uses original 5-epoch Gnehm config.,,,,native_gnehm_escoxlmr_machamp_5ep_20260922,,0-1,,497646,dev,completed,public_ict,ict_span,native,0.8918532634587899
5,,,,gnehm,,2557,test,sentence,span_f1,runs/native/gnehm_ict/escoxlmr/624189/result.json,95e268e882eba564ee50adbc27a1583394d837a04795a39183ed6cf4b7718989,escoxlmr,,Public ICT CoNLL only. Not Gnehm 2022 EDU/EXP/LNG. jobBERT-de uses SkillSpan MaChAmp 20-epoch template; ESCOXLM-R uses original 5-epoch Gnehm config.,,,,native_gnehm_escoxlmr_machamp_5ep_20260922,,0-1,,624189,dev,completed,public_ict,ict_span,native,0.8906844106463878
5,,,,gnehm,,2557,test,sentence,span_f1,runs/native/gnehm_ict/escoxlmr/884832/result.json,4c29612a44a7e25f6141bbd6a5a4e3bfdc5de8b159fcf782787c7aa490d87197,escoxlmr,,Public ICT CoNLL only. Not Gnehm 2022 EDU/EXP/LNG. jobBERT-de uses SkillSpan MaChAmp 20-epoch template; ESCOXLM-R uses original 5-epoch Gnehm config.,,,,native_gnehm_escoxlmr_machamp_5ep_20260922,,0-1,,884832,dev,completed,public_ict,ict_span,native,0.8974113135186961
13,,,,gnehm,,2557,test,sentence,span_f1,runs/native/gnehm_ict/jobbert-de/276800/result.json,bd897e1f5c509517307580bfd86c4afcfa6b3ae96f2d1b796a53f68c83462102,jobbert-de,,Public ICT CoNLL only. Not Gnehm 2022 EDU/EXP/LNG. jobBERT-de uses SkillSpan MaChAmp 20-epoch template; ESCOXLM-R uses original 5-epoch Gnehm config.,,,,native_gnehm_jobbert_de_machamp_20ep_20260922,,0-1,,276800,dev,completed,public_ict,ict_span,native,0.8691902252036416
19,,,,gnehm,,2557,test,sentence,span_f1,runs/native/gnehm_ict/jobbert-de/381552/result.json,cec897d7cd23c941704098d3f7f779ab058fafb68b7696bc53bcc2e9c5cfc2b5,jobbert-de,,Public ICT CoNLL only. Not Gnehm 2022 EDU/EXP/LNG. jobBERT-de uses SkillSpan MaChAmp 20-epoch template; ESCOXLM-R uses original 5-epoch Gnehm config.,,,,native_gnehm_jobbert_de_machamp_20ep_20260922,,0-1,,381552,dev,completed,public_ict,ict_span,native,0.8964525407478428
19,,,,gnehm,,2557,test,sentence,span_f1,runs/native/gnehm_ict/jobbert-de/497646/result.json,ba91546d5faa5cf21bd4b853c3b68102653e3428ba40feb30fe9b9aab09f29a2,jobbert-de,,Public ICT CoNLL only. Not Gnehm 2022 EDU/EXP/LNG. jobBERT-de uses SkillSpan MaChAmp 20-epoch template; ESCOXLM-R uses original 5-epoch Gnehm config.,,,,native_gnehm_jobbert_de_machamp_20ep_20260922,,0-1,,497646,dev,completed,public_ict,ict_span,native,0.8868648130393096
17,,,,gnehm,,2557,test,sentence,span_f1,runs/native/gnehm_ict/jobbert-de/624189/result.json,8b37afe35897df6b46b9d7c7abaf421896f4e3f74ab49b70e06f1fba6340bca7,jobbert-de,,Public ICT CoNLL only. Not Gnehm 2022 EDU/EXP/LNG. jobBERT-de uses SkillSpan MaChAmp 20-epoch template; ESCOXLM-R uses original 5-epoch Gnehm config.,,,,native_gnehm_jobbert_de_machamp_20ep_20260922,,0-1,,624189,dev,completed,public_ict,ict_span,native,0.8865384615384615
17,,,,gnehm,,2557,test,sentence,span_f1,runs/native/gnehm_ict/jobbert-de/884832/result.json,b6e265a34e85c8be047dd010368163b460b648bab57ef86457b489fe1575e968,jobbert-de,,Public ICT CoNLL only. Not Gnehm 2022 EDU/EXP/LNG. jobBERT-de uses SkillSpan MaChAmp 20-epoch template; ESCOXLM-R uses original 5-epoch Gnehm config.,,,,native_gnehm_jobbert_de_machamp_20ep_20260922,,0-1,,884832,dev,completed,public_ict,ict_span,native,0.8856193640246797
