model,seed,metric,type,tp,fp,fn,precision,recall,f1,reference_spans
qwen_no_adapter,single,typed_exact,all,186,181,477,0.5068119891008175,0.28054298642533937,0.3611650485436893,663
qwen_no_adapter,single,typed_relaxed,all,242,125,421,0.659400544959128,0.3650075414781297,0.4699029126213592,663
qwen_no_adapter,single,boundary_exact,all,213,154,450,0.5803814713896458,0.3212669683257919,0.4135922330097088,663
qwen_no_adapter,single,typed_exact,L,0,1,2,0.0,0.0,0.0,2
qwen_no_adapter,single,typed_relaxed,L,1,0,1,1.0,0.5,0.6666666666666666,2
qwen_no_adapter,single,typed_exact,K,31,49,94,0.3875,0.248,0.30243902439024395,125
qwen_no_adapter,single,typed_relaxed,K,37,43,88,0.4625,0.296,0.36097560975609755,125
qwen_no_adapter,single,typed_exact,S,129,108,319,0.5443037974683544,0.28794642857142855,0.3766423357664233,448
qwen_no_adapter,single,typed_relaxed,S,171,66,277,0.7215189873417721,0.38169642857142855,0.49927007299270076,448
qwen_no_adapter,single,typed_exact,T,26,23,62,0.5306122448979592,0.29545454545454547,0.3795620437956204,88
qwen_no_adapter,single,typed_relaxed,T,33,16,55,0.673469387755102,0.375,0.48175182481751816,88
qwen_b2_lora,42,typed_exact,all,288,202,375,0.5877551020408164,0.4343891402714932,0.4995663486556808,663
qwen_b2_lora,42,typed_relaxed,all,360,130,303,0.7346938775510204,0.5429864253393665,0.6244579358196011,663
qwen_b2_lora,42,boundary_exact,all,304,186,359,0.6204081632653061,0.45852187028657615,0.5273200346921075,663
qwen_b2_lora,42,typed_exact,L,2,1,0,0.6666666666666666,1.0,0.8,2
qwen_b2_lora,42,typed_relaxed,L,2,1,0,0.6666666666666666,1.0,0.8,2
qwen_b2_lora,42,typed_exact,K,44,31,81,0.5866666666666667,0.352,0.43999999999999995,125
qwen_b2_lora,42,typed_relaxed,K,50,25,75,0.6666666666666666,0.4,0.5,125
qwen_b2_lora,42,typed_exact,S,186,141,262,0.5688073394495413,0.41517857142857145,0.48,448
qwen_b2_lora,42,typed_relaxed,S,240,87,208,0.7339449541284404,0.5357142857142857,0.6193548387096774,448
qwen_b2_lora,42,typed_exact,T,56,29,32,0.6588235294117647,0.6363636363636364,0.6473988439306358,88
qwen_b2_lora,42,typed_relaxed,T,68,17,20,0.8,0.7727272727272727,0.7861271676300577,88
qwen_b2_lora,43,typed_exact,all,336,194,327,0.6339622641509434,0.5067873303167421,0.5632858340318525,663
qwen_b2_lora,43,typed_relaxed,all,409,121,254,0.7716981132075472,0.6168929110105581,0.685666387259011,663
qwen_b2_lora,43,boundary_exact,all,356,174,307,0.6716981132075471,0.5369532428355958,0.5968147527242247,663
qwen_b2_lora,43,typed_exact,L,2,1,0,0.6666666666666666,1.0,0.8,2
qwen_b2_lora,43,typed_relaxed,L,2,1,0,0.6666666666666666,1.0,0.8,2
qwen_b2_lora,43,typed_exact,K,57,24,68,0.7037037037037037,0.456,0.5533980582524272,125
qwen_b2_lora,43,typed_relaxed,K,61,20,64,0.7530864197530864,0.488,0.5922330097087378,125
qwen_b2_lora,43,typed_exact,S,222,142,226,0.6098901098901099,0.4955357142857143,0.5467980295566502,448
qwen_b2_lora,43,typed_relaxed,S,280,84,168,0.7692307692307693,0.625,0.6896551724137931,448
qwen_b2_lora,43,typed_exact,T,55,27,33,0.6707317073170732,0.625,0.6470588235294118,88
qwen_b2_lora,43,typed_relaxed,T,66,16,22,0.8048780487804879,0.75,0.7764705882352942,88
qwen_b2_lora,44,typed_exact,all,331,192,332,0.6328871892925431,0.49924585218702866,0.5581787521079258,663
qwen_b2_lora,44,typed_relaxed,all,401,122,262,0.7667304015296367,0.6048265460030166,0.6762225969645868,663
qwen_b2_lora,44,boundary_exact,all,349,174,314,0.6673040152963671,0.526395173453997,0.5885328836424958,663
qwen_b2_lora,44,typed_exact,L,2,1,0,0.6666666666666666,1.0,0.8,2
qwen_b2_lora,44,typed_relaxed,L,2,1,0,0.6666666666666666,1.0,0.8,2
qwen_b2_lora,44,typed_exact,K,56,25,69,0.691358024691358,0.448,0.5436893203883495,125
qwen_b2_lora,44,typed_relaxed,K,60,21,65,0.7407407407407407,0.48,0.5825242718446602,125
qwen_b2_lora,44,typed_exact,S,222,140,226,0.6132596685082873,0.4955357142857143,0.5481481481481482,448
qwen_b2_lora,44,typed_relaxed,S,276,86,172,0.7624309392265194,0.6160714285714286,0.6814814814814816,448
qwen_b2_lora,44,typed_exact,T,51,26,37,0.6623376623376623,0.5795454545454546,0.6181818181818182,88
qwen_b2_lora,44,typed_relaxed,T,63,14,25,0.8181818181818182,0.7159090909090909,0.7636363636363637,88
xlm-roberta-large,42,typed_exact,all,295,223,368,0.5694980694980695,0.444947209653092,0.49957662997459773,663
xlm-roberta-large,42,typed_relaxed,all,370,148,293,0.7142857142857143,0.5580693815987934,0.6265876375952584,663
xlm-roberta-large,42,boundary_exact,all,326,192,337,0.6293436293436293,0.4917043740573152,0.5520745131244708,663
xlm-roberta-large,42,typed_exact,L,2,1,0,0.6666666666666666,1.0,0.8,2
xlm-roberta-large,42,typed_relaxed,L,2,1,0,0.6666666666666666,1.0,0.8,2
xlm-roberta-large,42,typed_exact,K,46,31,79,0.5974025974025974,0.368,0.45544554455445546,125
xlm-roberta-large,42,typed_relaxed,K,52,25,73,0.6753246753246753,0.416,0.5148514851485149,125
xlm-roberta-large,42,typed_exact,S,193,161,255,0.5451977401129944,0.43080357142857145,0.4812967581047382,448
xlm-roberta-large,42,typed_relaxed,S,249,105,199,0.7033898305084746,0.5558035714285714,0.6209476309226932,448
xlm-roberta-large,42,typed_exact,T,54,30,34,0.6428571428571429,0.6136363636363636,0.6279069767441862,88
xlm-roberta-large,42,typed_relaxed,T,67,17,21,0.7976190476190477,0.7613636363636364,0.7790697674418605,88
xlm-roberta-large,43,typed_exact,all,320,242,343,0.5693950177935944,0.48265460030165913,0.5224489795918368,663
xlm-roberta-large,43,typed_relaxed,all,401,161,262,0.7135231316725978,0.6048265460030166,0.6546938775510205,663
xlm-roberta-large,43,boundary_exact,all,347,215,316,0.6174377224199288,0.5233785822021116,0.5665306122448979,663
xlm-roberta-large,43,typed_exact,L,2,1,0,0.6666666666666666,1.0,0.8,2
xlm-roberta-large,43,typed_relaxed,L,2,1,0,0.6666666666666666,1.0,0.8,2
xlm-roberta-large,43,typed_exact,K,55,39,70,0.5851063829787234,0.44,0.502283105022831,125
xlm-roberta-large,43,typed_relaxed,K,63,31,62,0.6702127659574468,0.504,0.5753424657534247,125
xlm-roberta-large,43,typed_exact,S,210,172,238,0.5497382198952879,0.46875,0.5060240963855422,448
xlm-roberta-large,43,typed_relaxed,S,271,111,177,0.7094240837696335,0.6049107142857143,0.6530120481927711,448
xlm-roberta-large,43,typed_exact,T,53,30,35,0.6385542168674698,0.6022727272727273,0.6198830409356725,88
xlm-roberta-large,43,typed_relaxed,T,65,18,23,0.7831325301204819,0.7386363636363636,0.7602339181286549,88
xlm-roberta-large,44,typed_exact,all,336,235,327,0.5884413309982487,0.5067873303167421,0.5445705024311183,663
xlm-roberta-large,44,typed_relaxed,all,412,159,251,0.7215411558669002,0.6214177978883861,0.6677471636952999,663
xlm-roberta-large,44,boundary_exact,all,367,204,296,0.6427320490367776,0.5535444947209653,0.5948136142625607,663
xlm-roberta-large,44,typed_exact,L,2,1,0,0.6666666666666666,1.0,0.8,2
xlm-roberta-large,44,typed_relaxed,L,2,1,0,0.6666666666666666,1.0,0.8,2
xlm-roberta-large,44,typed_exact,K,57,34,68,0.6263736263736264,0.456,0.5277777777777778,125
xlm-roberta-large,44,typed_relaxed,K,64,27,61,0.7032967032967034,0.512,0.5925925925925926,125
xlm-roberta-large,44,typed_exact,S,222,169,226,0.5677749360613811,0.4955357142857143,0.529201430274136,448
xlm-roberta-large,44,typed_relaxed,S,278,113,170,0.710997442455243,0.6205357142857143,0.6626936829558998,448
xlm-roberta-large,44,typed_exact,T,55,31,33,0.6395348837209303,0.625,0.632183908045977,88
xlm-roberta-large,44,typed_relaxed,T,68,18,20,0.7906976744186046,0.7727272727272727,0.7816091954022988,88
esco-xlm-roberta-large,42,typed_exact,all,313,237,350,0.5690909090909091,0.4720965309200603,0.5160758450123661,663
esco-xlm-roberta-large,42,typed_relaxed,all,387,163,276,0.7036363636363636,0.583710407239819,0.6380873866446826,663
esco-xlm-roberta-large,42,boundary_exact,all,340,210,323,0.6181818181818182,0.5128205128205128,0.560593569661995,663
esco-xlm-roberta-large,42,typed_exact,L,2,1,0,0.6666666666666666,1.0,0.8,2
esco-xlm-roberta-large,42,typed_relaxed,L,2,1,0,0.6666666666666666,1.0,0.8,2
esco-xlm-roberta-large,42,typed_exact,K,57,28,68,0.6705882352941176,0.456,0.5428571428571428,125
esco-xlm-roberta-large,42,typed_relaxed,K,61,24,64,0.7176470588235294,0.488,0.5809523809523809,125
esco-xlm-roberta-large,42,typed_exact,S,201,177,247,0.5317460317460317,0.4486607142857143,0.48668280871670705,448
esco-xlm-roberta-large,42,typed_relaxed,S,257,121,191,0.6798941798941799,0.5736607142857143,0.62227602905569,448
esco-xlm-roberta-large,42,typed_exact,T,53,31,35,0.6309523809523809,0.6022727272727273,0.6162790697674418,88
esco-xlm-roberta-large,42,typed_relaxed,T,67,17,21,0.7976190476190477,0.7613636363636364,0.7790697674418605,88
esco-xlm-roberta-large,43,typed_exact,all,333,237,330,0.5842105263157895,0.502262443438914,0.5401459854014599,663
esco-xlm-roberta-large,43,typed_relaxed,all,411,159,252,0.7210526315789474,0.6199095022624435,0.6666666666666666,663
esco-xlm-roberta-large,43,boundary_exact,all,357,213,306,0.6263157894736842,0.5384615384615384,0.5790754257907542,663
esco-xlm-roberta-large,43,typed_exact,L,2,1,0,0.6666666666666666,1.0,0.8,2
esco-xlm-roberta-large,43,typed_relaxed,L,2,1,0,0.6666666666666666,1.0,0.8,2
esco-xlm-roberta-large,43,typed_exact,K,58,31,67,0.651685393258427,0.464,0.5420560747663552,125
esco-xlm-roberta-large,43,typed_relaxed,K,64,25,61,0.7191011235955056,0.512,0.5981308411214953,125
esco-xlm-roberta-large,43,typed_exact,S,220,176,228,0.5555555555555556,0.49107142857142855,0.5213270142180094,448
esco-xlm-roberta-large,43,typed_relaxed,S,280,116,168,0.7070707070707071,0.625,0.6635071090047393,448
esco-xlm-roberta-large,43,typed_exact,T,53,29,35,0.6463414634146342,0.6022727272727273,0.6235294117647059,88
esco-xlm-roberta-large,43,typed_relaxed,T,65,17,23,0.7926829268292683,0.7386363636363636,0.7647058823529412,88
esco-xlm-roberta-large,44,typed_exact,all,336,206,327,0.6199261992619927,0.5067873303167421,0.5576763485477179,663
esco-xlm-roberta-large,44,typed_relaxed,all,410,132,253,0.7564575645756457,0.6184012066365008,0.6804979253112033,663
esco-xlm-roberta-large,44,boundary_exact,all,366,176,297,0.6752767527675276,0.5520361990950227,0.6074688796680499,663
esco-xlm-roberta-large,44,typed_exact,L,2,1,0,0.6666666666666666,1.0,0.8,2
esco-xlm-roberta-large,44,typed_relaxed,L,2,1,0,0.6666666666666666,1.0,0.8,2
esco-xlm-roberta-large,44,typed_exact,K,55,29,70,0.6547619047619048,0.44,0.5263157894736843,125
esco-xlm-roberta-large,44,typed_relaxed,K,61,23,64,0.7261904761904762,0.488,0.5837320574162679,125
esco-xlm-roberta-large,44,typed_exact,S,225,153,223,0.5952380952380952,0.5022321428571429,0.5447941888619855,448
esco-xlm-roberta-large,44,typed_relaxed,S,282,96,166,0.746031746031746,0.6294642857142857,0.6828087167070218,448
esco-xlm-roberta-large,44,typed_exact,T,54,23,34,0.7012987012987013,0.6136363636363636,0.6545454545454544,88
esco-xlm-roberta-large,44,typed_relaxed,T,65,12,23,0.8441558441558441,0.7386363636363636,0.7878787878787878,88
